sending_institution,sending_course_code,sending_course_name,sending_credits,receiving_institution,receiving_course_code,receiving_course_name,credits_transferred,note,gen_ed_requirement,label,label_name,rule_applied
Berkshire,CIS 102,Fundamental Computer Literacy,4,Bridgewater,,Computer Elective,4,,-,1,partial_or_elective,Receiving course name is purely 'Elective' (no specific course match)
Berkshire,CIS 102,Fundamental Computer Literacy,4,Cape Cod,BST 110,Computer ApplicationsGeneral Education Elective; Formerly GIT 110.,3,Additional 1 credit of general elective credit may be awarded if necessary for degree completion.,-,1,partial_or_elective,Note mentions additional elective credit
Berkshire,CIS 102,Fundamental Computer Literacy,4,Cape Cod,GIT 110#(Replaced: 9/1/2022),Computer ApplicationsGeneral Education Elective.,3,Additional 1 credit of general elective credit may be awarded if necessary for degree completion.,-,1,partial_or_elective,Note mentions additional elective credit
Berkshire,CIS 102,Fundamental Computer Literacy,4,Cape Cod,GIT 110#(Replaced: 9/4/2018),Microcomputer Applications Software,3,Additional 1 credit of general elective credit may be awarded if necessary for degree completion.,-,1,partial_or_elective,Note mentions additional elective credit
Berkshire,CIS 102,Fundamental Computer Literacy,4,Fitchburg,CSC 1100,Computer Applications,3+1,,-,1,partial_or_elective,Credits transferred has '+' indicating split credit (e.g. 3+1)
Berkshire,CIS 102,Fundamental Computer Literacy,4,Framingham,CSCI 120,Introduction to Information TechnologyStudents cannot receive credit for both this course and 63.151 Personal Computer (PC) Fundamentals and Applications.,4,,-,2,direct_equivalent,Has a specific receiving course code and positive credits (default)
Berkshire,CIS 102,Fundamental Computer Literacy,4,MCLA,CCCL 100,Computing and Communication,4,,-,2,direct_equivalent,Has a specific receiving course code and positive credits (default)
Berkshire,CIS 102,Fundamental Computer Literacy,4,Middlesex,CAP 100,Computer Essentials,4,,-,2,direct_equivalent,Has a specific receiving course code and positive credits (default)
Berkshire,CIS 102,Fundamental Computer Literacy,4,Northern Essex,CIS 101,Computer for Beginners,3,,-,2,direct_equivalent,Has a specific receiving course code and positive credits (default)
Berkshire,CIS 102,Fundamental Computer Literacy,4,Quinsigamond,CIS 111,Introduction to Microcomputer Applications,3,,-,2,direct_equivalent,Has a specific receiving course code and positive credits (default)
Berkshire,CIS 102,Fundamental Computer Literacy,4,Salem,ITC 100,Computers and Their Uses,3,,-,2,direct_equivalent,Has a specific receiving course code and positive credits (default)
Berkshire,CIS 102,Fundamental Computer Literacy,4,Springfield Tech,CMP 106,Computer Basics: Concepts and Applications,3,,-,2,direct_equivalent,Has a specific receiving course code and positive credits (default)
Berkshire,CIS 102,Fundamental Computer Literacy,4,Springfield Tech,CMPA 160#(Replaced: ),Computer Basics: Concepts and Applications,3,,-,2,direct_equivalent,Has a specific receiving course code and positive credits (default)
Berkshire,CIS 102,Fundamental Computer Literacy,4,UMass Amherst,CMPSCI 105,Computer Literacy,4,,-,2,direct_equivalent,Has a specific receiving course code and positive credits (default)
Berkshire,CIS 102,Fundamental Computer Literacy,4,UMass Dartmouth,CIS 110,Computer Literacy,3,,-,2,direct_equivalent,Has a specific receiving course code and positive credits (default)
Berkshire,CIS 102,Fundamental Computer Literacy,4,Westfield,CAIS 0124#(Disc'd: 6/1/2024),The Personal Computer,4,,-,2,direct_equivalent,Has a specific receiving course code and positive credits (default)
Berkshire,CIS 102,Fundamental Computer Literacy,4,Worcester,CS 120,Microcomputer Applications,4,,-,2,direct_equivalent,Has a specific receiving course code and positive credits (default)
Berkshire,CIS 108,Computer Science Principles,3,Fitchburg,CSC 1002,Computational Thinking,3,,-,2,direct_equivalent,Has a specific receiving course code and positive credits (default)
Berkshire,CIS 108,Computer Science Principles,3,Middlesex,,Computer Science Elective,3,,-,1,partial_or_elective,Receiving course name contains 'elective' AND receiving course code is empty
Berkshire,CIS 110,IT Essentials,3,Bristol,CIT 121,Information Technology Fluency I,3,,-,2,direct_equivalent,Has a specific receiving course code and positive credits (default)
Berkshire,CIS 110#(Replaced: 7/1/2024),IT Essentials,4,Bristol,CIT 121,Information Technology Fluency I,3,,-,2,direct_equivalent,Has a specific receiving course code and positive credits (default)
Berkshire,CIS 110,IT Essentials,3,Fitchburg,,Computer Science Elective,3,,-,1,partial_or_elective,Receiving course name contains 'elective' AND receiving course code is empty
Berkshire,CIS 110#(Replaced: 7/1/2024),IT Essentials,4,Fitchburg,,Computer Science Elective,3,,-,1,partial_or_elective,Receiving course name contains 'elective' AND receiving course code is empty
Berkshire,CIS 110,IT Essentials,3,Middlesex,,Computer Science Elective,3,,-,1,partial_or_elective,Receiving course name contains 'elective' AND receiving course code is empty
Berkshire,CIS 110#(Replaced: 7/1/2024),IT Essentials,4,Middlesex,,Computer Science Elective,3,,-,1,partial_or_elective,Receiving course name contains 'elective' AND receiving course code is empty
Berkshire,CIS 110,IT Essentials,3,Middlesex,,Information Technology Elective,3,,-,1,partial_or_elective,Receiving course name contains 'elective' AND receiving course code is empty
Berkshire,CIS 110#(Replaced: 7/1/2024),IT Essentials,4,Middlesex,,Information Technology Elective,3,,-,1,partial_or_elective,Receiving course name contains 'elective' AND receiving course code is empty
Berkshire,CIS 110,IT Essentials,3,Quinsigamond,CIS 105,Introduction to Information Technology,3,,-,2,direct_equivalent,Has a specific receiving course code and positive credits (default)
Berkshire,CIS 110#(Replaced: 7/1/2024),IT Essentials,4,Quinsigamond,CIS 105,Introduction to Information Technology,3,,-,2,direct_equivalent,Has a specific receiving course code and positive credits (default)
Berkshire,CIS 110,IT Essentials,3,UMass Dartmouth,,Computer Information Systems Elective,4*,,-,1,partial_or_elective,Receiving course name contains 'elective' AND receiving course code is empty
Berkshire,CIS 110#(Replaced: 7/1/2024),IT Essentials,4,UMass Dartmouth,,Computer Information Systems Elective,4,,-,1,partial_or_elective,Receiving course name contains 'elective' AND receiving course code is empty
Berkshire,CIS 110,IT Essentials,3,Worcester,,Free Elective,4*,,-,1,partial_or_elective,Receiving course name contains 'free elective' or 'general elective'
Berkshire,CIS 110#(Replaced: 7/1/2024),IT Essentials,4,Worcester,,Free Elective,4,,-,1,partial_or_elective,Receiving course name contains 'free elective' or 'general elective'
Berkshire,CIS 124,C++ Programming I,4,Bridgewater,COMP 101#(Replaced: ),Computer Science I,4,,-,2,direct_equivalent,Has a specific receiving course code and positive credits (default)
Berkshire,CIS 124,C++ Programming I,4,Bridgewater,COMP 151,Computer Science I,4,,-,2,direct_equivalent,Has a specific receiving course code and positive credits (default)
Berkshire,CIS 124,C++ Programming I,4,Bristol,CIS 155,Introduction to C++ Programming,3,,-,2,direct_equivalent,Has a specific receiving course code and positive credits (default)
Berkshire,CIS 124,C++ Programming I,4,Bunker Hill,CIT 237#(Replaced: 9/1/2020),C++ ProgrammingFor additional information and/or a course syllabus contact CITDepartment@bhcc.mass.edu.,4,,-,2,direct_equivalent,Has a specific receiving course code and positive credits (default)
Berkshire,CIS 124,C++ Programming I,4,Bunker Hill,CSC 237,C++ ProgrammingFor additional information and/or a course syllabus contact CITDepartment@bhcc.mass.edu.,4,,-,2,direct_equivalent,Has a specific receiving course code and positive credits (default)
Berkshire,CIS 124,C++ Programming I,4,Cape Cod,CSC 120,Computer Programming I: C++,4,,-,2,direct_equivalent,Has a specific receiving course code and positive credits (default)
Berkshire,CIS 124,C++ Programming I,4,Fitchburg,CSC 1500,Computer Science I,3+1,,-,1,partial_or_elective,Credits transferred has '+' indicating split credit (e.g. 3+1)
Berkshire,CIS 124,C++ Programming I,4,Framingham,,Computer Science Elective,4,,-,1,partial_or_elective,Receiving course name contains 'elective' AND receiving course code is empty
Berkshire,CIS 124,C++ Programming I,4,Greenfield,CIS 252#(Replaced: 9/1/2020),C++ Programming,3,,-,2,direct_equivalent,Has a specific receiving course code and positive credits (default)
Berkshire,CIS 124,C++ Programming I,4,Greenfield,CSC 252,C++ Programming,3,,-,2,direct_equivalent,Has a specific receiving course code and positive credits (default)
Berkshire,CIS 124,C++ Programming I,4,Massasoit,CTIM 371,Programming in C++,3,,-,2,direct_equivalent,Has a specific receiving course code and positive credits (default)
Berkshire,CIS 124,C++ Programming I,4,MassBay,CS 211,C++ Programming,4,,-,2,direct_equivalent,Has a specific receiving course code and positive credits (default)
Berkshire,CIS 124,C++ Programming I,4,MCLA,,Computer Science Elective,4,,-,1,partial_or_elective,Receiving course name contains 'elective' AND receiving course code is empty
Berkshire,CIS 124,C++ Programming I,4,Middlesex,CSC 151,Programming I,4,,-,2,direct_equivalent,Has a specific receiving course code and positive credits (default)
Berkshire,CIS 124,C++ Programming I,4,Northern Essex,CIS 240,C++ Programming Language,4,,-,2,direct_equivalent,Has a specific receiving course code and positive credits (default)
Berkshire,CIS 124,C++ Programming I,4,Quinsigamond,CIS 121,Introduction to Programming in C++,3,,-,2,direct_equivalent,Has a specific receiving course code and positive credits (default)
Berkshire,CIS 124,C++ Programming I,4,Salem,,Computer Science Elective,3,,-,1,partial_or_elective,Receiving course name contains 'elective' AND receiving course code is empty
Berkshire,CIS 124,C++ Programming I,4,Springfield Tech,CSC 101/101L,Computer Science 1 + Lab: Computer Science 1,3+1,,-,1,partial_or_elective,Credits transferred has '+' indicating split credit (e.g. 3+1)
Berkshire,CIS 124,C++ Programming I,4,UMass Amherst,,Major or general elective,4,,-,1,partial_or_elective,Receiving course name contains 'free elective' or 'general elective'
Berkshire,CIS 124,C++ Programming I,4,UMass Amherst,,major or elective credit,4,,-,1,partial_or_elective,Receiving course name contains 'elective' AND receiving course code is empty
Berkshire,CIS 124,C++ Programming I,4,UMass Dartmouth,,Computer Information Systems Elective,4,,-,1,partial_or_elective,Receiving course name contains 'elective' AND receiving course code is empty
Berkshire,CIS 124,C++ Programming I,4,UMass Lowell,,Computer Science 1000 Level Elective,3,,-,1,partial_or_elective,Receiving course name contains 'elective' AND receiving course code is empty
Berkshire,CIS 124,C++ Programming I,4,Westfield,,Elective,4,,-,1,partial_or_elective,Receiving course name is purely 'Elective' (no specific course match)
Berkshire,CIS 124,C++ Programming I,4,Worcester,,Computer Science Elective,4,,-,1,partial_or_elective,Receiving course name contains 'elective' AND receiving course code is empty
Berkshire,CIS 125,C++ Programming II,4,Bridgewater,COMP 152,Computer Science II,4,,-,2,direct_equivalent,Has a specific receiving course code and positive credits (default)
Berkshire,CIS 125,C++ Programming II,4,Bridgewater,COMP 152#(Replaced: 9/4/2019),Computer Science II,4,,-,2,direct_equivalent,Has a specific receiving course code and positive credits (default)
Berkshire,CIS 125#(Replaced: 7/1/2024),C++ Programming II,4,Bridgewater,COMP 152,Computer Science II,4,,-,2,direct_equivalent,Has a specific receiving course code and positive credits (default)
Berkshire,CIS 125#(Replaced: 7/1/2024),C++ Programming II,4,Bridgewater,COMP 152#(Replaced: 9/4/2019),Computer Science II,4,,-,2,direct_equivalent,Has a specific receiving course code and positive credits (default)
Berkshire,CIS 125,C++ Programming II,4,Bunker Hill,CIT 284#(Replaced: 9/1/2020),Advanced C++/OOP,3,,-,2,direct_equivalent,Has a specific receiving course code and positive credits (default)
Berkshire,CIS 125,C++ Programming II,4,Bunker Hill,CSC 284,Advanced C++/OOP,3,,-,2,direct_equivalent,Has a specific receiving course code and positive credits (default)
Berkshire,CIS 125,C++ Programming II,4,Fitchburg,CSC 1550,Computer Science II,4,,-,2,direct_equivalent,Has a specific receiving course code and positive credits (default)
Berkshire,CIS 125,C++ Programming II,4,Framingham,,Computer Science Elective,4,,-,1,partial_or_elective,Receiving course name contains 'elective' AND receiving course code is empty
Berkshire,CIS 125,C++ Programming II,4,Massasoit,CTIM 372,Advanced Programming in C++,3,,-,2,direct_equivalent,Has a specific receiving course code and positive credits (default)
Berkshire,CIS 125,C++ Programming II,4,MCLA,CSCI 330,Programming in C++,4,,-,2,direct_equivalent,Has a specific receiving course code and positive credits (default)
Berkshire,CIS 125,C++ Programming II,4,Middlesex,,Computer Science Elective,4,,-,1,partial_or_elective,Receiving course name contains 'elective' AND receiving course code is empty
Berkshire,CIS 125,C++ Programming II,4,Quinsigamond,CIS 225,Programming with C++ II,3,,-,2,direct_equivalent,Has a specific receiving course code and positive credits (default)
Berkshire,CIS 125,C++ Programming II,4,Salem,,Computer Science Elective,3,,-,1,partial_or_elective,Receiving course name contains 'elective' AND receiving course code is empty
Berkshire,CIS 125,C++ Programming II,4,UMass Amherst,,Major or general elective,4,,-,1,partial_or_elective,Receiving course name contains 'free elective' or 'general elective'
Berkshire,CIS 125,C++ Programming II,4,UMass Amherst,,major or elective credit,4,,-,1,partial_or_elective,Receiving course name contains 'elective' AND receiving course code is empty
Berkshire,CIS 125,C++ Programming II,4,UMass Dartmouth,CIS 190,Intro Procedural Program,4,,-,2,direct_equivalent,Has a specific receiving course code and positive credits (default)
Berkshire,CIS 125,C++ Programming II,4,Westfield,,Elective,4,,-,1,partial_or_elective,Receiving course name is purely 'Elective' (no specific course match)
Berkshire,CIS 125,C++ Programming II,4,Worcester,,Computer Science Elective,4,,-,1,partial_or_elective,Receiving course name contains 'elective' AND receiving course code is empty
Berkshire,CIS 145,Linux Essentials,3,Fitchburg,,Computer Science Elective,3,,-,1,partial_or_elective,Receiving course name contains 'elective' AND receiving course code is empty
Berkshire,CIS 145,Linux Essentials,3,Middlesex,CSC 156,Operating Systems Basic and Security,3,,-,2,direct_equivalent,Has a specific receiving course code and positive credits (default)
Berkshire,CIS 145,Linux Essentials,3,Middlesex,CSC 156#(Replaced: 9/1/2018),Operating Systems Basics and Security,3,,-,2,direct_equivalent,Has a specific receiving course code and positive credits (default)
Berkshire,CIS 148,Introduction to Scripting - Python,3,Fitchburg,CSC 1500,Computer Science I,3,,-,2,direct_equivalent,Has a specific receiving course code and positive credits (default)
Berkshire,CIS 148,Introduction to Scripting - Python,3,Middlesex,,Information Technology Elective,3,,-,1,partial_or_elective,Receiving course name contains 'elective' AND receiving course code is empty
Berkshire,CIS 155,Web Development,3,Bridgewater,,Computer Elective,3,,-,1,partial_or_elective,Receiving course name is purely 'Elective' (no specific course match)
Berkshire,CIS 155,Web Development,3,Bristol,CIS 162,Applications for Web Development,3,,-,2,direct_equivalent,Has a specific receiving course code and positive credits (default)
Berkshire,CIS 155,Web Development,3,Fitchburg,CSC 1150,Basics of Web Design,3,,-,2,direct_equivalent,Has a specific receiving course code and positive credits (default)
Berkshire,CIS 155,Web Development,3,Framingham,,Computer Science Elective,3,,-,1,partial_or_elective,Receiving course name contains 'elective' AND receiving course code is empty
Berkshire,CIS 155,Web Development,3,Greenfield,CIS 151,Web Site Design and DevelopmentSpecial Requirement: Students not currently engaged in daily computer use should consider taking CIS 140 Computer Applications and Concepts.,3,,-,2,direct_equivalent,Has a specific receiving course code and positive credits (default)
Berkshire,CIS 155,Web Development,3,Greenfield,CIS 151#(Replaced: 9/7/2022),Web Site Design and Development ISpecial Requirement: Students not currently engaged in daily computer use should consider taking CIS 140 Microcomputer Software Tools I.,3,,-,2,direct_equivalent,Has a specific receiving course code and positive credits (default)
Berkshire,CIS 155,Web Development,3,Greenfield,CIS 151#(Replaced: 9/1/2016),Web Site Development,3,,-,2,direct_equivalent,Has a specific receiving course code and positive credits (default)
Berkshire,CIS 155,Web Development,3,Holyoke,CSI 252,Introduction to Web Site Development,3,,-,2,direct_equivalent,Has a specific receiving course code and positive credits (default)
Berkshire,CIS 155,Web Development,3,MassBay,CS 241,Web Site Development,3,,-,2,direct_equivalent,Has a specific receiving course code and positive credits (default)
Berkshire,CIS 155,Web Development,3,MCLA,,Computer Science Elective,3,,-,1,partial_or_elective,Receiving course name contains 'elective' AND receiving course code is empty
Berkshire,CIS 155,Web Development,3,Middlesex,ITC 125,Introduction to Web Publishing,3,,-,2,direct_equivalent,Has a specific receiving course code and positive credits (default)
Berkshire,CIS 155,Web Development,3,Quinsigamond,CIS 134,Web Page Development I,3,,-,2,direct_equivalent,Has a specific receiving course code and positive credits (default)
Berkshire,CIS 155,Web Development,3,Roxbury,IST 150,Web Design Fluency,3,,-,2,direct_equivalent,Has a specific receiving course code and positive credits (default)
Berkshire,CIS 155,Web Development,3,Salem,,Computer Science Elective,3,,-,1,partial_or_elective,Receiving course name contains 'elective' AND receiving course code is empty
Berkshire,CIS 155,Web Development,3,Springfield Tech,CIT 140/140L,Web Authoring 1 + Lab: Web Authoring 1,3+1*,,-,1,partial_or_elective,Credits transferred has asterisk (conditional/variable transfer)
Berkshire,CIS 155,Web Development,3,UMass Amherst,,major or elective credit,3,,-,1,partial_or_elective,Receiving course name contains 'elective' AND receiving course code is empty
Berkshire,CIS 155,Web Development,3,UMass Dartmouth,CIS 120,Web Page Development,3,,-,2,direct_equivalent,Has a specific receiving course code and positive credits (default)
Berkshire,CIS 155,Web Development,3,Westfield,CAIS 0216#(Disc'd: 6/1/2024),Web-Based Application Development,3,,-,2,direct_equivalent,Has a specific receiving course code and positive credits (default)
Berkshire,CIS 155,Web Development,3,Worcester,,Computer Science Elective,3,,-,1,partial_or_elective,Receiving course name contains 'elective' AND receiving course code is empty
Berkshire,CIS 180,Introduction to Networks,4,Bristol,CIS 134,Networking Technologies,4,,-,2,direct_equivalent,Has a specific receiving course code and positive credits (default)
Berkshire,CIS 180,Introduction to Networks,4,Cape Cod,BIT 187#(Replaced: 9/1/2022),Introduction to Networks (Cisco 1),3,Additional 1 credit of general elective credit may be awarded if necessary for degree completion.,-,1,partial_or_elective,Note mentions additional elective credit
Berkshire,CIS 180,Introduction to Networks,4,Cape Cod,CIT 187,Introduction to Networks (Cisco 1)Formerly BIT 187.,3,Additional 1 credit of general elective credit may be awarded if necessary for degree completion.,-,1,partial_or_elective,Note mentions additional elective credit
Berkshire,CIS 180,Introduction to Networks,4,Fitchburg,CSC 3450,Local Area Networks,4,,-,2,direct_equivalent,Has a specific receiving course code and positive credits (default)
Berkshire,CIS 180,Introduction to Networks,4,Massasoit,CTIM 225,Introduction to Networking,3,,-,2,direct_equivalent,Has a specific receiving course code and positive credits (default)
Berkshire,CIS 180,Introduction to Networks,4,Massasoit,CTIM 331#(Replaced: ),Introduction to Networking,3,,-,2,direct_equivalent,Has a specific receiving course code and positive credits (default)
Berkshire,CIS 180,Introduction to Networks,4,MassBay,CS 242,Computer Networks,4,,-,2,direct_equivalent,Has a specific receiving course code and positive credits (default)
Berkshire,CIS 180,Introduction to Networks,4,Middlesex,NST 181,Networking I,4,,-,2,direct_equivalent,Has a specific receiving course code and positive credits (default)
Berkshire,CIS 180,Introduction to Networks,4,Mount Wachusett,CIS 140,Introduction to NetworkingThis course is offered in the Fall.,3,,-,2,direct_equivalent,Has a specific receiving course code and positive credits (default)
Berkshire,CIS 180,Introduction to Networks,4,Mount Wachusett,CIS 140#(Replaced: 6/1/2025),Microcomputer Networking Applications,3,,-,2,direct_equivalent,Has a specific receiving course code and positive credits (default)
Berkshire,CIS 180,Introduction to Networks,4,North Shore,CPS 134,Introduction to Computer Networks,2,,-,2,direct_equivalent,Has a specific receiving course code and positive credits (default)
Berkshire,CIS 180,Introduction to Networks,4,Quinsigamond,CSC 234,"Networking TechnologiesThree hours lecture, three hours laboratory.",4,,-,2,direct_equivalent,Has a specific receiving course code and positive credits (default)
Berkshire,CIS 180,Introduction to Networks,4,Roxbury,IST 140,Introduction to Networking,3,,-,2,direct_equivalent,Has a specific receiving course code and positive credits (default)
Berkshire,CIS 180,Introduction to Networks,4,Springfield Tech,CIT 160,Networks 1,3,,-,2,direct_equivalent,Has a specific receiving course code and positive credits (default)
Berkshire,CIS 180,Introduction to Networks,4,UMass Amherst,,major or elective credit,4,,-,1,partial_or_elective,Receiving course name contains 'elective' AND receiving course code is empty
Berkshire,CIS 180,Introduction to Networks,4,UMass Dartmouth,,Free Elective,4,,-,1,partial_or_elective,Receiving course name contains 'free elective' or 'general elective'
Berkshire,CIS 180,Introduction to Networks,4,Worcester,CS 155,Computer Networking and Security,4,,-,2,direct_equivalent,Has a specific receiving course code and positive credits (default)
Berkshire,CIS 180,Introduction to Networks,4,Worcester,CS 155#(Replaced: 9/1/2019),"Computer Networking, Security and Databases",4,,-,2,direct_equivalent,Has a specific receiving course code and positive credits (default)
Berkshire,CIS 181,Routing and Switching Essentials,4,Bridgewater,,Computer Elective,4,,-,1,partial_or_elective,Receiving course name is purely 'Elective' (no specific course match)
Berkshire,CIS 181,Routing and Switching Essentials,4,Cape Cod,BIT 248#(Replaced: 9/4/2018),Routing and Switching Essentials (Cisco 2),4,,-,2,direct_equivalent,Has a specific receiving course code and positive credits (default)
Berkshire,CIS 181,Routing and Switching Essentials,4,Cape Cod,BIT 248#(Replaced: 9/1/2022),"Switching, Routing and Wireless Essentials (Cisco 2)",4,,-,2,direct_equivalent,Has a specific receiving course code and positive credits (default)
Berkshire,CIS 181,Routing and Switching Essentials,4,Cape Cod,CIT 248/248L,"Switching, Routing and Wireless Essentials (Cisco 2)Formerly BIT 248.",4,,-,2,direct_equivalent,Has a specific receiving course code and positive credits (default)
Berkshire,CIS 181,Routing and Switching Essentials,4,Fitchburg,,Computer Science Elective,4,,-,1,partial_or_elective,Receiving course name contains 'elective' AND receiving course code is empty
Berkshire,CIS 181,Routing and Switching Essentials,4,Framingham,,Computer Science Elective,4,,-,1,partial_or_elective,Receiving course name contains 'elective' AND receiving course code is empty
Berkshire,CIS 181,Routing and Switching Essentials,4,MCLA,,Computer Science Elective,4,,-,1,partial_or_elective,Receiving course name contains 'elective' AND receiving course code is empty
Berkshire,CIS 181,Routing and Switching Essentials,4,Middlesex,NST 231,Networking II,4,,-,2,direct_equivalent,Has a specific receiving course code and positive credits (default)
Berkshire,CIS 181,Routing and Switching Essentials,4,Quinsigamond,CST 240,"Routing TechnologiesTwo hours lecture, three hours laboratory.",3,,-,2,direct_equivalent,Has a specific receiving course code and positive credits (default)
Berkshire,CIS 181,Routing and Switching Essentials,4,Roxbury,IST 143,Routing Protocols and Concepts,4,,-,2,direct_equivalent,Has a specific receiving course code and positive credits (default)
Berkshire,CIS 181,Routing and Switching Essentials,4,Salem,,Computer Science Elective,3,,-,1,partial_or_elective,Receiving course name contains 'elective' AND receiving course code is empty
Berkshire,CIS 181,Routing and Switching Essentials,4,UMass Amherst,,Not transferable,,,-,0,not_transferable,Receiving course name indicates not transferable
Berkshire,CIS 181,Routing and Switching Essentials,4,UMass Dartmouth,,Free Elective,4,,-,1,partial_or_elective,Receiving course name contains 'free elective' or 'general elective'
Berkshire,CIS 181,Routing and Switching Essentials,4,Westfield,,Elective,4,,-,1,partial_or_elective,Receiving course name is purely 'Elective' (no specific course match)
Berkshire,CIS 181,Routing and Switching Essentials,4,Worcester,,Free Elective,4,,-,1,partial_or_elective,Receiving course name contains 'free elective' or 'general elective'
Berkshire,CIS 203,Systems Design,3,Bridgewater,,Computer Elective,3,,-,1,partial_or_elective,Receiving course name is purely 'Elective' (no specific course match)
Berkshire,CIS 203,Systems Design,3,Fitchburg,,Computer Science Elective,3,,-,1,partial_or_elective,Receiving course name contains 'elective' AND receiving course code is empty
Berkshire,CIS 203,Systems Design,3,Framingham,,Computer Science Elective,3,,-,1,partial_or_elective,Receiving course name contains 'elective' AND receiving course code is empty
Berkshire,CIS 203,Systems Design,3,MCLA,CSCI 252,Systems Development,3,,-,2,direct_equivalent,Has a specific receiving course code and positive credits (default)
Berkshire,CIS 203,Systems Design,3,Middlesex,,Computer Science Elective,3,,-,1,partial_or_elective,Receiving course name contains 'elective' AND receiving course code is empty
Berkshire,CIS 203,Systems Design,3,Salem,,Computer Science Elective,3,,-,1,partial_or_elective,Receiving course name contains 'elective' AND receiving course code is empty
Berkshire,CIS 203,Systems Design,3,UMass Amherst,,major or elective credit,3,,-,1,partial_or_elective,Receiving course name contains 'elective' AND receiving course code is empty
Berkshire,CIS 203,Systems Design,3,UMass Dartmouth,CIS 272,Intro to Computing Systems,4*,,-,1,partial_or_elective,Credits transferred has asterisk (conditional/variable transfer)
Berkshire,CIS 203,Systems Design,3,Westfield,,Elective,3,,-,1,partial_or_elective,Receiving course name is purely 'Elective' (no specific course match)
Berkshire,CIS 203,Systems Design,3,Worcester,,Free Elective,3,,-,1,partial_or_elective,Receiving course name contains 'free elective' or 'general elective'
Berkshire,CIS 211,Data Structures,4,Bridgewater,COMP 250,Data Structures and Algorithms,4,,-,2,direct_equivalent,Has a specific receiving course code and positive credits (default)
Berkshire,CIS 211,Data Structures,4,Bridgewater,COMP 330#(Replaced: 9/1/2017),Data Structures and Algorithms,4,,-,2,direct_equivalent,Has a specific receiving course code and positive credits (default)
Berkshire,CIS 211,Data Structures,4,Bunker Hill,CIT 242#(Replaced: 9/1/2020),Data StructuresFor additional information and/or a course syllabus contact CITDepartment@bhcc.mass.edu.,3,,-,2,direct_equivalent,Has a specific receiving course code and positive credits (default)
Berkshire,CIS 211,Data Structures,4,Bunker Hill,CSC 242,Data StructuresFor additional information and/or a course syllabus contact CITDepartment@bhcc.mass.edu.,3,,-,2,direct_equivalent,Has a specific receiving course code and positive credits (default)
Berkshire,CIS 211,Data Structures,4,Cape Cod,CSC 230,Data Structures,4,,-,2,direct_equivalent,Has a specific receiving course code and positive credits (default)
Berkshire,CIS 211,Data Structures,4,Fitchburg,CSC 3700,Algorithms and Data Structures,3+1,,-,1,partial_or_elective,Credits transferred has '+' indicating split credit (e.g. 3+1)
Berkshire,CIS 211,Data Structures,4,Framingham,,Computer Science Elective,4,,-,1,partial_or_elective,Receiving course name contains 'elective' AND receiving course code is empty
Berkshire,CIS 211,Data Structures,4,Greenfield,CIS 254#(Replaced: 9/1/2020),Data Structures and Algorithms,4,,-,2,direct_equivalent,Has a specific receiving course code and positive credits (default)
Berkshire,CIS 211,Data Structures,4,Greenfield,CSC 254,Data StructuresStudents may receive credit for CSC 254 or CIS 254 but not for both.,4,,-,2,direct_equivalent,Has a specific receiving course code and positive credits (default)
Berkshire,CIS 211,Data Structures,4,MassBay,CS 208,Data Structures,4,,-,2,direct_equivalent,Has a specific receiving course code and positive credits (default)
Berkshire,CIS 211,Data Structures,4,MCLA,,Computer Science Elective,4,,-,1,partial_or_elective,Receiving course name contains 'elective' AND receiving course code is empty
Berkshire,CIS 211,Data Structures,4,Middlesex,CSC 257#(Replaced: ),Data Structures,4,,-,2,direct_equivalent,Has a specific receiving course code and positive credits (default)
Berkshire,CIS 211,Data Structures,4,Middlesex,CSC 258,Data Structures,4,,-,2,direct_equivalent,Has a specific receiving course code and positive credits (default)
Berkshire,CIS 211,Data Structures,4,North Shore,CPS 203,Data Structures,4,,-,2,direct_equivalent,Has a specific receiving course code and positive credits (default)
Berkshire,CIS 211,Data Structures,4,Quinsigamond,CSC  211#(Replaced: 9/1/2024),Programming with Data Structure,4,,-,2,direct_equivalent,Has a specific receiving course code and positive credits (default)
Berkshire,CIS 211,Data Structures,4,Quinsigamond,CSC 211#(Replaced: 9/1/2017),Programming and Data Structures,4,,-,2,direct_equivalent,Has a specific receiving course code and positive credits (default)
Berkshire,CIS 211,Data Structures,4,Quinsigamond,CSC 211,Programming with Data Structure,4,,-,2,direct_equivalent,Has a specific receiving course code and positive credits (default)
Berkshire,CIS 211,Data Structures,4,Roxbury,IST 281,Data Structures and Algorithms,3,,-,2,direct_equivalent,Has a specific receiving course code and positive credits (default)
Berkshire,CIS 211,Data Structures,4,Salem,CSC 260,Data Structures and Algorithms,4,,-,2,direct_equivalent,Has a specific receiving course code and positive credits (default)
Berkshire,CIS 211,Data Structures,4,Springfield Tech,CSC 220/220L,Data Structures and Algorithms + Lab: Data Structures and Algorithms,3+1,,-,1,partial_or_elective,Credits transferred has '+' indicating split credit (e.g. 3+1)
Berkshire,CIS 211,Data Structures,4,UMass Amherst,,Major or general elective,4,,-,1,partial_or_elective,Receiving course name contains 'free elective' or 'general elective'
Berkshire,CIS 211,Data Structures,4,UMass Dartmouth,,Computer Information Systems Elective,4,,-,1,partial_or_elective,Receiving course name contains 'elective' AND receiving course code is empty
Berkshire,CIS 211,Data Structures,4,UMass Lowell,COMP 1020,Computing II,3,,-,2,direct_equivalent,Has a specific receiving course code and positive credits (default)
Berkshire,CIS 211,Data Structures,4,UMass Lowell,COMP 1020/1040L,Computing II + Computing II Lab,4,,-,2,direct_equivalent,Has a specific receiving course code and positive credits (default)
Berkshire,CIS 211,Data Structures,4,Westfield,CAIS 0230,Data Structures/Algorithm Analysis,4,,-,2,direct_equivalent,Has a specific receiving course code and positive credits (default)
Berkshire,CIS 211,Data Structures,4,Worcester,,Computer Science Elective,4,,-,1,partial_or_elective,Receiving course name contains 'elective' AND receiving course code is empty
Berkshire,CIS 225#(Disc'd: 3/16/2026),Spreadsheets and DB's for Professionals,4,Bridgewater,COMP 105,Computers and Their Applications: An Introduction,4,,-,2,direct_equivalent,Has a specific receiving course code and positive credits (default)
Berkshire,CIS 225#(Disc'd: 3/16/2026),Spreadsheets and DB's for Professionals,4,Fitchburg,BSAD 1700,Introduction to Computer Information Systems for Business,4,,-,2,direct_equivalent,Has a specific receiving course code and positive credits (default)
Berkshire,CIS 225#(Disc'd: 3/16/2026),Spreadsheets and DB's for Professionals,4,Framingham,BUIS 200,Introduction to Business SystemsStudents may not receive credit for both BUIS 200 Introduction to Business Systems and 12.208 Microcomputer Applications in Business.,4,,-,2,direct_equivalent,Has a specific receiving course code and positive credits (default)
Berkshire,CIS 225#(Disc'd: 3/16/2026),Spreadsheets and DB's for Professionals,4,Holyoke,BUS 215,Spreadsheets,3,,-,2,direct_equivalent,Has a specific receiving course code and positive credits (default)
Berkshire,CIS 225#(Disc'd: 3/16/2026),Spreadsheets and DB's for Professionals,4,MCLA,BADM 110#(Replaced: 1/1/2021),Information Technology for Business,4,,-,2,direct_equivalent,Has a specific receiving course code and positive credits (default)
Berkshire,CIS 225#(Disc'd: 3/16/2026),Spreadsheets and DB's for Professionals,4,MCLA,BADM 210,Information Technology for Business,4,,-,2,direct_equivalent,Has a specific receiving course code and positive credits (default)
Berkshire,CIS 225#(Disc'd: 3/16/2026),Spreadsheets and DB's for Professionals,4,Middlesex,CAP 155,Spreadsheet Applications,4,,-,2,direct_equivalent,Has a specific receiving course code and positive credits (default)
Berkshire,CIS 225#(Disc'd: 3/16/2026),Spreadsheets and DB's for Professionals,4,Mount Wachusett,CIS 121,Spreadsheet Applications,3,,-,2,direct_equivalent,Has a specific receiving course code and positive credits (default)
Berkshire,CIS 225#(Disc'd: 3/16/2026),Spreadsheets and DB's for Professionals,4,Salem,ITC 241,Spreadsheet Applications in the Professions,4,,-,2,direct_equivalent,Has a specific receiving course code and positive credits (default)
Berkshire,CIS 225#(Disc'd: 3/16/2026),Spreadsheets and DB's for Professionals,4,UMass Amherst,OIM 210,Introduction to Business Information Systems,4,,-,2,direct_equivalent,Has a specific receiving course code and positive credits (default)
Berkshire,CIS 225#(Disc'd: 3/16/2026),Spreadsheets and DB's for Professionals,4,UMass Boston,MSIS 110,Introduction to Computer and Information Systems,4,,-,2,direct_equivalent,Has a specific receiving course code and positive credits (default)
Berkshire,CIS 225#(Disc'd: 3/16/2026),Spreadsheets and DB's for Professionals,4,UMass Dartmouth,MIS 101,The Business Organization,4,,-,2,direct_equivalent,Has a specific receiving course code and positive credits (default)
Berkshire,CIS 225#(Disc'd: 3/16/2026),Spreadsheets and DB's for Professionals,4,Worcester,CS 120,Microcomputer Applications,4,,-,2,direct_equivalent,Has a specific receiving course code and positive credits (default)
Berkshire,CIS 228#(Disc'd: 3/16/2026),Database Design,4,Fitchburg,CSC 3011,Data Modeling and Database Design,4,,-,2,direct_equivalent,Has a specific receiving course code and positive credits (default)
Berkshire,CIS 228#(Disc'd: 3/16/2026),Database Design,4,Middlesex,,Information Technology Elective,4,,-,1,partial_or_elective,Receiving course name contains 'elective' AND receiving course code is empty
Berkshire,CIS 231,Computer Science I with Java,4,Bridgewater,,Computer Elective,4,,-,1,partial_or_elective,Receiving course name is purely 'Elective' (no specific course match)
Berkshire,CIS 231,Computer Science I with Java,4,Bristol,CIS 157,Object-Oriented JAVA Programming I,4,,-,2,direct_equivalent,Has a specific receiving course code and positive credits (default)
Berkshire,CIS 231,Computer Science I with Java,4,Bunker Hill,CIT 239#(Replaced: 9/1/2020),Java ProgrammingFor additional information and/or a course syllabus contact CITDepartment@bhcc.mass.edu.,4,,-,2,direct_equivalent,Has a specific receiving course code and positive credits (default)
Berkshire,CIS 231,Computer Science I with Java,4,Bunker Hill,CSC 239,Java ProgrammingFor additional information and/or a course syllabus contact CITDepartment@bhcc.mass.edu.,4,,-,2,direct_equivalent,Has a specific receiving course code and positive credits (default)
Berkshire,CIS 231,Computer Science I with Java,4,Cape Cod,CSC 110,Computer Programming I: Java,3,,-,2,direct_equivalent,Has a specific receiving course code and positive credits (default)
Berkshire,CIS 231,Computer Science I with Java,4,Fitchburg,,Computer Science Elective,4,,-,1,partial_or_elective,Receiving course name contains 'elective' AND receiving course code is empty
Berkshire,CIS 231,Computer Science I with Java,4,Framingham,,Computer Science Elective,4,,-,1,partial_or_elective,Receiving course name contains 'elective' AND receiving course code is empty
Berkshire,CIS 231,Computer Science I with Java,4,Greenfield,CIS 251#(Replaced: 9/1/2020),Java Programming,4,,-,2,direct_equivalent,Has a specific receiving course code and positive credits (default)
Berkshire,CIS 231,Computer Science I with Java,4,Greenfield,CSC 251,Java Programming,4,,-,2,direct_equivalent,Has a specific receiving course code and positive credits (default)
Berkshire,CIS 231,Computer Science I with Java,4,Holyoke,CSI 254,Java Programming I,4,,-,2,direct_equivalent,Has a specific receiving course code and positive credits (default)
Berkshire,CIS 231,Computer Science I with Java,4,Massasoit,COSC 157,Introduction to Java Programming,3,,-,2,direct_equivalent,Has a specific receiving course code and positive credits (default)
Berkshire,CIS 231,Computer Science I with Java,4,Massasoit,COSC 157#(Replaced: 9/1/2025),Introduction to Java Programming,3,,-,2,direct_equivalent,Has a specific receiving course code and positive credits (default)
Berkshire,CIS 231#(Replaced: 7/1/2024),Computer Science I with Java,4,Massasoit,COSC 157,Introduction to Java Programming,3,,-,2,direct_equivalent,Has a specific receiving course code and positive credits (default)
Berkshire,CIS 231#(Replaced: 7/1/2024),Computer Science I with Java,4,Massasoit,COSC 157#(Replaced: 9/1/2025),Introduction to Java Programming,3,,-,2,direct_equivalent,Has a specific receiving course code and positive credits (default)
Berkshire,CIS 231,Computer Science I with Java,4,Massasoit,CTIM 157#(Replaced: 9/1/2023),Introduction to Java Programming,3,,-,2,direct_equivalent,Has a specific receiving course code and positive credits (default)
Berkshire,CIS 231,Computer Science I with Java,4,MassBay,CS 120,Programming I,4,,-,2,direct_equivalent,Has a specific receiving course code and positive credits (default)
Berkshire,CIS 231,Computer Science I with Java,4,MCLA,CSCI 121,Programming in Java I,4,,-,2,direct_equivalent,Has a specific receiving course code and positive credits (default)
Berkshire,CIS 231,Computer Science I with Java,4,Middlesex,CSC 252,Programming II,4,,-,2,direct_equivalent,Has a specific receiving course code and positive credits (default)
Berkshire,CIS 231,Computer Science I with Java,4,North Shore,CPS 101,Computer Science 1 (Java 1),4,,-,2,direct_equivalent,Has a specific receiving course code and positive credits (default)
Berkshire,CIS 231,Computer Science I with Java,4,Quinsigamond,CIS 226,Introduction to Java,3,,-,2,direct_equivalent,Has a specific receiving course code and positive credits (default)
Berkshire,CIS 231,Computer Science I with Java,4,Roxbury,IST 170,Java I,3,,-,2,direct_equivalent,Has a specific receiving course code and positive credits (default)
Berkshire,CIS 231,Computer Science I with Java,4,Salem,,Computer Science Elective,4,,-,1,partial_or_elective,Receiving course name contains 'elective' AND receiving course code is empty
Berkshire,CIS 231,Computer Science I with Java,4,Springfield Tech,CIT 215/215L,Java Programming + Lab: Java Programming,3+1,,-,1,partial_or_elective,Credits transferred has '+' indicating split credit (e.g. 3+1)
Berkshire,CIS 231,Computer Science I with Java,4,Springfield Tech,CSC 111/111L,Introduction to the Java Programming Language + Lab: Introduction to the Java Programming Language,3+1,,-,1,partial_or_elective,Credits transferred has '+' indicating split credit (e.g. 3+1)
Berkshire,CIS 231,Computer Science I with Java,4,UMass Amherst,,Major or general elective,4,,-,1,partial_or_elective,Receiving course name contains 'free elective' or 'general elective'
Berkshire,CIS 231,Computer Science I with Java,4,UMass Amherst,,major or elective credit,4,,-,1,partial_or_elective,Receiving course name contains 'elective' AND receiving course code is empty
Berkshire,CIS 231,Computer Science I with Java,4,UMass Dartmouth,CIS 180,Object-Oriented Prog I,4,,-,2,direct_equivalent,Has a specific receiving course code and positive credits (default)
Berkshire,CIS 231,Computer Science I with Java,4,UMass Lowell,,Computer Science 1000 Level Elective,3,,-,1,partial_or_elective,Receiving course name contains 'elective' AND receiving course code is empty
Berkshire,CIS 231,Computer Science I with Java,4,Westfield,,Elective,4,,-,1,partial_or_elective,Receiving course name is purely 'Elective' (no specific course match)
Berkshire,CIS 231,Computer Science I with Java,4,Worcester,,Computer Science Elective,4,,-,1,partial_or_elective,Receiving course name contains 'elective' AND receiving course code is empty
Berkshire,CIS 232,Computer Science II with Java,4,Bridgewater,,Computer Elective,4,,-,1,partial_or_elective,Receiving course name is purely 'Elective' (no specific course match)
Berkshire,CIS 232,Computer Science II with Java,4,Bristol,CIS 257,Object-Oriented JAVA Programming II,4,,-,2,direct_equivalent,Has a specific receiving course code and positive credits (default)
Berkshire,CIS 232,Computer Science II with Java,4,Bunker Hill,CIT 285#(Replaced: 9/1/2020),Advanced Java Programming,3,,-,2,direct_equivalent,Has a specific receiving course code and positive credits (default)
Berkshire,CIS 232,Computer Science II with Java,4,Bunker Hill,CSC 285,Advanced Java ProgrammingFor additional information and/or a course syllabus contact cs@bhcc.mass.edu.,3,,-,2,direct_equivalent,Has a specific receiving course code and positive credits (default)
Berkshire,CIS 232,Computer Science II with Java,4,Cape Cod,CSC 130,Computer Programming II: JAVA,4,,-,2,direct_equivalent,Has a specific receiving course code and positive credits (default)
Berkshire,CIS 232,Computer Science II with Java,4,Fitchburg,,Computer Science Elective,4,,-,1,partial_or_elective,Receiving course name contains 'elective' AND receiving course code is empty
Berkshire,CIS 232,Computer Science II with Java,4,Framingham,,Computer Science Elective,4,,-,1,partial_or_elective,Receiving course name contains 'elective' AND receiving course code is empty
Berkshire,CIS 232,Computer Science II with Java,4,Holyoke,CSI 256,Java Programming II,4,,-,2,direct_equivalent,Has a specific receiving course code and positive credits (default)
Berkshire,CIS 232,Computer Science II with Java,4,Massasoit,COSC 168,Advanced Java Programming,3,,-,2,direct_equivalent,Has a specific receiving course code and positive credits (default)
Berkshire,CIS 232,Computer Science II with Java,4,Massasoit,COSC 168#(Replaced: 9/1/2025),Advanced Java Programming,3,,-,2,direct_equivalent,Has a specific receiving course code and positive credits (default)
Berkshire,CIS 232#(Replaced: 7/1/2024),Computer Science II with Java,4,Massasoit,COSC 168,Advanced Java Programming,3,,-,2,direct_equivalent,Has a specific receiving course code and positive credits (default)
Berkshire,CIS 232#(Replaced: 7/1/2024),Computer Science II with Java,4,Massasoit,COSC 168#(Replaced: 9/1/2025),Advanced Java Programming,3,,-,2,direct_equivalent,Has a specific receiving course code and positive credits (default)
Berkshire,CIS 232,Computer Science II with Java,4,Massasoit,CTIM 168#(Replaced: 9/1/2023),Advanced Java Programming,3,,-,2,direct_equivalent,Has a specific receiving course code and positive credits (default)
Berkshire,CIS 232,Computer Science II with Java,4,MassBay,CS 200,Programming II,4,,-,2,direct_equivalent,Has a specific receiving course code and positive credits (default)
Berkshire,CIS 232,Computer Science II with Java,4,MCLA,CSCI 122,Programming in Java II,4,,-,2,direct_equivalent,Has a specific receiving course code and positive credits (default)
Berkshire,CIS 232,Computer Science II with Java,4,Middlesex,,Computer Science Elective,4,,-,1,partial_or_elective,Receiving course name contains 'elective' AND receiving course code is empty
Berkshire,CIS 232,Computer Science II with Java,4,North Shore,CPS 102,Computer Science 2 (Java 2),4,,-,2,direct_equivalent,Has a specific receiving course code and positive credits (default)
Berkshire,CIS 232,Computer Science II with Java,4,Quinsigamond,CIS 227,Java II,3,,-,2,direct_equivalent,Has a specific receiving course code and positive credits (default)
Berkshire,CIS 232,Computer Science II with Java,4,Roxbury,IST 270,Java II,3,,-,2,direct_equivalent,Has a specific receiving course code and positive credits (default)
Berkshire,CIS 232,Computer Science II with Java,4,Salem,,Computer Science Elective,3,,-,1,partial_or_elective,Receiving course name contains 'elective' AND receiving course code is empty
Berkshire,CIS 232,Computer Science II with Java,4,Springfield Tech,CSC 112/112L,Intermediate Topics in Java Programming + Lab: Intermediate Topics in Java Programming,3+1,,-,1,partial_or_elective,Credits transferred has '+' indicating split credit (e.g. 3+1)
Berkshire,CIS 232,Computer Science II with Java,4,UMass Amherst,CICS 210,Data Structures,4,,-,2,direct_equivalent,Has a specific receiving course code and positive credits (default)
Berkshire,CIS 232,Computer Science II with Java,4,UMass Dartmouth,CIS 181,Object-Oriented Prog II,4,,-,2,direct_equivalent,Has a specific receiving course code and positive credits (default)
Berkshire,CIS 232,Computer Science II with Java,4,UMass Lowell,,Computer Science 1000 Level Elective,3,,-,1,partial_or_elective,Receiving course name contains 'elective' AND receiving course code is empty
Berkshire,CIS 232,Computer Science II with Java,4,Westfield,CAIS 0120,Computer Science/Program Design I,4,,-,2,direct_equivalent,Has a specific receiving course code and positive credits (default)
Berkshire,CIS 232,Computer Science II with Java,4,Worcester,,Computer Science Elective,4,,-,1,partial_or_elective,Receiving course name contains 'elective' AND receiving course code is empty
Berkshire,CIS 255#(Disc'd: 3/12/2019),Fundamentals of Wireless LANs,3,Bridgewater,,Computer Elective,3,,-,1,partial_or_elective,Receiving course name is purely 'Elective' (no specific course match)
Berkshire,CIS 255#(Disc'd: 3/12/2019),Fundamentals of Wireless LANs,3,Fitchburg,,Computer Science Elective,3,,-,1,partial_or_elective,Receiving course name contains 'elective' AND receiving course code is empty
Berkshire,CIS 255#(Disc'd: 3/12/2019),Fundamentals of Wireless LANs,3,Framingham,,Computer Science Elective,3,,-,1,partial_or_elective,Receiving course name contains 'elective' AND receiving course code is empty
Berkshire,CIS 255#(Disc'd: 3/12/2019),Fundamentals of Wireless LANs,3,MCLA,,Computer Science Elective,3,,-,1,partial_or_elective,Receiving course name contains 'elective' AND receiving course code is empty
Berkshire,CIS 255#(Disc'd: 3/12/2019),Fundamentals of Wireless LANs,3,Middlesex,,Network Security Elective,3,,-,1,partial_or_elective,Receiving course name contains 'elective' AND receiving course code is empty
Berkshire,CIS 255#(Disc'd: 3/12/2019),Fundamentals of Wireless LANs,3,Roxbury,IST 141,Wireless Networking,3,,-,2,direct_equivalent,Has a specific receiving course code and positive credits (default)
Berkshire,CIS 255#(Disc'd: 3/12/2019),Fundamentals of Wireless LANs,3,Salem,,Not Transferable,,,-,0,not_transferable,Receiving course name indicates not transferable
Berkshire,CIS 255#(Disc'd: 3/12/2019),Fundamentals of Wireless LANs,3,UMass Amherst,,Not transferable,,,-,0,not_transferable,Receiving course name indicates not transferable
Berkshire,CIS 255#(Disc'd: 3/12/2019),Fundamentals of Wireless LANs,3,UMass Dartmouth,,Computer Information Systems Elective,3,,-,1,partial_or_elective,Receiving course name contains 'elective' AND receiving course code is empty
Berkshire,CIS 255#(Disc'd: 3/12/2019),Fundamentals of Wireless LANs,3,Westfield,,Elective,3,,-,1,partial_or_elective,Receiving course name is purely 'Elective' (no specific course match)
Berkshire,CIS 255#(Disc'd: 3/12/2019),Fundamentals of Wireless LANs,3,Worcester,,Free Elective,3,,-,1,partial_or_elective,Receiving course name contains 'free elective' or 'general elective'
Berkshire,CIS 275,Independent Study in Computer Information Systems,1-4,Bunker Hill,CIT 220,Directed Study in Digital and Computer ForensicsFor additional information and/or a course syllabus contact CITDepartment@bhcc.mass.edu.,1*,,-,1,partial_or_elective,Credits transferred has asterisk (conditional/variable transfer)
Berkshire,CIS 275,Independent Study in Computer Information Systems,1-4,Cape Cod,,Not transferable,,,-,0,not_transferable,Receiving course name indicates not transferable
Berkshire,CIS 275,Independent Study in Computer Information Systems,1-4,Fitchburg,,Computer Science Elective,1-4*,,-,1,partial_or_elective,Receiving course name contains 'elective' AND receiving course code is empty
Berkshire,CIS 275,Independent Study in Computer Information Systems,1-4,Massasoit,CTIM 400,Special Study in Computer Technology Information ManagementLimited to two courses per student.,1-4*,,-,1,partial_or_elective,Credits transferred has asterisk (conditional/variable transfer)
Berkshire,CIS 275,Independent Study in Computer Information Systems,1-4,Middlesex,,Network Security Elective,1-4*,,-,1,partial_or_elective,Receiving course name contains 'elective' AND receiving course code is empty
Berkshire,CIS 275,Independent Study in Computer Information Systems,1-4,UMass Amherst,,Not transferable,,,-,0,not_transferable,Receiving course name indicates not transferable
Berkshire,CIS 275,Independent Study in Computer Information Systems,1-4,Worcester,,Free Elective,1-4*,,-,1,partial_or_elective,Receiving course name contains 'free elective' or 'general elective'
Berkshire,CIS 297,Special Topics in Computer Information Systems,3-4,Bristol,CIS 283,Selected Topics in CIS,3*,,-,1,partial_or_elective,Credits transferred has asterisk (conditional/variable transfer)
Berkshire,CIS 297,Special Topics in Computer Information Systems,3-4,Bristol,CIT 260,Topics in Game Programming,3*,,-,1,partial_or_elective,Credits transferred has asterisk (conditional/variable transfer)
Berkshire,CIS 297,Special Topics in Computer Information Systems,3-4,Bunker Hill,CIT 223,Special Topics in Digital and Computer ForensicsFor additional information and/or a course syllabus contact CITDepartment@bhcc.mass.edu.,3*,,-,1,partial_or_elective,Credits transferred has asterisk (conditional/variable transfer)
Berkshire,CIS 297,Special Topics in Computer Information Systems,3-4,Cape Cod,,Not transferable,,,-,0,not_transferable,Receiving course name indicates not transferable
Berkshire,CIS 297,Special Topics in Computer Information Systems,3-4,Fitchburg,,Computer Science Elective,3-4*,,-,1,partial_or_elective,Receiving course name contains 'elective' AND receiving course code is empty
Berkshire,CIS 297,Special Topics in Computer Information Systems,3-4,Holyoke,CSI 250,Current Topics in Information Systems,3*,,-,1,partial_or_elective,Credits transferred has asterisk (conditional/variable transfer)
Berkshire,CIS 297,Special Topics in Computer Information Systems,3-4,Massasoit,CTIM 250,Current Issues in Computing,3*,,-,1,partial_or_elective,Credits transferred has asterisk (conditional/variable transfer)
Berkshire,CIS 297,Special Topics in Computer Information Systems,3-4,Middlesex,,Network Security Elective,3-4*,,-,1,partial_or_elective,Receiving course name contains 'elective' AND receiving course code is empty
Berkshire,CIS 297,Special Topics in Computer Information Systems,3-4,Northern Essex,CIS 144,Current Topics in Computer Science/Security,4*,,-,1,partial_or_elective,Credits transferred has asterisk (conditional/variable transfer)
Berkshire,CIS 297,Special Topics in Computer Information Systems,3-4,Northern Essex,CIS 146,Current Topics in Computer Science/Robotics,4*,,-,1,partial_or_elective,Credits transferred has asterisk (conditional/variable transfer)
Berkshire,CIS 297,Special Topics in Computer Information Systems,3-4,Springfield Tech,CIT 252,Advanced Security Topics,3*,,-,1,partial_or_elective,Credits transferred has asterisk (conditional/variable transfer)
Berkshire,CIS 297,Special Topics in Computer Information Systems,3-4,UMass Amherst,,Not transferable,,,-,0,not_transferable,Receiving course name indicates not transferable
Berkshire,CIS 297,Special Topics in Computer Information Systems,3-4,Worcester,,Free Elective,3-4*,,-,1,partial_or_elective,Receiving course name contains 'free elective' or 'general elective'
Bristol,CIS 105,Hardware Fundamentals,1,Bridgewater,,Computer Elective,1,,-,1,partial_or_elective,Receiving course name is purely 'Elective' (no specific course match)
Bristol,CIS 105,Hardware Fundamentals,1,Cape Cod,,Elective,1,,-,1,partial_or_elective,Receiving course name is purely 'Elective' (no specific course match)
Bristol,CIS 105,Hardware Fundamentals,1,Fitchburg,,Computer Science Elective,1,,-,1,partial_or_elective,Receiving course name contains 'elective' AND receiving course code is empty
Bristol,CIS 105,Hardware Fundamentals,1,Framingham,,Computer Science Elective,1,,-,1,partial_or_elective,Receiving course name contains 'elective' AND receiving course code is empty
Bristol,CIS 105,Hardware Fundamentals,1,MCLA,,Computer Science Elective,1,,-,1,partial_or_elective,Receiving course name contains 'elective' AND receiving course code is empty
Bristol,CIS 105,Hardware Fundamentals,1,Middlesex,,Network Security Elective,1,,-,1,partial_or_elective,Receiving course name contains 'elective' AND receiving course code is empty
Bristol,CIS 105,Hardware Fundamentals,1,Salem,,Not Transferable,,,-,0,not_transferable,Receiving course name indicates not transferable
Bristol,CIS 105,Hardware Fundamentals,1,UMass Amherst,,Not transferable,,,-,0,not_transferable,Receiving course name indicates not transferable
Bristol,CIS 105,Hardware Fundamentals,1,UMass Dartmouth,,Computer Information Systems Elective,1,,-,1,partial_or_elective,Receiving course name contains 'elective' AND receiving course code is empty
Bristol,CIS 105,Hardware Fundamentals,1,Westfield,,Not Transferable,,,-,0,not_transferable,Receiving course name indicates not transferable
Bristol,CIS 105,Hardware Fundamentals,1,Worcester,,Free Elective,1,,-,1,partial_or_elective,Receiving course name contains 'free elective' or 'general elective'
Bristol,CIS 106,Operating System Scripting,1,Bridgewater,,Computer Elective,1,,-,1,partial_or_elective,Receiving course name is purely 'Elective' (no specific course match)
Bristol,CIS 106,Operating System Scripting,1,Cape Cod,,Elective,1,,-,1,partial_or_elective,Receiving course name is purely 'Elective' (no specific course match)
Bristol,CIS 106,Operating System Scripting,1,Fitchburg,,Computer Science Elective,1,,-,1,partial_or_elective,Receiving course name contains 'elective' AND receiving course code is empty
Bristol,CIS 106,Operating System Scripting,1,Framingham,,Computer Science Elective,1,,-,1,partial_or_elective,Receiving course name contains 'elective' AND receiving course code is empty
Bristol,CIS 106,Operating System Scripting,1,MassBay,CS 118,Scripting,1,,-,2,direct_equivalent,Has a specific receiving course code and positive credits (default)
Bristol,CIS 106,Operating System Scripting,1,MCLA,,Computer Science Elective,1,,-,1,partial_or_elective,Receiving course name contains 'elective' AND receiving course code is empty
Bristol,CIS 106,Operating System Scripting,1,Middlesex,,Computer Science Elective,1,,-,1,partial_or_elective,Receiving course name contains 'elective' AND receiving course code is empty
Bristol,CIS 106,Operating System Scripting,1,Salem,,Not Transferable,,,-,0,not_transferable,Receiving course name indicates not transferable
Bristol,CIS 106,Operating System Scripting,1,UMass Amherst,,Not transferable,,,-,0,not_transferable,Receiving course name indicates not transferable
Bristol,CIS 106,Operating System Scripting,1,UMass Dartmouth,,Computer Information Systems Elective,1,,-,1,partial_or_elective,Receiving course name contains 'elective' AND receiving course code is empty
Bristol,CIS 106,Operating System Scripting,1,Westfield,,Elective,1,,-,1,partial_or_elective,Receiving course name is purely 'Elective' (no specific course match)
Bristol,CIS 106,Operating System Scripting,1,Worcester,,Free Elective,1,,-,1,partial_or_elective,Receiving course name contains 'free elective' or 'general elective'
Bristol,CIS 110,Basic Computing SkillsThis course is not open to students who have successfully completed or currently enrolled for credit in CIS 111.3-BridgewaterCOMP 105Computers and Their Applications: An Introduction3,3,Bridgewater,COMP 105,Computers and Their Applications: An Introduction,3,,-,2,direct_equivalent,Has a specific receiving course code and positive credits (default)
Bristol,CIS 110,Basic Computing SkillsThis course is not open to students who have successfully completed or currently enrolled for credit in CIS 111.3-Cape CodBST 110Computer ApplicationsGeneral Education Elective; Formerly GIT 110.3,3,Cape Cod,BST 110,Computer ApplicationsGeneral Education Elective; Formerly GIT 110.,3,,-,2,direct_equivalent,Has a specific receiving course code and positive credits (default)
Bristol,CIS 110,Basic Computing SkillsThis course is not open to students who have successfully completed or currently enrolled for credit in CIS 111.3-Cape CodGIT 110#(Replaced: 9/1/2022)Computer ApplicationsGeneral Education Elective.3,3,Cape Cod,GIT 110#(Replaced: 9/1/2022),Computer ApplicationsGeneral Education Elective.,3,,-,2,direct_equivalent,Has a specific receiving course code and positive credits (default)
Bristol,CIS 110,Basic Computing SkillsThis course is not open to students who have successfully completed or currently enrolled for credit in CIS 111.3-Cape CodGIT 110#(Replaced: 9/4/2018)Microcomputer Applications Software3,3,Cape Cod,GIT 110#(Replaced: 9/4/2018),Microcomputer Applications Software,3,,-,2,direct_equivalent,Has a specific receiving course code and positive credits (default)
Bristol,CIS 110,Basic Computing SkillsThis course is not open to students who have successfully completed or currently enrolled for credit in CIS 111.3-FitchburgComputer Science Elective3,3,Fitchburg,,Computer Science Elective,3,,-,1,partial_or_elective,Receiving course name contains 'elective' AND receiving course code is empty
Bristol,CIS 110,Basic Computing SkillsThis course is not open to students who have successfully completed or currently enrolled for credit in CIS 111.3-FraminghamComputer Science Elective3,3,Framingham,,Computer Science Elective,3,,-,1,partial_or_elective,Receiving course name contains 'elective' AND receiving course code is empty
Bristol,CIS 110,Basic Computing SkillsThis course is not open to students who have successfully completed or currently enrolled for credit in CIS 111.3-MCLAComputer Science Elective3,3,MCLA,,Computer Science Elective,3,,-,1,partial_or_elective,Receiving course name contains 'elective' AND receiving course code is empty
Bristol,CIS 110,Basic Computing SkillsThis course is not open to students who have successfully completed or currently enrolled for credit in CIS 111.3-MiddlesexIT ELEC3,3,Middlesex,,IT ELEC,3,,-,1,partial_or_elective,"Receiving course name contains abbreviated 'ELEC' (e.g. IT ELEC, BUSN ELEC)"
Bristol,CIS 110,Basic Computing SkillsThis course is not open to students who have successfully completed or currently enrolled for credit in CIS 111.3-SalemITC 100Computers and Their Uses3,3,Salem,ITC 100,Computers and Their Uses,3,,-,2,direct_equivalent,Has a specific receiving course code and positive credits (default)
Bristol,CIS 110,Basic Computing SkillsThis course is not open to students who have successfully completed or currently enrolled for credit in CIS 111.3-UMass AmherstNot transferable,3,UMass Amherst,,Not transferable,,,-,0,not_transferable,Receiving course name indicates not transferable
Bristol,CIS 110,Basic Computing SkillsThis course is not open to students who have successfully completed or currently enrolled for credit in CIS 111.3-UMass DartmouthCIS 110Computer Literacy3,3,UMass Dartmouth,CIS 110,Computer Literacy,3,,-,2,direct_equivalent,Has a specific receiving course code and positive credits (default)
Bristol,CIS 110,Basic Computing SkillsThis course is not open to students who have successfully completed or currently enrolled for credit in CIS 111.3-WestfieldElective3,3,Westfield,,Elective,3,,-,1,partial_or_elective,Receiving course name is purely 'Elective' (no specific course match)
Bristol,CIS 110,Basic Computing SkillsThis course is not open to students who have successfully completed or currently enrolled for credit in CIS 111.3-WorcesterCS 120Microcomputer Applications3,3,Worcester,CS 120,Microcomputer Applications,3,,-,2,direct_equivalent,Has a specific receiving course code and positive credits (default)
Bristol,CIS 111,Introduction to Business Information Systems,3,Bridgewater,COMP 105,Computers and Their Applications: An Introduction,3,,-,2,direct_equivalent,Has a specific receiving course code and positive credits (default)
Bristol,CIS 111,Introduction to Business Information Systems,3,Cape Cod,,Elective,3,,-,1,partial_or_elective,Receiving course name is purely 'Elective' (no specific course match)
Bristol,CIS 111,Introduction to Business Information Systems,3,Fitchburg,BSAD 1700,Introduction to Computer Information Systems for Business,3,,-,2,direct_equivalent,Has a specific receiving course code and positive credits (default)
Bristol,CIS 111,Introduction to Business Information Systems,3,Framingham,,Computer Science Elective,3,,-,1,partial_or_elective,Receiving course name contains 'elective' AND receiving course code is empty
Bristol,CIS 111,Introduction to Business Information Systems,3,Framingham,BUIS 200,Introduction to Business SystemsStudents may not receive credit for both BUIS 200 Introduction to Business Systems and 12.208 Microcomputer Applications in Business.,3,,-,2,direct_equivalent,Has a specific receiving course code and positive credits (default)
Bristol,CIS 111,Introduction to Business Information Systems,3,Holyoke,CSI 120,Business Data Communications,3,,-,2,direct_equivalent,Has a specific receiving course code and positive credits (default)
Bristol,CIS 111,Introduction to Business Information Systems,3,Mass. Maritime,IM 1214,Foundations in Business Computing,3,,-,2,direct_equivalent,Has a specific receiving course code and positive credits (default)
Bristol,CIS 111,Introduction to Business Information Systems,3,MCLA,BADM 110#(Replaced: 1/1/2021),Information Technology for Business,3,,-,2,direct_equivalent,Has a specific receiving course code and positive credits (default)
Bristol,CIS 111,Introduction to Business Information Systems,3,MCLA,BADM 210,Information Technology for Business,3,,-,2,direct_equivalent,Has a specific receiving course code and positive credits (default)
Bristol,CIS 111,Introduction to Business Information Systems,3,MCLA,CSCI 162,Business Information Systems,3,,-,2,direct_equivalent,Has a specific receiving course code and positive credits (default)
Bristol,CIS 111,Introduction to Business Information Systems,3,Middlesex,CAP 103,Computers for Technology,3,,-,2,direct_equivalent,Has a specific receiving course code and positive credits (default)
Bristol,CIS 111,Introduction to Business Information Systems,3,North Shore,BUS 120,Computer Applications for Business,3,,-,2,direct_equivalent,Has a specific receiving course code and positive credits (default)
Bristol,CIS 111,Introduction to Business Information Systems,3,Salem,,Computer Science Elective,3,,-,1,partial_or_elective,Receiving course name contains 'elective' AND receiving course code is empty
Bristol,CIS 111,Introduction to Business Information Systems,3,Salem,ITC 241,Spreadsheet Applications in the Professions,3,,-,2,direct_equivalent,Has a specific receiving course code and positive credits (default)
Bristol,CIS 111,Introduction to Business Information Systems,3,UMass Amherst,,Major or general elective,3,,-,1,partial_or_elective,Receiving course name contains 'free elective' or 'general elective'
Bristol,CIS 111,Introduction to Business Information Systems,3,UMass Amherst,,major or elective credit,3,,-,1,partial_or_elective,Receiving course name contains 'elective' AND receiving course code is empty
Bristol,CIS 111,Introduction to Business Information Systems,3,UMass Amherst,OIM 210,Introduction to Business Information Systems,3,,-,2,direct_equivalent,Has a specific receiving course code and positive credits (default)
Bristol,CIS 111,Introduction to Business Information Systems,3,UMass Boston,MSIS 110,Introduction to Computer and Information Systems,3,,-,2,direct_equivalent,Has a specific receiving course code and positive credits (default)
Bristol,CIS 111,Introduction to Business Information Systems,3,UMass Dartmouth,MIS 101,The Business Organization,3,,-,2,direct_equivalent,Has a specific receiving course code and positive credits (default)
Bristol,CIS 111,Introduction to Business Information Systems,3,UMass Lowell,INFO 1600,Intro to Info Systems,3,,-,2,direct_equivalent,Has a specific receiving course code and positive credits (default)
Bristol,CIS 111,Introduction to Business Information Systems,3,Westfield,MGMT 0107,Software Applications in Management,3,,-,2,direct_equivalent,Has a specific receiving course code and positive credits (default)
Bristol,CIS 111,Introduction to Business Information Systems,3,Worcester,CS 120,Microcomputer Applications,3,,-,2,direct_equivalent,Has a specific receiving course code and positive credits (default)
Bristol,CIS 112,Advanced Business Information Systems,3,Bridgewater,,Computer Elective,3,,-,1,partial_or_elective,Receiving course name is purely 'Elective' (no specific course match)
Bristol,CIS 112,Advanced Business Information Systems,3,Cape Cod,,Elective,3,,-,1,partial_or_elective,Receiving course name is purely 'Elective' (no specific course match)
Bristol,CIS 112,Advanced Business Information Systems,3,Fitchburg,,Computer Science Elective,3,,-,1,partial_or_elective,Receiving course name contains 'elective' AND receiving course code is empty
Bristol,CIS 112,Advanced Business Information Systems,3,Framingham,,Computer Science Elective,3,,-,1,partial_or_elective,Receiving course name contains 'elective' AND receiving course code is empty
Bristol,CIS 112,Advanced Business Information Systems,3,MCLA,,Computer Science Elective,3,,-,1,partial_or_elective,Receiving course name contains 'elective' AND receiving course code is empty
Bristol,CIS 112,Advanced Business Information Systems,3,Middlesex,CAP 103,Computers for Technology,3,,-,2,direct_equivalent,Has a specific receiving course code and positive credits (default)
Bristol,CIS 112,Advanced Business Information Systems,3,Salem,,Computer Science Elective,3,,-,1,partial_or_elective,Receiving course name contains 'elective' AND receiving course code is empty
Bristol,CIS 112,Advanced Business Information Systems,3,UMass Amherst,,major or elective credit,3,,-,1,partial_or_elective,Receiving course name contains 'elective' AND receiving course code is empty
Bristol,CIS 112,Advanced Business Information Systems,3,UMass Dartmouth,,Free Elective,3,,-,1,partial_or_elective,Receiving course name contains 'free elective' or 'general elective'
Bristol,CIS 112,Advanced Business Information Systems,3,Westfield,MGMT 0107,Software Applications in Management,3,,-,2,direct_equivalent,Has a specific receiving course code and positive credits (default)
Bristol,CIS 112,Advanced Business Information Systems,3,Worcester,,Free Elective,3,,-,1,partial_or_elective,Receiving course name contains 'free elective' or 'general elective'
Bristol,CIS 113,Hospitality Management Information Systems,3,Bridgewater,,Computer Elective,3,,-,1,partial_or_elective,Receiving course name is purely 'Elective' (no specific course match)
Bristol,CIS 113,Hospitality Management Information Systems,3,Cape Cod,,Elective,3,,-,1,partial_or_elective,Receiving course name is purely 'Elective' (no specific course match)
Bristol,CIS 113,Hospitality Management Information Systems,3,Fitchburg,,Computer Science Elective,3,,-,1,partial_or_elective,Receiving course name contains 'elective' AND receiving course code is empty
Bristol,CIS 113,Hospitality Management Information Systems,3,Framingham,,Open Elective,3,,-,1,partial_or_elective,Receiving course name contains 'elective' AND receiving course code is empty
Bristol,CIS 113,Hospitality Management Information Systems,3,Massasoit,,BUSN/BU ELEC,3,,-,1,partial_or_elective,"Receiving course name contains abbreviated 'ELEC' (e.g. IT ELEC, BUSN ELEC)"
Bristol,CIS 113,Hospitality Management Information Systems,3,MCLA,,Computer Science Elective,3,,-,1,partial_or_elective,Receiving course name contains 'elective' AND receiving course code is empty
Bristol,CIS 113,Hospitality Management Information Systems,3,Middlesex,,Business Elective,3,,-,1,partial_or_elective,Receiving course name is purely 'Elective' (no specific course match)
Bristol,CIS 113,Hospitality Management Information Systems,3,Middlesex,,Computer Applications Elective,3,,-,1,partial_or_elective,Receiving course name contains 'elective' AND receiving course code is empty
Bristol,CIS 113,Hospitality Management Information Systems,3,Salem,,Hotel/Restaurant Elective,3,,-,1,partial_or_elective,Receiving course name contains 'elective' AND receiving course code is empty
Bristol,CIS 113,Hospitality Management Information Systems,3,UMass Amherst,,major or elective credit,3,,-,1,partial_or_elective,Receiving course name contains 'elective' AND receiving course code is empty
Bristol,CIS 113,Hospitality Management Information Systems,3,UMass Dartmouth,,Free Elective,3,,-,1,partial_or_elective,Receiving course name contains 'free elective' or 'general elective'
Bristol,CIS 113,Hospitality Management Information Systems,3,Westfield,,Elective,3,,-,1,partial_or_elective,Receiving course name is purely 'Elective' (no specific course match)
Bristol,CIS 113,Hospitality Management Information Systems,3,Worcester,,Free Elective,3,,-,1,partial_or_elective,Receiving course name contains 'free elective' or 'general elective'
Bristol,CIS 120,"Programming: Logic, Design and Implementation",3,Bridgewater,COMP 565,Logic Programming,3,,-,2,direct_equivalent,Has a specific receiving course code and positive credits (default)
Bristol,CIS 120,"Programming: Logic, Design and Implementation",3,Fitchburg,,Computer Science Elective,3,,-,1,partial_or_elective,Receiving course name contains 'elective' AND receiving course code is empty
Bristol,CIS 120,"Programming: Logic, Design and Implementation",3,Framingham,,Computer Science Elective,3,,-,1,partial_or_elective,Receiving course name contains 'elective' AND receiving course code is empty
Bristol,CIS 120,"Programming: Logic, Design and Implementation",3,MCLA,,Computer Science Elective,3,,-,1,partial_or_elective,Receiving course name contains 'elective' AND receiving course code is empty
Bristol,CIS 120,"Programming: Logic, Design and Implementation",3,Middlesex,,Computer Science Elective,3,,-,1,partial_or_elective,Receiving course name contains 'elective' AND receiving course code is empty
Bristol,CIS 120,"Programming: Logic, Design and Implementation",3,Salem,,Computer Science Elective,3,,-,1,partial_or_elective,Receiving course name contains 'elective' AND receiving course code is empty
Bristol,CIS 120,"Programming: Logic, Design and Implementation",3,UMass Amherst,,major or elective credit,3,,-,1,partial_or_elective,Receiving course name contains 'elective' AND receiving course code is empty
Bristol,CIS 120,"Programming: Logic, Design and Implementation",3,UMass Dartmouth,CIS 160,Explr Comp Prog with Animation,3,,-,2,direct_equivalent,Has a specific receiving course code and positive credits (default)
Bristol,CIS 120,"Programming: Logic, Design and Implementation",3,Westfield,,Elective,3,,-,1,partial_or_elective,Receiving course name is purely 'Elective' (no specific course match)
Bristol,CIS 120,"Programming: Logic, Design and Implementation",3,Worcester,,Computer Science Elective,3,,-,1,partial_or_elective,Receiving course name contains 'elective' AND receiving course code is empty
Bristol,CIS 121,Operating Systems,3,Bridgewater,COMP 350,Operating Systems,3,,-,2,direct_equivalent,Has a specific receiving course code and positive credits (default)
Bristol,CIS 121,Operating Systems,3,Cape Cod,BIT 115#(Replaced: 9/1/2022),IT: Windows Desktop Operating Systems,3,,-,2,direct_equivalent,Has a specific receiving course code and positive credits (default)
Bristol,CIS 121,Operating Systems,3,Cape Cod,CIT 115,IT: Windows Desktop Operating Systems,3,,-,2,direct_equivalent,Has a specific receiving course code and positive credits (default)
Bristol,CIS 121,Operating Systems,3,Fitchburg,CSC 3100,Operating Systems,3,,-,2,direct_equivalent,Has a specific receiving course code and positive credits (default)
Bristol,CIS 121,Operating Systems,3,Framingham,,Computer Science Elective,3,,-,1,partial_or_elective,Receiving course name contains 'elective' AND receiving course code is empty
Bristol,CIS 121,Operating Systems,3,Holyoke,CSI 107,Operating Systems,3,,-,2,direct_equivalent,Has a specific receiving course code and positive credits (default)
Bristol,CIS 121,Operating Systems,3,MCLA,,Computer Science Elective,3,,-,1,partial_or_elective,Receiving course name contains 'elective' AND receiving course code is empty
Bristol,CIS 121,Operating Systems,3,Middlesex,CSC 156,Operating Systems Basic and Security,3,,-,2,direct_equivalent,Has a specific receiving course code and positive credits (default)
Bristol,CIS 121,Operating Systems,3,Middlesex,CSC 156#(Replaced: 9/1/2018),Operating Systems Basics and Security,3,,-,2,direct_equivalent,Has a specific receiving course code and positive credits (default)
Bristol,CIS 121,Operating Systems,3,North Shore,CPS 122,Operating Systems,3,,-,2,direct_equivalent,Has a specific receiving course code and positive credits (default)
Bristol,CIS 121,Operating Systems,3,Northern Essex,CIS 121,Introduction to Operating Systems,3,,-,2,direct_equivalent,Has a specific receiving course code and positive credits (default)
Bristol,CIS 121,Operating Systems,3,Quinsigamond,,Computer Science Elective,3,,-,1,partial_or_elective,Receiving course name contains 'elective' AND receiving course code is empty
Bristol,CIS 121,Operating Systems,3,Salem,,Computer Science Elective,3,,-,1,partial_or_elective,Receiving course name contains 'elective' AND receiving course code is empty
Bristol,CIS 121,Operating Systems,3,UMass Dartmouth,,Not transferable,,,-,0,not_transferable,Receiving course name indicates not transferable
Bristol,CIS 121,Operating Systems,3,Westfield,,Elective,3,,-,1,partial_or_elective,Receiving course name is purely 'Elective' (no specific course match)
Bristol,CIS 121,Operating Systems,3,Worcester,,Computer Science Elective,3,,-,1,partial_or_elective,Receiving course name contains 'elective' AND receiving course code is empty
Bristol,CIS 122,Internet Developer,3,Bridgewater,,Computer Elective,3,,-,1,partial_or_elective,Receiving course name is purely 'Elective' (no specific course match)
Bristol,CIS 122,Internet Developer,3,Fitchburg,COMM 2910,Web Design,3,,-,2,direct_equivalent,Has a specific receiving course code and positive credits (default)
Bristol,CIS 122,Internet Developer,3,Fitchburg,COMM 3305#(Replaced: 9/1/2016),Interactive Media I,3,,-,2,direct_equivalent,Has a specific receiving course code and positive credits (default)
Bristol,CIS 122,Internet Developer,3,Fitchburg,COMM 3305#(Replaced: 9/1/2026),Web Design,3,,-,2,direct_equivalent,Has a specific receiving course code and positive credits (default)
Bristol,CIS 122,Internet Developer,3,Framingham,,Computer Science Elective,3,,-,1,partial_or_elective,Receiving course name contains 'elective' AND receiving course code is empty
Bristol,CIS 122,Internet Developer,3,Holyoke,CSI 255,Scripting for the Web,3,,-,2,direct_equivalent,Has a specific receiving course code and positive credits (default)
Bristol,CIS 122,Internet Developer,3,MCLA,,Computer Science Elective,3,,-,1,partial_or_elective,Receiving course name contains 'elective' AND receiving course code is empty
Bristol,CIS 122,Internet Developer,3,Middlesex,,Information Technology Elective,3,,-,1,partial_or_elective,Receiving course name contains 'elective' AND receiving course code is empty
Bristol,CIS 122,Internet Developer,3,Salem,,Not Transferable,,,-,0,not_transferable,Receiving course name indicates not transferable
Bristol,CIS 122,Internet Developer,3,UMass Amherst,,Not transferable,,,-,0,not_transferable,Receiving course name indicates not transferable
Bristol,CIS 122,Internet Developer,3,UMass Dartmouth,CIS 120,Web Page Development,3,,-,2,direct_equivalent,Has a specific receiving course code and positive credits (default)
Bristol,CIS 122,Internet Developer,3,Westfield,,Elective,3,,-,1,partial_or_elective,Receiving course name is purely 'Elective' (no specific course match)
Bristol,CIS 122,Internet Developer,3,Worcester,,Free Elective,3,,-,1,partial_or_elective,Receiving course name contains 'free elective' or 'general elective'
Bristol,CIS 123,Object-Oriented Concepts,3,Bridgewater,,Computer Elective,3,,-,1,partial_or_elective,Receiving course name is purely 'Elective' (no specific course match)
Bristol,CIS 123,Object-Oriented Concepts,3,Fitchburg,,Computer Science Elective,3,,-,1,partial_or_elective,Receiving course name contains 'elective' AND receiving course code is empty
Bristol,CIS 123,Object-Oriented Concepts,3,Framingham,,Computer Science Elective,3,,-,1,partial_or_elective,Receiving course name contains 'elective' AND receiving course code is empty
Bristol,CIS 123,Object-Oriented Concepts,3,MCLA,,Computer Science Elective,3,,-,1,partial_or_elective,Receiving course name contains 'elective' AND receiving course code is empty
Bristol,CIS 123,Object-Oriented Concepts,3,Middlesex,CSC 252,Programming II,3,,-,2,direct_equivalent,Has a specific receiving course code and positive credits (default)
Bristol,CIS 123,Object-Oriented Concepts,3,Quinsigamond,,Computer Science Elective,3,,-,1,partial_or_elective,Receiving course name contains 'elective' AND receiving course code is empty
Bristol,CIS 123,Object-Oriented Concepts,3,Salem,,Computer Science Elective,3,,-,1,partial_or_elective,Receiving course name contains 'elective' AND receiving course code is empty
Bristol,CIS 123,Object-Oriented Concepts,3,UMass Amherst,,major or elective credit,3,,-,1,partial_or_elective,Receiving course name contains 'elective' AND receiving course code is empty
Bristol,CIS 123,Object-Oriented Concepts,3,UMass Dartmouth,CIS 160,Explr Comp Prog with Animation,3,,-,2,direct_equivalent,Has a specific receiving course code and positive credits (default)
Bristol,CIS 123,Object-Oriented Concepts,3,Westfield,,Elective,3,,-,1,partial_or_elective,Receiving course name is purely 'Elective' (no specific course match)
Bristol,CIS 123,Object-Oriented Concepts,3,Worcester,,Computer Science Elective,3,,-,1,partial_or_elective,Receiving course name contains 'elective' AND receiving course code is empty
Bristol,CIS 128,Introduction to Digital Audio Recording,3,Berkshire,MUS 132,Recording Technology-Sonar,3,,-,2,direct_equivalent,Has a specific receiving course code and positive credits (default)
Bristol,CIS 128,Introduction to Digital Audio Recording,3,Bridgewater,,Transfer Elective,3,,-,1,partial_or_elective,Receiving course name contains 'elective' AND receiving course code is empty
Bristol,CIS 128,Introduction to Digital Audio Recording,3,Fitchburg,,Communication Media Elective,3,,-,1,partial_or_elective,Receiving course name contains 'elective' AND receiving course code is empty
Bristol,CIS 128,Introduction to Digital Audio Recording,3,Framingham,,Commuication Elective,3,,-,1,partial_or_elective,Receiving course name contains 'elective' AND receiving course code is empty
Bristol,CIS 128,Introduction to Digital Audio Recording,3,Greenfield,MUS 154,Audio Recording and Production IFormerly MUS 221.,3,,-,2,direct_equivalent,Has a specific receiving course code and positive credits (default)
Bristol,CIS 128,Introduction to Digital Audio Recording,3,Greenfield,MUS 221#(Replaced: 9/1/2019),Audio Recording and Production I,3,,-,2,direct_equivalent,Has a specific receiving course code and positive credits (default)
Bristol,CIS 128,Introduction to Digital Audio Recording,3,Holyoke,COM 120,Introduction to Digital Audio,3,,-,2,direct_equivalent,Has a specific receiving course code and positive credits (default)
Bristol,CIS 128,Introduction to Digital Audio Recording,3,Holyoke,EMS 130#(Replaced: 6/1/2020),Introduction to Digital Audio,3,,-,2,direct_equivalent,Has a specific receiving course code and positive credits (default)
Bristol,CIS 128,Introduction to Digital Audio Recording,3,Massasoit,,MUSC/FA/HU/LA ELEC,3,,-,1,partial_or_elective,"Receiving course name contains abbreviated 'ELEC' (e.g. IT ELEC, BUSN ELEC)"
Bristol,CIS 128,Introduction to Digital Audio Recording,3,MCLA,,Free Elective,3,,-,1,partial_or_elective,Receiving course name contains 'free elective' or 'general elective'
Bristol,CIS 128,Introduction to Digital Audio Recording,3,Middlesex,,Communication Elective,3,,-,1,partial_or_elective,Receiving course name contains 'elective' AND receiving course code is empty
Bristol,CIS 128,Introduction to Digital Audio Recording,3,Mount Wachusett,MRT 224#(Replaced: 5/14/2018)(Disc'd: 9/1/2015),Music Recording and Mixing Techniques,3,,-,2,direct_equivalent,Has a specific receiving course code and positive credits (default)
Bristol,CIS 128,Introduction to Digital Audio Recording,3,Salem,,Free Elective,3,,-,1,partial_or_elective,Receiving course name contains 'free elective' or 'general elective'
Bristol,CIS 128,Introduction to Digital Audio Recording,3,UMass Amherst,,major or elective credit,3,,-,1,partial_or_elective,Receiving course name contains 'elective' AND receiving course code is empty
Bristol,CIS 128,Introduction to Digital Audio Recording,3,Westfield,,Elective,3,,-,1,partial_or_elective,Receiving course name is purely 'Elective' (no specific course match)
Bristol,CIS 128,Introduction to Digital Audio Recording,3,Worcester,,Free Elective,3,,-,1,partial_or_elective,Receiving course name contains 'free elective' or 'general elective'
Bristol,CIS 131,Windows Server Administration I,3,Bridgewater,,Computer Elective,3,,-,1,partial_or_elective,Receiving course name is purely 'Elective' (no specific course match)
Bristol,CIS 131,Windows Server Administration I,3,Fitchburg,,Computer Science Elective,3,,-,1,partial_or_elective,Receiving course name contains 'elective' AND receiving course code is empty
Bristol,CIS 131,Windows Server Administration I,3,Framingham,,Computer Science Elective,3,,-,1,partial_or_elective,Receiving course name contains 'elective' AND receiving course code is empty
Bristol,CIS 131,Windows Server Administration I,3,MCLA,,Computer Science Elective,3,,-,1,partial_or_elective,Receiving course name contains 'elective' AND receiving course code is empty
Bristol,CIS 131,Windows Server Administration I,3,Middlesex,,Network Security Elective,3,,-,1,partial_or_elective,Receiving course name contains 'elective' AND receiving course code is empty
Bristol,CIS 131,Windows Server Administration I,3,Salem,,Computer Science Elective,3,,-,1,partial_or_elective,Receiving course name contains 'elective' AND receiving course code is empty
Bristol,CIS 131,Windows Server Administration I,3,Springfield Tech,CIT 120,Windows 1,3,,-,2,direct_equivalent,Has a specific receiving course code and positive credits (default)
Bristol,CIS 131,Windows Server Administration I,3,UMass Amherst,,Not transferable,,,-,0,not_transferable,Receiving course name indicates not transferable
Bristol,CIS 131,Windows Server Administration I,3,UMass Dartmouth,,Computer Information Systems Elective,3,,-,1,partial_or_elective,Receiving course name contains 'elective' AND receiving course code is empty
Bristol,CIS 131,Windows Server Administration I,3,Westfield,,Elective,3,,-,1,partial_or_elective,Receiving course name is purely 'Elective' (no specific course match)
Bristol,CIS 131,Windows Server Administration I,3,Worcester,,Free Elective,3,,-,1,partial_or_elective,Receiving course name contains 'free elective' or 'general elective'
Bristol,CIS 132,Introduction to UNIX/Linux and Shell Programming,3,Bridgewater,,Computer Elective,3,,-,1,partial_or_elective,Receiving course name is purely 'Elective' (no specific course match)
Bristol,CIS 132,Introduction to UNIX/Linux and Shell Programming,3,Bunker Hill,CIT 270,Linux Administration/LabFor additional information and/or a course syllabus contact CITDept@bhcc.mass.edu.,3,,-,2,direct_equivalent,Has a specific receiving course code and positive credits (default)
Bristol,CIS 132,Introduction to UNIX/Linux and Shell Programming,3,Cape Cod,BIT 116#(Replaced: 9/1/2022),IT: Linux,3,,-,2,direct_equivalent,Has a specific receiving course code and positive credits (default)
Bristol,CIS 132,Introduction to UNIX/Linux and Shell Programming,3,Cape Cod,CIT 116,IT: LinuxFormerly BIT 116.,3,,-,2,direct_equivalent,Has a specific receiving course code and positive credits (default)
Bristol,CIS 132,Introduction to UNIX/Linux and Shell Programming,3,Fitchburg,,Computer Science Elective,3,,-,1,partial_or_elective,Receiving course name contains 'elective' AND receiving course code is empty
Bristol,CIS 132,Introduction to UNIX/Linux and Shell Programming,3,MassBay,CS 212,Systems Programming with C,3,,-,2,direct_equivalent,Has a specific receiving course code and positive credits (default)
Bristol,CIS 132,Introduction to UNIX/Linux and Shell Programming,3,Middlesex,CSC 156,Operating Systems Basic and Security,3,,-,2,direct_equivalent,Has a specific receiving course code and positive credits (default)
Bristol,CIS 132,Introduction to UNIX/Linux and Shell Programming,3,Middlesex,CSC 156#(Replaced: 9/1/2018),Operating Systems Basics and Security,3,,-,2,direct_equivalent,Has a specific receiving course code and positive credits (default)
Bristol,CIS 132,Introduction to UNIX/Linux and Shell Programming,3,Mount Wachusett,CIS 131,Introduction to LinuxThis course is offered in the Fall.,3,,-,2,direct_equivalent,Has a specific receiving course code and positive credits (default)
Bristol,CIS 132,Introduction to UNIX/Linux and Shell Programming,3,Mount Wachusett,CIS 131#(Replaced: 5/26/2026),Linux Programming,3,,-,2,direct_equivalent,Has a specific receiving course code and positive credits (default)
Bristol,CIS 132,Introduction to UNIX/Linux and Shell Programming,3,Mount Wachusett,CIS 131#(Replaced: 6/1/2019),Linux Programming,3,,-,2,direct_equivalent,Has a specific receiving course code and positive credits (default)
Bristol,CIS 132,Introduction to UNIX/Linux and Shell Programming,3,North Shore,CPS 218,UNIX,3,,-,2,direct_equivalent,Has a specific receiving course code and positive credits (default)
Bristol,CIS 132,Introduction to UNIX/Linux and Shell Programming,3,Roxbury,IST 130,Linux Operating Systems,3,,-,2,direct_equivalent,Has a specific receiving course code and positive credits (default)
Bristol,CIS 132,Introduction to UNIX/Linux and Shell Programming,3,Springfield Tech,CIT 130,UNIX 1,3,,-,2,direct_equivalent,Has a specific receiving course code and positive credits (default)
Bristol,CIS 132,Introduction to UNIX/Linux and Shell Programming,3,Springfield Tech,CSE 150/150L,Linux Command and Shell Programming + Lab: Linux Command and Shell Programming,3,,-,2,direct_equivalent,Has a specific receiving course code and positive credits (default)
Bristol,CIS 132,Introduction to UNIX/Linux and Shell Programming,3,Springfield Tech,CSET 256#(Replaced: ),Linux Command and Shell Programming,3,,-,2,direct_equivalent,Has a specific receiving course code and positive credits (default)
Bristol,CIS 132,Introduction to UNIX/Linux and Shell Programming,3,UMass Amherst,,major or elective credit,3,,-,1,partial_or_elective,Receiving course name contains 'elective' AND receiving course code is empty
Bristol,CIS 132,Introduction to UNIX/Linux and Shell Programming,3,UMass Dartmouth,,Free Elective,3,,-,1,partial_or_elective,Receiving course name contains 'free elective' or 'general elective'
Bristol,CIS 132,Introduction to UNIX/Linux and Shell Programming,3,Worcester,,Computer Science Elective,3,,-,1,partial_or_elective,Receiving course name contains 'elective' AND receiving course code is empty
Bristol,CIS 133,UNIX/Linux System Administration I,3,Bridgewater,,Computer Elective,3,,-,1,partial_or_elective,Receiving course name is purely 'Elective' (no specific course match)
Bristol,CIS 133,UNIX/Linux System Administration I,3,Fitchburg,,Computer Science Elective,3,,-,1,partial_or_elective,Receiving course name contains 'elective' AND receiving course code is empty
Bristol,CIS 133,UNIX/Linux System Administration I,3,MassBay,CS 141,Linux System Management,3,,-,2,direct_equivalent,Has a specific receiving course code and positive credits (default)
Bristol,CIS 133,UNIX/Linux System Administration I,3,Middlesex,CSC 156,Operating Systems Basic and Security,3,,-,2,direct_equivalent,Has a specific receiving course code and positive credits (default)
Bristol,CIS 133,UNIX/Linux System Administration I,3,Middlesex,CSC 156#(Replaced: 9/1/2018),Operating Systems Basics and Security,3,,-,2,direct_equivalent,Has a specific receiving course code and positive credits (default)
Bristol,CIS 133,UNIX/Linux System Administration I,3,Quinsigamond,CST 245,"UNIX Operating Systems IThree hours lecture, three hours laboratory.",3,,-,2,direct_equivalent,Has a specific receiving course code and positive credits (default)
Bristol,CIS 133,UNIX/Linux System Administration I,3,UMass Amherst,,Not transferable,,,-,0,not_transferable,Receiving course name indicates not transferable
Bristol,CIS 133,UNIX/Linux System Administration I,3,UMass Dartmouth,,Free Elective,3,,-,1,partial_or_elective,Receiving course name contains 'free elective' or 'general elective'
Bristol,CIS 133,UNIX/Linux System Administration I,3,Worcester,,Free Elective,3,,-,1,partial_or_elective,Receiving course name contains 'free elective' or 'general elective'
Bristol,CIS 134,Networking Technologies,4,Berkshire,CIS 180,Introduction to Networks,4,,-,2,direct_equivalent,Has a specific receiving course code and positive credits (default)
Bristol,CIS 134,Networking Technologies,4,Bridgewater,,Computer Elective,4,,-,1,partial_or_elective,Receiving course name is purely 'Elective' (no specific course match)
Bristol,CIS 134,Networking Technologies,4,Fitchburg,,Computer Science Elective,4,,-,1,partial_or_elective,Receiving course name contains 'elective' AND receiving course code is empty
Bristol,CIS 134,Networking Technologies,4,Massasoit,CTIM 225,Introduction to Networking,3,,-,2,direct_equivalent,Has a specific receiving course code and positive credits (default)
Bristol,CIS 134,Networking Technologies,4,Massasoit,CTIM 331#(Replaced: ),Introduction to Networking,3,,-,2,direct_equivalent,Has a specific receiving course code and positive credits (default)
Bristol,CIS 134,Networking Technologies,4,MassBay,CS 242,Computer Networks,4,,-,2,direct_equivalent,Has a specific receiving course code and positive credits (default)
Bristol,CIS 134,Networking Technologies,4,Middlesex,NST 231,Networking II,4,,-,2,direct_equivalent,Has a specific receiving course code and positive credits (default)
Bristol,CIS 134,Networking Technologies,4,Mount Wachusett,CIS 140,Introduction to NetworkingThis course is offered in the Fall.,3,,-,2,direct_equivalent,Has a specific receiving course code and positive credits (default)
Bristol,CIS 134,Networking Technologies,4,Mount Wachusett,CIS 140#(Replaced: 6/1/2025),Microcomputer Networking Applications,3,,-,2,direct_equivalent,Has a specific receiving course code and positive credits (default)
Bristol,CIS 134,Networking Technologies,4,North Shore,CPS 134,Introduction to Computer Networks,2,,-,2,direct_equivalent,Has a specific receiving course code and positive credits (default)
Bristol,CIS 134,Networking Technologies,4,Quinsigamond,CSC 234,"Networking TechnologiesThree hours lecture, three hours laboratory.",4,,-,2,direct_equivalent,Has a specific receiving course code and positive credits (default)
Bristol,CIS 134,Networking Technologies,4,Roxbury,IST 140,Introduction to Networking,3,,-,2,direct_equivalent,Has a specific receiving course code and positive credits (default)
Bristol,CIS 134,Networking Technologies,4,Springfield Tech,CIT 160,Networks 1,3,,-,2,direct_equivalent,Has a specific receiving course code and positive credits (default)
Bristol,CIS 134,Networking Technologies,4,UMass Amherst,,Not transferable,,,-,0,not_transferable,Receiving course name indicates not transferable
Bristol,CIS 134,Networking Technologies,4,UMass Dartmouth,,Computer Information Systems Elective,4,,-,1,partial_or_elective,Receiving course name contains 'elective' AND receiving course code is empty
Bristol,CIS 134,Networking Technologies,4,Worcester,,Computer Science Elective,4,,-,1,partial_or_elective,Receiving course name contains 'elective' AND receiving course code is empty
Bristol,CIS 137,Linux Fundamentals,3,Middlesex,CSC 156,Operating Systems Basic and Security,3,,-,2,direct_equivalent,Has a specific receiving course code and positive credits (default)
Bristol,CIS 137,Linux Fundamentals,3,Middlesex,CSC 156#(Replaced: 9/1/2018),Operating Systems Basics and Security,3,,-,2,direct_equivalent,Has a specific receiving course code and positive credits (default)
Bristol,CIS 139,Windows Server Administration,3,Middlesex,,Computer Applications Elective,3,,-,1,partial_or_elective,Receiving course name contains 'elective' AND receiving course code is empty
Bristol,CIS 150,Oracle and SQL,3,Bridgewater,,Computer Elective,3,,-,1,partial_or_elective,Receiving course name is purely 'Elective' (no specific course match)
Bristol,CIS 150,Oracle and SQL,3,Bunker Hill,CIT 236#(Replaced: 9/1/2020),SQL ProgrammingFor additional information and/or a course syllabus contact CITDepartment@bhcc.mass.edu.,3,,-,2,direct_equivalent,Has a specific receiving course code and positive credits (default)
Bristol,CIS 150,Oracle and SQL,3,Bunker Hill,CSC 236,SQL ProgrammingFor additional information and/or a course syllabus contact CITDepartment@bhcc.mass.edu.,3,,-,2,direct_equivalent,Has a specific receiving course code and positive credits (default)
Bristol,CIS 150,Oracle and SQL,3,Fitchburg,,Computer Science Elective,3,,-,1,partial_or_elective,Receiving course name contains 'elective' AND receiving course code is empty
Bristol,CIS 150,Oracle and SQL,3,Middlesex,,Computer Science Elective,3,,-,1,partial_or_elective,Receiving course name contains 'elective' AND receiving course code is empty
Bristol,CIS 150,Oracle and SQL,3,Quinsigamond,CIS 228,SQL Programming,3,,-,2,direct_equivalent,Has a specific receiving course code and positive credits (default)
Bristol,CIS 150,Oracle and SQL,3,Roxbury,CIS 283#(Replaced: 7/31/2019),Introduction to SQL,3,,-,2,direct_equivalent,Has a specific receiving course code and positive credits (default)
Bristol,CIS 150,Oracle and SQL,3,Roxbury,IST 231,Introduction to SQL,3,,-,2,direct_equivalent,Has a specific receiving course code and positive credits (default)
Bristol,CIS 150,Oracle and SQL,3,UMass Amherst,,major or elective credit,3,,-,1,partial_or_elective,Receiving course name contains 'elective' AND receiving course code is empty
Bristol,CIS 150,Oracle and SQL,3,UMass Dartmouth,,Free Elective,3,,-,1,partial_or_elective,Receiving course name contains 'free elective' or 'general elective'
Bristol,CIS 150,Oracle and SQL,3,Worcester,,Computer Science Elective,3,,-,1,partial_or_elective,Receiving course name contains 'elective' AND receiving course code is empty
Bristol,CIS 152,Database Programming and Management with Microsoft Access,3,Bridgewater,,Computer Elective,3,,-,1,partial_or_elective,Receiving course name is purely 'Elective' (no specific course match)
Bristol,CIS 152,Database Programming and Management with Microsoft Access,3,Bunker Hill,CIT 128,Database Design with MS AccessFor additional information and/or a course syllabus contact CITDepartment@bhcc.mass.edu.,3,,-,2,direct_equivalent,Has a specific receiving course code and positive credits (default)
Bristol,CIS 152,Database Programming and Management with Microsoft Access,3,Fitchburg,,Computer Science Elective,3,,-,1,partial_or_elective,Receiving course name contains 'elective' AND receiving course code is empty
Bristol,CIS 152,Database Programming and Management with Microsoft Access,3,Framingham,,Computer Science Elective,3,,-,1,partial_or_elective,Receiving course name contains 'elective' AND receiving course code is empty
Bristol,CIS 152,Database Programming and Management with Microsoft Access,3,MCLA,,Computer Science Elective,3,,-,1,partial_or_elective,Receiving course name contains 'elective' AND receiving course code is empty
Bristol,CIS 152,Database Programming and Management with Microsoft Access,3,Middlesex,CAP 156,Database Applications,3,,-,2,direct_equivalent,Has a specific receiving course code and positive credits (default)
Bristol,CIS 152,Database Programming and Management with Microsoft Access,3,Salem,,Computer Science Elective,3,,-,1,partial_or_elective,Receiving course name contains 'elective' AND receiving course code is empty
Bristol,CIS 152,Database Programming and Management with Microsoft Access,3,UMass Amherst,,major or elective credit,3,,-,1,partial_or_elective,Receiving course name contains 'elective' AND receiving course code is empty
Bristol,CIS 152,Database Programming and Management with Microsoft Access,3,Westfield,,Elective,3,,-,1,partial_or_elective,Receiving course name is purely 'Elective' (no specific course match)
Bristol,CIS 152,Database Programming and Management with Microsoft Access,3,Worcester,,Computer Science Elective,3,,-,1,partial_or_elective,Receiving course name contains 'elective' AND receiving course code is empty
Bristol,CIS 155,Introduction to C++ Programming,3,Berkshire,CIS 124,C++ Programming I,3,,-,2,direct_equivalent,Has a specific receiving course code and positive credits (default)
Bristol,CIS 155,Introduction to C++ Programming,3,Bridgewater,COMP 101#(Replaced: ),Computer Science I,3,,-,2,direct_equivalent,Has a specific receiving course code and positive credits (default)
Bristol,CIS 155,Introduction to C++ Programming,3,Bridgewater,COMP 151,Computer Science I,3,,-,2,direct_equivalent,Has a specific receiving course code and positive credits (default)
Bristol,CIS 155,Introduction to C++ Programming,3,Bunker Hill,CIT 237#(Replaced: 9/1/2020),C++ ProgrammingFor additional information and/or a course syllabus contact CITDepartment@bhcc.mass.edu.,3,,-,2,direct_equivalent,Has a specific receiving course code and positive credits (default)
Bristol,CIS 155,Introduction to C++ Programming,3,Bunker Hill,CSC 237,C++ ProgrammingFor additional information and/or a course syllabus contact CITDepartment@bhcc.mass.edu.,3,,-,2,direct_equivalent,Has a specific receiving course code and positive credits (default)
Bristol,CIS 155,Introduction to C++ Programming,3,Cape Cod,CSC 120,Computer Programming I: C++,3,,-,2,direct_equivalent,Has a specific receiving course code and positive credits (default)
Bristol,CIS 155,Introduction to C++ Programming,3,Fitchburg,,Computer Science Elective,3,,-,1,partial_or_elective,Receiving course name contains 'elective' AND receiving course code is empty
Bristol,CIS 155,Introduction to C++ Programming,3,Framingham,,Computer Science Elective,3,,-,1,partial_or_elective,Receiving course name contains 'elective' AND receiving course code is empty
Bristol,CIS 155,Introduction to C++ Programming,3,Greenfield,CIS 252#(Replaced: 9/1/2020),C++ Programming,3,,-,2,direct_equivalent,Has a specific receiving course code and positive credits (default)
Bristol,CIS 155,Introduction to C++ Programming,3,Greenfield,CSC 252,C++ Programming,3,,-,2,direct_equivalent,Has a specific receiving course code and positive credits (default)
Bristol,CIS 155,Introduction to C++ Programming,3,Massasoit,CTIM 371,Programming in C++,3,,-,2,direct_equivalent,Has a specific receiving course code and positive credits (default)
Bristol,CIS 155,Introduction to C++ Programming,3,MassBay,CS 211,C++ Programming,3,,-,2,direct_equivalent,Has a specific receiving course code and positive credits (default)
Bristol,CIS 155,Introduction to C++ Programming,3,MCLA,,Computer Science Elective,3,,-,1,partial_or_elective,Receiving course name contains 'elective' AND receiving course code is empty
Bristol,CIS 155,Introduction to C++ Programming,3,Middlesex,,Computer Science Elective,3,,-,1,partial_or_elective,Receiving course name contains 'elective' AND receiving course code is empty
Bristol,CIS 155,Introduction to C++ Programming,3,Northern Essex,CIS 240,C++ Programming Language,3,,-,2,direct_equivalent,Has a specific receiving course code and positive credits (default)
Bristol,CIS 155,Introduction to C++ Programming,3,Quinsigamond,CIS 121,Introduction to Programming in C++,3,,-,2,direct_equivalent,Has a specific receiving course code and positive credits (default)
Bristol,CIS 155,Introduction to C++ Programming,3,Salem,,Computer Science Elective,3,,-,1,partial_or_elective,Receiving course name contains 'elective' AND receiving course code is empty
Bristol,CIS 155,Introduction to C++ Programming,3,Springfield Tech,CSC 101/101L,Computer Science 1 + Lab: Computer Science 1,3+1*,,-,1,partial_or_elective,Credits transferred has asterisk (conditional/variable transfer)
Bristol,CIS 155,Introduction to C++ Programming,3,UMass Amherst,,Major or general elective,3,,-,1,partial_or_elective,Receiving course name contains 'free elective' or 'general elective'
Bristol,CIS 155,Introduction to C++ Programming,3,UMass Amherst,,major or elective credit,3,,-,1,partial_or_elective,Receiving course name contains 'elective' AND receiving course code is empty
Bristol,CIS 155,Introduction to C++ Programming,3,UMass Dartmouth,,Computer Information Systems Elective,3,,-,1,partial_or_elective,Receiving course name contains 'elective' AND receiving course code is empty
Bristol,CIS 155,Introduction to C++ Programming,3,UMass Lowell,INFO 2680,C++ Programming,3,,-,2,direct_equivalent,Has a specific receiving course code and positive credits (default)
Bristol,CIS 155,Introduction to C++ Programming,3,Westfield,,Elective,3,,-,1,partial_or_elective,Receiving course name is purely 'Elective' (no specific course match)
Bristol,CIS 155,Introduction to C++ Programming,3,Worcester,,Computer Science Elective,3,,-,1,partial_or_elective,Receiving course name contains 'elective' AND receiving course code is empty
Bristol,CIS 156,Visual Basic,3,Bridgewater,,Computer Elective,3,,-,1,partial_or_elective,Receiving course name is purely 'Elective' (no specific course match)
Bristol,CIS 156,Visual Basic,3,Bunker Hill,CIT 216,Visual BasicFor additional information and/or a course syllabus contact CITDepartment@bhcc.mass.edu.,3,,-,2,direct_equivalent,Has a specific receiving course code and positive credits (default)
Bristol,CIS 156,Visual Basic,3,Fitchburg,,Game Design Elective,3,,-,1,partial_or_elective,Receiving course name contains 'elective' AND receiving course code is empty
Bristol,CIS 156,Visual Basic,3,Framingham,,Computer Science Elective,3,,-,1,partial_or_elective,Receiving course name contains 'elective' AND receiving course code is empty
Bristol,CIS 156,Visual Basic,3,MCLA,CSCI 246,Programming in Visual Basic I,3,,-,2,direct_equivalent,Has a specific receiving course code and positive credits (default)
Bristol,CIS 156,Visual Basic,3,Middlesex,,Computer Science Elective,3,,-,1,partial_or_elective,Receiving course name contains 'elective' AND receiving course code is empty
Bristol,CIS 156,Visual Basic,3,Northern Essex,CIS 142,Visual Basic Programming,3,,-,2,direct_equivalent,Has a specific receiving course code and positive credits (default)
Bristol,CIS 156,Visual Basic,3,Quinsigamond,,Computer Science Elective,3,,-,1,partial_or_elective,Receiving course name contains 'elective' AND receiving course code is empty
Bristol,CIS 156,Visual Basic,3,Roxbury,IST 145,Visual Basic,3,,-,2,direct_equivalent,Has a specific receiving course code and positive credits (default)
Bristol,CIS 156,Visual Basic,3,Salem,,Computer Science Elective,3,,-,1,partial_or_elective,Receiving course name contains 'elective' AND receiving course code is empty
Bristol,CIS 156,Visual Basic,3,UMass Amherst,,major or elective credit,3,,-,1,partial_or_elective,Receiving course name contains 'elective' AND receiving course code is empty
Bristol,CIS 156,Visual Basic,3,UMass Dartmouth,,Free Elective,3,,-,1,partial_or_elective,Receiving course name contains 'free elective' or 'general elective'
Bristol,CIS 156,Visual Basic,3,Westfield,,Elective,3,,-,1,partial_or_elective,Receiving course name is purely 'Elective' (no specific course match)
Bristol,CIS 156,Visual Basic,3,Worcester,,Computer Science Elective,3,,-,1,partial_or_elective,Receiving course name contains 'elective' AND receiving course code is empty
Bristol,CIS 157,Object-Oriented JAVA Programming I,4,Berkshire,CIS 231,Computer Science I with Java,4,,-,2,direct_equivalent,Has a specific receiving course code and positive credits (default)
Bristol,CIS 157,Object-Oriented JAVA Programming I,4,Bunker Hill,CIT 239#(Replaced: 9/1/2020),Java ProgrammingFor additional information and/or a course syllabus contact CITDepartment@bhcc.mass.edu.,4,,-,2,direct_equivalent,Has a specific receiving course code and positive credits (default)
Bristol,CIS 157,Object-Oriented JAVA Programming I,4,Bunker Hill,CSC 239,Java ProgrammingFor additional information and/or a course syllabus contact CITDepartment@bhcc.mass.edu.,4,,-,2,direct_equivalent,Has a specific receiving course code and positive credits (default)
Bristol,CIS 157,Object-Oriented JAVA Programming I,4,Cape Cod,CSC 110,Computer Programming I: Java,3,,-,2,direct_equivalent,Has a specific receiving course code and positive credits (default)
Bristol,CIS 157,Object-Oriented JAVA Programming I,4,Fitchburg,,Game Design Elective,4,,-,1,partial_or_elective,Receiving course name contains 'elective' AND receiving course code is empty
Bristol,CIS 157,Object-Oriented JAVA Programming I,4,Greenfield,CIS 251#(Replaced: 9/1/2020),Java Programming,4,,-,2,direct_equivalent,Has a specific receiving course code and positive credits (default)
Bristol,CIS 157,Object-Oriented JAVA Programming I,4,Greenfield,CSC 251,Java Programming,4,,-,2,direct_equivalent,Has a specific receiving course code and positive credits (default)
Bristol,CIS 157,Object-Oriented JAVA Programming I,4,Holyoke,CSI 254,Java Programming I,4,,-,2,direct_equivalent,Has a specific receiving course code and positive credits (default)
Bristol,CIS 157,Object-Oriented JAVA Programming I,4,Massasoit,COSC 157,Introduction to Java Programming,3,,-,2,direct_equivalent,Has a specific receiving course code and positive credits (default)
Bristol,CIS 157,Object-Oriented JAVA Programming I,4,Massasoit,COSC 157#(Replaced: 9/1/2025),Introduction to Java Programming,3,,-,2,direct_equivalent,Has a specific receiving course code and positive credits (default)
Bristol,CIS 157,Object-Oriented JAVA Programming I,4,Massasoit,CTIM 157#(Replaced: 9/1/2023),Introduction to Java Programming,3,,-,2,direct_equivalent,Has a specific receiving course code and positive credits (default)
Bristol,CIS 157,Object-Oriented JAVA Programming I,4,MassBay,CS 120,Programming I,4,,-,2,direct_equivalent,Has a specific receiving course code and positive credits (default)
Bristol,CIS 157,Object-Oriented JAVA Programming I,4,Middlesex,CSC 252,Programming II,4,,-,2,direct_equivalent,Has a specific receiving course code and positive credits (default)
Bristol,CIS 157,Object-Oriented JAVA Programming I,4,North Shore,CPS 101,Computer Science 1 (Java 1),4,,-,2,direct_equivalent,Has a specific receiving course code and positive credits (default)
Bristol,CIS 157,Object-Oriented JAVA Programming I,4,Quinsigamond,CIS 226,Introduction to Java,3,,-,2,direct_equivalent,Has a specific receiving course code and positive credits (default)
Bristol,CIS 157,Object-Oriented JAVA Programming I,4,Roxbury,IST 170,Java I,3,,-,2,direct_equivalent,Has a specific receiving course code and positive credits (default)
Bristol,CIS 157,Object-Oriented JAVA Programming I,4,Springfield Tech,CIT 215/215L,Java Programming + Lab: Java Programming,3+1,,-,1,partial_or_elective,Credits transferred has '+' indicating split credit (e.g. 3+1)
Bristol,CIS 157,Object-Oriented JAVA Programming I,4,Springfield Tech,CSC 111/111L,Introduction to the Java Programming Language + Lab: Introduction to the Java Programming Language,3+1,,-,1,partial_or_elective,Credits transferred has '+' indicating split credit (e.g. 3+1)
Bristol,CIS 157,Object-Oriented JAVA Programming I,4,UMass Amherst,,major or elective credit,4,,-,1,partial_or_elective,Receiving course name contains 'elective' AND receiving course code is empty
Bristol,CIS 157,Object-Oriented JAVA Programming I,4,UMass Dartmouth,CIS 180,Object-Oriented Prog I,4,,-,2,direct_equivalent,Has a specific receiving course code and positive credits (default)
Bristol,CIS 157,Object-Oriented JAVA Programming I,4,Worcester,CS 140,Introduction to Programming,4,,-,2,direct_equivalent,Has a specific receiving course code and positive credits (default)
Bristol,CIS 158,Introduction to Procedural Programming,4,Bridgewater,,Computer Elective,4,,-,1,partial_or_elective,Receiving course name is purely 'Elective' (no specific course match)
Bristol,CIS 158,Introduction to Procedural Programming,4,Fitchburg,,Computer Science Elective,4,,-,1,partial_or_elective,Receiving course name contains 'elective' AND receiving course code is empty
Bristol,CIS 158,Introduction to Procedural Programming,4,Framingham,,Computer Science Elective,4,,-,1,partial_or_elective,Receiving course name contains 'elective' AND receiving course code is empty
Bristol,CIS 158,Introduction to Procedural Programming,4,MCLA,,Computer Science Elective,4,,-,1,partial_or_elective,Receiving course name contains 'elective' AND receiving course code is empty
Bristol,CIS 158,Introduction to Procedural Programming,4,Middlesex,CSC 101,Introduction to Computer Science,4,,-,2,direct_equivalent,Has a specific receiving course code and positive credits (default)
Bristol,CIS 158,Introduction to Procedural Programming,4,Quinsigamond,,Computer Science Elective,4,,-,1,partial_or_elective,Receiving course name contains 'elective' AND receiving course code is empty
Bristol,CIS 158,Introduction to Procedural Programming,4,Salem,,Computer Science Elective,3,,-,1,partial_or_elective,Receiving course name contains 'elective' AND receiving course code is empty
Bristol,CIS 158,Introduction to Procedural Programming,4,UMass Amherst,,major or elective credit,4,,-,1,partial_or_elective,Receiving course name contains 'elective' AND receiving course code is empty
Bristol,CIS 158,Introduction to Procedural Programming,4,UMass Dartmouth,CIS 190,Intro Procedural Program,4,,-,2,direct_equivalent,Has a specific receiving course code and positive credits (default)
Bristol,CIS 158,Introduction to Procedural Programming,4,Westfield,,Elective,4,,-,1,partial_or_elective,Receiving course name is purely 'Elective' (no specific course match)
Bristol,CIS 158,Introduction to Procedural Programming,4,Worcester,,Computer Science Elective,4,,-,1,partial_or_elective,Receiving course name contains 'elective' AND receiving course code is empty
Bristol,CIS 160,The Microcomputer Environment,3,Bridgewater,,Computer Elective,3,,-,1,partial_or_elective,Receiving course name is purely 'Elective' (no specific course match)
Bristol,CIS 160,The Microcomputer Environment,3,Cape Cod,BIT 113#(Replaced: 9/1/2022),Microcomputer Hardware,3,,-,2,direct_equivalent,Has a specific receiving course code and positive credits (default)
Bristol,CIS 160,The Microcomputer Environment,3,Cape Cod,CIT 113,Microcomputer Hardware,3,,-,2,direct_equivalent,Has a specific receiving course code and positive credits (default)
Bristol,CIS 160,The Microcomputer Environment,3,Fitchburg,,Computer Science Elective,3,,-,1,partial_or_elective,Receiving course name contains 'elective' AND receiving course code is empty
Bristol,CIS 160,The Microcomputer Environment,3,Framingham,,Computer Science Elective,3,,-,1,partial_or_elective,Receiving course name contains 'elective' AND receiving course code is empty
Bristol,CIS 160,The Microcomputer Environment,3,MCLA,,Computer Science Elective,3,,-,1,partial_or_elective,Receiving course name contains 'elective' AND receiving course code is empty
Bristol,CIS 160,The Microcomputer Environment,3,Middlesex,,Computer Applications Elective,3,,-,1,partial_or_elective,Receiving course name contains 'elective' AND receiving course code is empty
Bristol,CIS 160,The Microcomputer Environment,3,Northern Essex,CTE 210,Microcomputers,3,,-,2,direct_equivalent,Has a specific receiving course code and positive credits (default)
Bristol,CIS 160,The Microcomputer Environment,3,Salem,,Not Transferable,,,-,0,not_transferable,Receiving course name indicates not transferable
Bristol,CIS 160,The Microcomputer Environment,3,UMass Amherst,,major or elective credit,3,,-,1,partial_or_elective,Receiving course name contains 'elective' AND receiving course code is empty
Bristol,CIS 160,The Microcomputer Environment,3,UMass Dartmouth,,Free Elective,3,,-,1,partial_or_elective,Receiving course name contains 'free elective' or 'general elective'
Bristol,CIS 160,The Microcomputer Environment,3,Westfield,,Elective,3,,-,1,partial_or_elective,Receiving course name is purely 'Elective' (no specific course match)
Bristol,CIS 160,The Microcomputer Environment,3,Worcester,,Free Elective,3,,-,1,partial_or_elective,Receiving course name contains 'free elective' or 'general elective'
Bristol,CIS 162,Applications for Web Development,3,Berkshire,CIS 155,Web Development,3,,-,2,direct_equivalent,Has a specific receiving course code and positive credits (default)
Bristol,CIS 162,Applications for Web Development,3,Bridgewater,,Computer Elective,3,,-,1,partial_or_elective,Receiving course name is purely 'Elective' (no specific course match)
Bristol,CIS 162,Applications for Web Development,3,Fitchburg,,Computer Science Elective,3,,-,1,partial_or_elective,Receiving course name contains 'elective' AND receiving course code is empty
Bristol,CIS 162,Applications for Web Development,3,Framingham,,Computer Science Elective,3,,-,1,partial_or_elective,Receiving course name contains 'elective' AND receiving course code is empty
Bristol,CIS 162,Applications for Web Development,3,Greenfield,CIS 151,Web Site Design and DevelopmentSpecial Requirement: Students not currently engaged in daily computer use should consider taking CIS 140 Computer Applications and Concepts.,3,,-,2,direct_equivalent,Has a specific receiving course code and positive credits (default)
Bristol,CIS 162,Applications for Web Development,3,Greenfield,CIS 151#(Replaced: 9/7/2022),Web Site Design and Development ISpecial Requirement: Students not currently engaged in daily computer use should consider taking CIS 140 Microcomputer Software Tools I.,3,,-,2,direct_equivalent,Has a specific receiving course code and positive credits (default)
Bristol,CIS 162,Applications for Web Development,3,Greenfield,CIS 151#(Replaced: 9/1/2016),Web Site Development,3,,-,2,direct_equivalent,Has a specific receiving course code and positive credits (default)
Bristol,CIS 162,Applications for Web Development,3,Holyoke,CSI 252,Introduction to Web Site Development,3,,-,2,direct_equivalent,Has a specific receiving course code and positive credits (default)
Bristol,CIS 162,Applications for Web Development,3,MassBay,CS 241,Web Site Development,3,,-,2,direct_equivalent,Has a specific receiving course code and positive credits (default)
Bristol,CIS 162,Applications for Web Development,3,MCLA,CSCI 288,Web Page Design,3,,-,2,direct_equivalent,Has a specific receiving course code and positive credits (default)
Bristol,CIS 162,Applications for Web Development,3,Middlesex,ITC 125,Introduction to Web Publishing,3,,-,2,direct_equivalent,Has a specific receiving course code and positive credits (default)
Bristol,CIS 162,Applications for Web Development,3,Quinsigamond,CIS 134,Web Page Development I,3,,-,2,direct_equivalent,Has a specific receiving course code and positive credits (default)
Bristol,CIS 162,Applications for Web Development,3,Roxbury,IST 150,Web Design Fluency,3,,-,2,direct_equivalent,Has a specific receiving course code and positive credits (default)
Bristol,CIS 162,Applications for Web Development,3,Salem,,Information Technology Elective,3,,-,1,partial_or_elective,Receiving course name contains 'elective' AND receiving course code is empty
Bristol,CIS 162,Applications for Web Development,3,Springfield Tech,CIT 140/140L,Web Authoring 1 + Lab: Web Authoring 1,3+1*,,-,1,partial_or_elective,Credits transferred has asterisk (conditional/variable transfer)
Bristol,CIS 162,Applications for Web Development,3,UMass Amherst,,major or elective credit,3,,-,1,partial_or_elective,Receiving course name contains 'elective' AND receiving course code is empty
Bristol,CIS 162,Applications for Web Development,3,UMass Dartmouth,,Studio Elective,3,,-,1,partial_or_elective,Receiving course name contains 'elective' AND receiving course code is empty
Bristol,CIS 162,Applications for Web Development,3,Westfield,,Elective,3,,-,1,partial_or_elective,Receiving course name is purely 'Elective' (no specific course match)
Bristol,CIS 162,Applications for Web Development,3,Worcester,,Computer Science Elective,3,,-,1,partial_or_elective,Receiving course name contains 'elective' AND receiving course code is empty
Bristol,CIS 231,Windows Server Administration II,3,Bridgewater,,Computer Elective,3,,-,1,partial_or_elective,Receiving course name is purely 'Elective' (no specific course match)
Bristol,CIS 231,Windows Server Administration II,3,Fitchburg,,Computer Science Elective,3,,-,1,partial_or_elective,Receiving course name contains 'elective' AND receiving course code is empty
Bristol,CIS 231,Windows Server Administration II,3,Framingham,,Computer Science Elective,3,,-,1,partial_or_elective,Receiving course name contains 'elective' AND receiving course code is empty
Bristol,CIS 231,Windows Server Administration II,3,MCLA,,Computer Science Elective,3,,-,1,partial_or_elective,Receiving course name contains 'elective' AND receiving course code is empty
Bristol,CIS 231,Windows Server Administration II,3,Middlesex,,Network Security Elective,3,,-,1,partial_or_elective,Receiving course name contains 'elective' AND receiving course code is empty
Bristol,CIS 231,Windows Server Administration II,3,Salem,,Computer Science Elective,3,,-,1,partial_or_elective,Receiving course name contains 'elective' AND receiving course code is empty
Bristol,CIS 231,Windows Server Administration II,3,Springfield Tech,CIT 121,Windows 2,3,,-,2,direct_equivalent,Has a specific receiving course code and positive credits (default)
Bristol,CIS 231,Windows Server Administration II,3,UMass Amherst,,major or elective credit,3,,-,1,partial_or_elective,Receiving course name contains 'elective' AND receiving course code is empty
Bristol,CIS 231,Windows Server Administration II,3,UMass Dartmouth,,Free Elective,3,,-,1,partial_or_elective,Receiving course name contains 'free elective' or 'general elective'
Bristol,CIS 231,Windows Server Administration II,3,Westfield,,Elective,3,,-,1,partial_or_elective,Receiving course name is purely 'Elective' (no specific course match)
Bristol,CIS 231,Windows Server Administration II,3,Worcester,,Free Elective,3,,-,1,partial_or_elective,Receiving course name contains 'free elective' or 'general elective'
Bristol,CIS 232,Unix/Linux System Administration II,3,Bridgewater,,Computer Elective,3,,-,1,partial_or_elective,Receiving course name is purely 'Elective' (no specific course match)
Bristol,CIS 232,Unix/Linux System Administration II,3,Fitchburg,,Computer Science Elective,3,,-,1,partial_or_elective,Receiving course name contains 'elective' AND receiving course code is empty
Bristol,CIS 232,Unix/Linux System Administration II,3,Framingham,,Computer Science Elective,3,,-,1,partial_or_elective,Receiving course name contains 'elective' AND receiving course code is empty
Bristol,CIS 232,Unix/Linux System Administration II,3,MCLA,,Computer Science Elective,3,,-,1,partial_or_elective,Receiving course name contains 'elective' AND receiving course code is empty
Bristol,CIS 232,Unix/Linux System Administration II,3,Middlesex,,Computer Science Elective,3,,-,1,partial_or_elective,Receiving course name contains 'elective' AND receiving course code is empty
Bristol,CIS 232,Unix/Linux System Administration II,3,Quinsigamond,CST 246,"UNIX Operating Systems IITwo hours lecture, three hours laboratory.",3,,-,2,direct_equivalent,Has a specific receiving course code and positive credits (default)
Bristol,CIS 232,Unix/Linux System Administration II,3,Salem,,Not Transferable,,,-,0,not_transferable,Receiving course name indicates not transferable
Bristol,CIS 232,Unix/Linux System Administration II,3,UMass Amherst,,Not transferable,,,-,0,not_transferable,Receiving course name indicates not transferable
Bristol,CIS 232,Unix/Linux System Administration II,3,UMass Dartmouth,,Free Elective,3,,-,1,partial_or_elective,Receiving course name contains 'free elective' or 'general elective'
Bristol,CIS 232,Unix/Linux System Administration II,3,Westfield,,Elective,3,,-,1,partial_or_elective,Receiving course name is purely 'Elective' (no specific course match)
Bristol,CIS 232,Unix/Linux System Administration II,3,Worcester,,Free Elective,3,,-,1,partial_or_elective,Receiving course name contains 'free elective' or 'general elective'
Bristol,CIS 233,Routing and Router Configuration,3,Bridgewater,,Computer Elective,3,,-,1,partial_or_elective,Receiving course name is purely 'Elective' (no specific course match)
Bristol,CIS 233,Routing and Router Configuration,3,Fitchburg,,Computer Science Elective,3,,-,1,partial_or_elective,Receiving course name contains 'elective' AND receiving course code is empty
Bristol,CIS 233,Routing and Router Configuration,3,Framingham,,Computer Science Elective,3,,-,1,partial_or_elective,Receiving course name contains 'elective' AND receiving course code is empty
Bristol,CIS 233,Routing and Router Configuration,3,MCLA,,Computer Science Elective,3,,-,1,partial_or_elective,Receiving course name contains 'elective' AND receiving course code is empty
Bristol,CIS 233,Routing and Router Configuration,3,Middlesex,,Network Security Elective,3,,-,1,partial_or_elective,Receiving course name contains 'elective' AND receiving course code is empty
Bristol,CIS 233,Routing and Router Configuration,3,Salem,,Management Information Systems Elective,3,,-,1,partial_or_elective,Receiving course name contains 'elective' AND receiving course code is empty
Bristol,CIS 233,Routing and Router Configuration,3,UMass Amherst,,Not transferable,,,-,0,not_transferable,Receiving course name indicates not transferable
Bristol,CIS 233,Routing and Router Configuration,3,UMass Dartmouth,,Free Elective,3,,-,1,partial_or_elective,Receiving course name contains 'free elective' or 'general elective'
Bristol,CIS 233,Routing and Router Configuration,3,Westfield,,Elective,3,,-,1,partial_or_elective,Receiving course name is purely 'Elective' (no specific course match)
Bristol,CIS 233,Routing and Router Configuration,3,Worcester,,Free Elective,3,,-,1,partial_or_elective,Receiving course name contains 'free elective' or 'general elective'
Bristol,CIS 250,Interactive Websites,3,Bridgewater,,Computer Elective,3,,-,1,partial_or_elective,Receiving course name is purely 'Elective' (no specific course match)
Bristol,CIS 250,Interactive Websites,3,Fitchburg,,Computer Science Elective,3,,-,1,partial_or_elective,Receiving course name contains 'elective' AND receiving course code is empty
Bristol,CIS 250,Interactive Websites,3,Framingham,,Computer Science Elective,3,,-,1,partial_or_elective,Receiving course name contains 'elective' AND receiving course code is empty
Bristol,CIS 250,Interactive Websites,3,MCLA,,Computer Science Elective,3,,-,1,partial_or_elective,Receiving course name contains 'elective' AND receiving course code is empty
Bristol,CIS 250,Interactive Websites,3,Middlesex,,Information Technology Elective,3,,-,1,partial_or_elective,Receiving course name contains 'elective' AND receiving course code is empty
Bristol,CIS 250,Interactive Websites,3,Salem,,Not Transferable,,,-,0,not_transferable,Receiving course name indicates not transferable
Bristol,CIS 250,Interactive Websites,3,UMass Amherst,,major or elective credit,3,,-,1,partial_or_elective,Receiving course name contains 'elective' AND receiving course code is empty
Bristol,CIS 250,Interactive Websites,3,Westfield,,Elective,3,,-,1,partial_or_elective,Receiving course name is purely 'Elective' (no specific course match)
Bristol,CIS 250,Interactive Websites,3,Worcester,,Free Elective,3,,-,1,partial_or_elective,Receiving course name contains 'free elective' or 'general elective'
Bristol,CIS 255,C++ Object Oriented Programming,3,Bridgewater,,Computer Elective,3,,-,1,partial_or_elective,Receiving course name is purely 'Elective' (no specific course match)
Bristol,CIS 255,C++ Object Oriented Programming,3,Fitchburg,,Computer Science Elective,3,,-,1,partial_or_elective,Receiving course name contains 'elective' AND receiving course code is empty
Bristol,CIS 255,C++ Object Oriented Programming,3,Framingham,,Computer Science Elective,3,,-,1,partial_or_elective,Receiving course name contains 'elective' AND receiving course code is empty
Bristol,CIS 255,C++ Object Oriented Programming,3,MCLA,CSCI 330,Programming in C++,3,,-,2,direct_equivalent,Has a specific receiving course code and positive credits (default)
Bristol,CIS 255,C++ Object Oriented Programming,3,Middlesex,CSC 151,Programming I,3,,-,2,direct_equivalent,Has a specific receiving course code and positive credits (default)
Bristol,CIS 255,C++ Object Oriented Programming,3,North Shore,CPS 224,Object Oriented Programming in C++,3,,-,2,direct_equivalent,Has a specific receiving course code and positive credits (default)
Bristol,CIS 255,C++ Object Oriented Programming,3,Quinsigamond,,Computer Science Elective,3,,-,1,partial_or_elective,Receiving course name contains 'elective' AND receiving course code is empty
Bristol,CIS 255,C++ Object Oriented Programming,3,Salem,,Computer Science Elective,3,,-,1,partial_or_elective,Receiving course name contains 'elective' AND receiving course code is empty
Bristol,CIS 255,C++ Object Oriented Programming,3,UMass Amherst,,Major or general elective,3,,-,1,partial_or_elective,Receiving course name contains 'free elective' or 'general elective'
Bristol,CIS 255,C++ Object Oriented Programming,3,UMass Amherst,,major or elective credit,3,,-,1,partial_or_elective,Receiving course name contains 'elective' AND receiving course code is empty
Bristol,CIS 255,C++ Object Oriented Programming,3,UMass Dartmouth,CIS 266,Object Oriented Prog C++,3,,-,2,direct_equivalent,Has a specific receiving course code and positive credits (default)
Bristol,CIS 255,C++ Object Oriented Programming,3,UMass Lowell,INFO 2680,C++ Programming,3,,-,2,direct_equivalent,Has a specific receiving course code and positive credits (default)
Bristol,CIS 255,C++ Object Oriented Programming,3,Westfield,,Elective,3,,-,1,partial_or_elective,Receiving course name is purely 'Elective' (no specific course match)
Bristol,CIS 255,C++ Object Oriented Programming,3,Worcester,,Computer Science Elective,3,,-,1,partial_or_elective,Receiving course name contains 'elective' AND receiving course code is empty
Bristol,CIS 257,Object-Oriented JAVA Programming II,4,Berkshire,CIS 232,Computer Science II with Java,4,,-,2,direct_equivalent,Has a specific receiving course code and positive credits (default)
Bristol,CIS 257,Object-Oriented JAVA Programming II,4,Bridgewater,,Computer Elective,4,,-,1,partial_or_elective,Receiving course name is purely 'Elective' (no specific course match)
Bristol,CIS 257,Object-Oriented JAVA Programming II,4,Bunker Hill,CIT 285#(Replaced: 9/1/2020),Advanced Java Programming,3,,-,2,direct_equivalent,Has a specific receiving course code and positive credits (default)
Bristol,CIS 257,Object-Oriented JAVA Programming II,4,Bunker Hill,CSC 285,Advanced Java ProgrammingFor additional information and/or a course syllabus contact cs@bhcc.mass.edu.,3,,-,2,direct_equivalent,Has a specific receiving course code and positive credits (default)
Bristol,CIS 257,Object-Oriented JAVA Programming II,4,Cape Cod,CSC 130,Computer Programming II: JAVA,4,,-,2,direct_equivalent,Has a specific receiving course code and positive credits (default)
Bristol,CIS 257,Object-Oriented JAVA Programming II,4,Fitchburg,,Computer Science Elective,4,,-,1,partial_or_elective,Receiving course name contains 'elective' AND receiving course code is empty
Bristol,CIS 257,Object-Oriented JAVA Programming II,4,Framingham,,Computer Science Elective,4,,-,1,partial_or_elective,Receiving course name contains 'elective' AND receiving course code is empty
Bristol,CIS 257,Object-Oriented JAVA Programming II,4,Holyoke,CSI 256,Java Programming II,4,,-,2,direct_equivalent,Has a specific receiving course code and positive credits (default)
Bristol,CIS 257,Object-Oriented JAVA Programming II,4,Massasoit,COSC 168,Advanced Java Programming,3,,-,2,direct_equivalent,Has a specific receiving course code and positive credits (default)
Bristol,CIS 257,Object-Oriented JAVA Programming II,4,Massasoit,COSC 168#(Replaced: 9/1/2025),Advanced Java Programming,3,,-,2,direct_equivalent,Has a specific receiving course code and positive credits (default)
Bristol,CIS 257,Object-Oriented JAVA Programming II,4,Massasoit,CTIM 168#(Replaced: 9/1/2023),Advanced Java Programming,3,,-,2,direct_equivalent,Has a specific receiving course code and positive credits (default)
Bristol,CIS 257,Object-Oriented JAVA Programming II,4,MassBay,CS 200,Programming II,4,,-,2,direct_equivalent,Has a specific receiving course code and positive credits (default)
Bristol,CIS 257,Object-Oriented JAVA Programming II,4,MCLA,CSCI 122,Programming in Java II,4,,-,2,direct_equivalent,Has a specific receiving course code and positive credits (default)
Bristol,CIS 257,Object-Oriented JAVA Programming II,4,Middlesex,,Computer Science Elective,4,,-,1,partial_or_elective,Receiving course name contains 'elective' AND receiving course code is empty
Bristol,CIS 257,Object-Oriented JAVA Programming II,4,North Shore,CPS 102,Computer Science 2 (Java 2),4,,-,2,direct_equivalent,Has a specific receiving course code and positive credits (default)
Bristol,CIS 257,Object-Oriented JAVA Programming II,4,Quinsigamond,CIS 227,Java II,3,,-,2,direct_equivalent,Has a specific receiving course code and positive credits (default)
Bristol,CIS 257,Object-Oriented JAVA Programming II,4,Roxbury,IST 270,Java II,3,,-,2,direct_equivalent,Has a specific receiving course code and positive credits (default)
Bristol,CIS 257,Object-Oriented JAVA Programming II,4,Salem,,Information Technology Elective,3,,-,1,partial_or_elective,Receiving course name contains 'elective' AND receiving course code is empty
Bristol,CIS 257,Object-Oriented JAVA Programming II,4,Springfield Tech,CSC 112/112L,Intermediate Topics in Java Programming + Lab: Intermediate Topics in Java Programming,3+1,,-,1,partial_or_elective,Credits transferred has '+' indicating split credit (e.g. 3+1)
Bristol,CIS 257,Object-Oriented JAVA Programming II,4,UMass Amherst,CICS 210,Data Structures,4,,-,2,direct_equivalent,Has a specific receiving course code and positive credits (default)
Bristol,CIS 257,Object-Oriented JAVA Programming II,4,UMass Dartmouth,CIS 181,Object-Oriented Prog II,4,,-,2,direct_equivalent,Has a specific receiving course code and positive credits (default)
Bristol,CIS 257,Object-Oriented JAVA Programming II,4,UMass Lowell,,Computer Science 1000 Level Elective,3,,-,1,partial_or_elective,Receiving course name contains 'elective' AND receiving course code is empty
Bristol,CIS 257,Object-Oriented JAVA Programming II,4,Westfield,,Elective,4,,-,1,partial_or_elective,Receiving course name is purely 'Elective' (no specific course match)
Bristol,CIS 257,Object-Oriented JAVA Programming II,4,Worcester,,Computer Science Elective,4,,-,1,partial_or_elective,Receiving course name contains 'elective' AND receiving course code is empty
Bristol,CIS 258,Advanced Interactive Programming,3,Bridgewater,,Computer Elective,3,,-,1,partial_or_elective,Receiving course name is purely 'Elective' (no specific course match)
Bristol,CIS 258,Advanced Interactive Programming,3,Fitchburg,,Computer Science Elective,3,,-,1,partial_or_elective,Receiving course name contains 'elective' AND receiving course code is empty
Bristol,CIS 258,Advanced Interactive Programming,3,Framingham,,Computer Science Elective,3,,-,1,partial_or_elective,Receiving course name contains 'elective' AND receiving course code is empty
Bristol,CIS 258,Advanced Interactive Programming,3,MCLA,,Computer Science Elective,3,,-,1,partial_or_elective,Receiving course name contains 'elective' AND receiving course code is empty
Bristol,CIS 258,Advanced Interactive Programming,3,Middlesex,,Computer Science Elective,3,,-,1,partial_or_elective,Receiving course name contains 'elective' AND receiving course code is empty
Bristol,CIS 258,Advanced Interactive Programming,3,Salem,,Computer Science Elective,3,,-,1,partial_or_elective,Receiving course name contains 'elective' AND receiving course code is empty
Bristol,CIS 258,Advanced Interactive Programming,3,UMass Amherst,,major or elective credit,3,,-,1,partial_or_elective,Receiving course name contains 'elective' AND receiving course code is empty
Bristol,CIS 258,Advanced Interactive Programming,3,Westfield,,Elective,3,,-,1,partial_or_elective,Receiving course name is purely 'Elective' (no specific course match)
Bristol,CIS 258,Advanced Interactive Programming,3,Worcester,,Computer Science Elective,3,,-,1,partial_or_elective,Receiving course name contains 'elective' AND receiving course code is empty
Bristol,CIS 260,Software Specification and Design,4,Bridgewater,,Computer Elective,4,,-,1,partial_or_elective,Receiving course name is purely 'Elective' (no specific course match)
Bristol,CIS 260,Software Specification and Design,4,Fitchburg,CSC 4400,Software Engineering,3+1,,-,1,partial_or_elective,Credits transferred has '+' indicating split credit (e.g. 3+1)
Bristol,CIS 260,Software Specification and Design,4,Framingham,,Computer Science Elective,4,,-,1,partial_or_elective,Receiving course name contains 'elective' AND receiving course code is empty
Bristol,CIS 260,Software Specification and Design,4,MCLA,,Computer Science Elective,4,,-,1,partial_or_elective,Receiving course name contains 'elective' AND receiving course code is empty
Bristol,CIS 260,Software Specification and Design,4,Middlesex,,Computer Science Elective,4,,-,1,partial_or_elective,Receiving course name contains 'elective' AND receiving course code is empty
Bristol,CIS 260,Software Specification and Design,4,Quinsigamond,,Computer Science Elective,4,,-,1,partial_or_elective,Receiving course name contains 'elective' AND receiving course code is empty
Bristol,CIS 260,Software Specification and Design,4,Salem,,Computer Science Elective,3,,-,1,partial_or_elective,Receiving course name contains 'elective' AND receiving course code is empty
Bristol,CIS 260,Software Specification and Design,4,UMass Amherst,,major or elective credit,4,,-,1,partial_or_elective,Receiving course name contains 'elective' AND receiving course code is empty
Bristol,CIS 260,Software Specification and Design,4,UMass Dartmouth,CIS 280,Software Specifications and Design,4,,-,2,direct_equivalent,Has a specific receiving course code and positive credits (default)
Bristol,CIS 260,Software Specification and Design,4,Westfield,,Elective,4,,-,1,partial_or_elective,Receiving course name is purely 'Elective' (no specific course match)
Bristol,CIS 260,Software Specification and Design,4,Worcester,,Computer Science Elective,4,,-,1,partial_or_elective,Receiving course name contains 'elective' AND receiving course code is empty
Bristol,CIS 261,Introduction to Computer Systems,4,Bridgewater,,Computer Elective,4,,-,1,partial_or_elective,Receiving course name is purely 'Elective' (no specific course match)
Bristol,CIS 261,Introduction to Computer Systems,4,Fitchburg,,Computer Science Elective,4,,-,1,partial_or_elective,Receiving course name contains 'elective' AND receiving course code is empty
Bristol,CIS 261,Introduction to Computer Systems,4,Framingham,,Computer Science Elective,4,,-,1,partial_or_elective,Receiving course name contains 'elective' AND receiving course code is empty
Bristol,CIS 261,Introduction to Computer Systems,4,MCLA,,Computer Science Elective,4,,-,1,partial_or_elective,Receiving course name contains 'elective' AND receiving course code is empty
Bristol,CIS 261,Introduction to Computer Systems,4,Middlesex,,Network Security Elective,4,,-,1,partial_or_elective,Receiving course name contains 'elective' AND receiving course code is empty
Bristol,CIS 261,Introduction to Computer Systems,4,Salem,,Computer Science Elective,3,,-,1,partial_or_elective,Receiving course name contains 'elective' AND receiving course code is empty
Bristol,CIS 261,Introduction to Computer Systems,4,Springfield Tech,CSE 110/110L,Introduction to Computer Systems + Lab: Introduction to Computer Systems,2,,-,2,direct_equivalent,Has a specific receiving course code and positive credits (default)
Bristol,CIS 261,Introduction to Computer Systems,4,Springfield Tech,CSET 210#(Replaced: ),Introduction to Computer Systemscorequisite with CSE 110L,2,,-,2,direct_equivalent,Has a specific receiving course code and positive credits (default)
Bristol,CIS 261,Introduction to Computer Systems,4,UMass Amherst,,major or elective credit,4,,-,1,partial_or_elective,Receiving course name contains 'elective' AND receiving course code is empty
Bristol,CIS 261,Introduction to Computer Systems,4,UMass Dartmouth,CIS 272,Intro to Computing Systems,4,,-,2,direct_equivalent,Has a specific receiving course code and positive credits (default)
Bristol,CIS 261,Introduction to Computer Systems,4,Westfield,,Elective,4,,-,1,partial_or_elective,Receiving course name is purely 'Elective' (no specific course match)
Bristol,CIS 262,Computer Organization and Design,4,Bridgewater,COMP 206,Introduction to Computer Organization,4,,-,2,direct_equivalent,Has a specific receiving course code and positive credits (default)
Bristol,CIS 262,Computer Organization and Design,4,Bridgewater,COMP 206#(Replaced: 9/4/2019),Introduction to Computer Organization,4,,-,2,direct_equivalent,Has a specific receiving course code and positive credits (default)
Bristol,CIS 262,Computer Organization and Design,4,Fitchburg,,Computer Science Elective,4,,-,1,partial_or_elective,Receiving course name contains 'elective' AND receiving course code is empty
Bristol,CIS 262,Computer Organization and Design,4,Framingham,,Computer Science Elective,4,,-,1,partial_or_elective,Receiving course name contains 'elective' AND receiving course code is empty
Bristol,CIS 262,Computer Organization and Design,4,MCLA,,Computer Science Elective,4,,-,1,partial_or_elective,Receiving course name contains 'elective' AND receiving course code is empty
Bristol,CIS 262,Computer Organization and Design,4,Middlesex,CSC 201#(Replaced: ),Computer Organization/Assembly Language,4,,-,2,direct_equivalent,Has a specific receiving course code and positive credits (default)
Bristol,CIS 262,Computer Organization and Design,4,Middlesex,CSC 202,Computer Organization/Assembly Language,4,,-,2,direct_equivalent,Has a specific receiving course code and positive credits (default)
Bristol,CIS 262,Computer Organization and Design,4,Quinsigamond,,Computer Science Elective,4,,-,1,partial_or_elective,Receiving course name contains 'elective' AND receiving course code is empty
Bristol,CIS 262,Computer Organization and Design,4,Salem,,Computer Science Elective,3,,-,1,partial_or_elective,Receiving course name contains 'elective' AND receiving course code is empty
Bristol,CIS 262,Computer Organization and Design,4,UMass Amherst,,major or elective credit,4,,-,1,partial_or_elective,Receiving course name contains 'elective' AND receiving course code is empty
Bristol,CIS 262,Computer Organization and Design,4,UMass Dartmouth,CIS 273,Comp Organiztn & Design,4,,-,2,direct_equivalent,Has a specific receiving course code and positive credits (default)
Bristol,CIS 262,Computer Organization and Design,4,UMass Dartmouth,CIS 273#(Replaced: ),Comp Organiztn & Design,4,,-,2,direct_equivalent,Has a specific receiving course code and positive credits (default)
Bristol,CIS 262,Computer Organization and Design,4,Westfield,,Elective,4,,-,1,partial_or_elective,Receiving course name is purely 'Elective' (no specific course match)
Bristol,CIS 262,Computer Organization and Design,4,Worcester,,Computer Science Elective,4,,-,1,partial_or_elective,Receiving course name contains 'elective' AND receiving course code is empty
Bristol,CIS 263,Information Systems Seminar,1,Bridgewater,,Computer Elective,1,,-,1,partial_or_elective,Receiving course name is purely 'Elective' (no specific course match)
Bristol,CIS 263,Information Systems Seminar,1,Bunker Hill,CIT 275,Information Security Seminar,1,,-,2,direct_equivalent,Has a specific receiving course code and positive credits (default)
Bristol,CIS 263,Information Systems Seminar,1,Fitchburg,,Computer Science Elective,1,,-,1,partial_or_elective,Receiving course name contains 'elective' AND receiving course code is empty
Bristol,CIS 263,Information Systems Seminar,1,Middlesex,,Network Security Elective,1,,-,1,partial_or_elective,Receiving course name contains 'elective' AND receiving course code is empty
Bristol,CIS 263,Information Systems Seminar,1,UMass Amherst,,Not transferable,,,-,0,not_transferable,Receiving course name indicates not transferable
Bristol,CIS 263,Information Systems Seminar,1,UMass Dartmouth,,Computer Information Systems Elective,1,,-,1,partial_or_elective,Receiving course name contains 'elective' AND receiving course code is empty
Bristol,CIS 263,Information Systems Seminar,1,Worcester,,Free Elective,1,,-,1,partial_or_elective,Receiving course name contains 'free elective' or 'general elective'
Bristol,CIS 266,Data Structures,4,Middlesex,CSC 257#(Replaced: ),Data Structures,4,,-,2,direct_equivalent,Has a specific receiving course code and positive credits (default)
Bristol,CIS 266,Data Structures,4,Middlesex,CSC 258,Data Structures,4,,-,2,direct_equivalent,Has a specific receiving course code and positive credits (default)
Bristol,CIS 270,Systems Analysis and Design Seminar,3,Bridgewater,,Computer Elective,3,,-,1,partial_or_elective,Receiving course name is purely 'Elective' (no specific course match)
Bristol,CIS 270,Systems Analysis and Design Seminar,3,Bunker Hill,CIT 275,Information Security Seminar,3,,-,2,direct_equivalent,Has a specific receiving course code and positive credits (default)
Bristol,CIS 270,Systems Analysis and Design Seminar,3,Fitchburg,CSC 4700,Systems Design & Implementation,3,,-,2,direct_equivalent,Has a specific receiving course code and positive credits (default)
Bristol,CIS 270,Systems Analysis and Design Seminar,3,Middlesex,,Computer Science Elective,3,,-,1,partial_or_elective,Receiving course name contains 'elective' AND receiving course code is empty
Bristol,CIS 270,Systems Analysis and Design Seminar,3,UMass Amherst,,Not transferable,,,-,0,not_transferable,Receiving course name indicates not transferable
Bristol,CIS 270,Systems Analysis and Design Seminar,3,UMass Dartmouth,,Computer Information Systems Elective,3,,-,1,partial_or_elective,Receiving course name contains 'elective' AND receiving course code is empty
Bristol,CIS 270,Systems Analysis and Design Seminar,3,Worcester,,Free Elective,3,,-,1,partial_or_elective,Receiving course name contains 'free elective' or 'general elective'
Bristol,CIS 271,Network Installation and Configuration Seminar,4,Bridgewater,,Computer Elective,4,,-,1,partial_or_elective,Receiving course name is purely 'Elective' (no specific course match)
Bristol,CIS 271,Network Installation and Configuration Seminar,4,Bunker Hill,CIT 275,Information Security Seminar,3,,-,2,direct_equivalent,Has a specific receiving course code and positive credits (default)
Bristol,CIS 271,Network Installation and Configuration Seminar,4,Fitchburg,,Computer Science Elective,4,,-,1,partial_or_elective,Receiving course name contains 'elective' AND receiving course code is empty
Bristol,CIS 271,Network Installation and Configuration Seminar,4,Middlesex,,Network Security Elective,4,,-,1,partial_or_elective,Receiving course name contains 'elective' AND receiving course code is empty
Bristol,CIS 271,Network Installation and Configuration Seminar,4,UMass Amherst,,Not transferable,,,-,0,not_transferable,Receiving course name indicates not transferable
Bristol,CIS 271,Network Installation and Configuration Seminar,4,UMass Dartmouth,,Free Elective,4,,-,1,partial_or_elective,Receiving course name contains 'free elective' or 'general elective'
Bristol,CIS 271,Network Installation and Configuration Seminar,4,Worcester,,Free Elective,4,,-,1,partial_or_elective,Receiving course name contains 'free elective' or 'general elective'
Bristol,CIS 272,Program Development Seminar,3,Bridgewater,,Computer Elective,3,,-,1,partial_or_elective,Receiving course name is purely 'Elective' (no specific course match)
Bristol,CIS 272,Program Development Seminar,3,Bunker Hill,CIT 275,Information Security Seminar,3,,-,2,direct_equivalent,Has a specific receiving course code and positive credits (default)
Bristol,CIS 272,Program Development Seminar,3,Fitchburg,,Computer Science Elective,3,,-,1,partial_or_elective,Receiving course name contains 'elective' AND receiving course code is empty
Bristol,CIS 272,Program Development Seminar,3,Middlesex,,Computer Science Elective,3,,-,1,partial_or_elective,Receiving course name contains 'elective' AND receiving course code is empty
Bristol,CIS 272,Program Development Seminar,3,UMass Amherst,,major or elective credit,3,,-,1,partial_or_elective,Receiving course name contains 'elective' AND receiving course code is empty
Bristol,CIS 272,Program Development Seminar,3,UMass Dartmouth,,Computer Information Systems Elective,3,,-,1,partial_or_elective,Receiving course name contains 'elective' AND receiving course code is empty
Bristol,CIS 272,Program Development Seminar,3,Worcester,,Free Elective,3,,-,1,partial_or_elective,Receiving course name contains 'free elective' or 'general elective'
Bristol,CIS 283,Selected Topics in CIS,3,Berkshire,CIS 297,Special Topics in Computer Information Systems,3-4*,,-,1,partial_or_elective,Credits transferred has asterisk (conditional/variable transfer)
Bristol,CIS 283,Selected Topics in CIS,3,Bridgewater,,Computer Elective,3,,-,1,partial_or_elective,Receiving course name is purely 'Elective' (no specific course match)
Bristol,CIS 283,Selected Topics in CIS,3,Bunker Hill,CIT 223,Special Topics in Digital and Computer ForensicsFor additional information and/or a course syllabus contact CITDepartment@bhcc.mass.edu.,3,,-,2,direct_equivalent,Has a specific receiving course code and positive credits (default)
Bristol,CIS 283,Selected Topics in CIS,3,Fitchburg,,Computer Science Elective,3,,-,1,partial_or_elective,Receiving course name contains 'elective' AND receiving course code is empty
Bristol,CIS 283,Selected Topics in CIS,3,Holyoke,CSI 250,Current Topics in Information Systems,3,,-,2,direct_equivalent,Has a specific receiving course code and positive credits (default)
Bristol,CIS 283,Selected Topics in CIS,3,Massasoit,CTIM 250,Current Issues in Computing,3,,-,2,direct_equivalent,Has a specific receiving course code and positive credits (default)
Bristol,CIS 283,Selected Topics in CIS,3,Middlesex,,Network Security Elective,3,,-,1,partial_or_elective,Receiving course name contains 'elective' AND receiving course code is empty
Bristol,CIS 283,Selected Topics in CIS,3,Northern Essex,CIS 144,Current Topics in Computer Science/Security,3,,-,2,direct_equivalent,Has a specific receiving course code and positive credits (default)
Bristol,CIS 283,Selected Topics in CIS,3,Northern Essex,CIS 146,Current Topics in Computer Science/Robotics,3,,-,2,direct_equivalent,Has a specific receiving course code and positive credits (default)
Bristol,CIS 283,Selected Topics in CIS,3,Springfield Tech,CIT 252,Advanced Security Topics,3,,-,2,direct_equivalent,Has a specific receiving course code and positive credits (default)
Bristol,CIS 283,Selected Topics in CIS,3,UMass Amherst,,Not transferable,,,-,0,not_transferable,Receiving course name indicates not transferable
Bristol,CIS 283,Selected Topics in CIS,3,UMass Dartmouth,,Computer Information Systems Elective,3,,-,1,partial_or_elective,Receiving course name contains 'elective' AND receiving course code is empty
Bristol,CIS 283,Selected Topics in CIS,3,Worcester,,Free Elective,3,,-,1,partial_or_elective,Receiving course name contains 'free elective' or 'general elective'
Greenfield,CIS 140,Computer Applications and ConceptsSpecial Requirement: Students not currently engaged in daily computer use should consider a word processing or introduction to computing workshop prior to taking CIS 140.3-BridgewaterCOMP 105Computers and Their Applications: An Introduction3,3,Bridgewater,COMP 105,Computers and Their Applications: An Introduction,3,,-,2,direct_equivalent,Has a specific receiving course code and positive credits (default)
Greenfield,CIS 140,Computer Applications and ConceptsSpecial Requirement: Students not currently engaged in daily computer use should consider a word processing or introduction to computing workshop prior to taking CIS 140.3-Bunker HillCIT 133Introduction to Microsoft OfficeFor additional information and/or a course syllabus contact CITDepartment@bhcc.mass.edu.3,3,Bunker Hill,CIT 133,Introduction to Microsoft OfficeFor additional information and/or a course syllabus contact CITDepartment@bhcc.mass.edu.,3,,-,2,direct_equivalent,Has a specific receiving course code and positive credits (default)
Greenfield,CIS 140,Computer Applications and ConceptsSpecial Requirement: Students not currently engaged in daily computer use should consider a word processing or introduction to computing workshop prior to taking CIS 140.3-FitchburgBSAD 1700Introduction to Computer Information Systems for Business3,3,Fitchburg,BSAD 1700,Introduction to Computer Information Systems for Business,3,,-,2,direct_equivalent,Has a specific receiving course code and positive credits (default)
Greenfield,CIS 140,Computer Applications and ConceptsSpecial Requirement: Students not currently engaged in daily computer use should consider a word processing or introduction to computing workshop prior to taking CIS 140.3-FraminghamBUIS 200Introduction to Business SystemsStudents may not receive credit for both BUIS 200 Introduction to Business Systems and 12.208 Microcomputer Applications in Business.3,3,Framingham,BUIS 200,Introduction to Business SystemsStudents may not receive credit for both BUIS 200 Introduction to Business Systems and 12.208 Microcomputer Applications in Business.,3,,-,2,direct_equivalent,Has a specific receiving course code and positive credits (default)
Greenfield,CIS 140,Computer Applications and ConceptsSpecial Requirement: Students not currently engaged in daily computer use should consider a word processing or introduction to computing workshop prior to taking CIS 140.3-MCLABADM 110#(Replaced: 1/1/2021)Information Technology for Business3,3,MCLA,BADM 110#(Replaced: 1/1/2021),Information Technology for Business,3,,-,2,direct_equivalent,Has a specific receiving course code and positive credits (default)
Greenfield,CIS 140,Computer Applications and ConceptsSpecial Requirement: Students not currently engaged in daily computer use should consider a word processing or introduction to computing workshop prior to taking CIS 140.3-MCLABADM 210Information Technology for Business3,3,MCLA,BADM 210,Information Technology for Business,3,,-,2,direct_equivalent,Has a specific receiving course code and positive credits (default)
Greenfield,CIS 140,Computer Applications and ConceptsSpecial Requirement: Students not currently engaged in daily computer use should consider a word processing or introduction to computing workshop prior to taking CIS 140.3-MiddlesexCAP 100Computer Essentials3,3,Middlesex,CAP 100,Computer Essentials,3,,-,2,direct_equivalent,Has a specific receiving course code and positive credits (default)
Greenfield,CIS 140,Computer Applications and ConceptsSpecial Requirement: Students not currently engaged in daily computer use should consider a word processing or introduction to computing workshop prior to taking CIS 140.3-SalemITC 241Spreadsheet Applications in the Professions3,3,Salem,ITC 241,Spreadsheet Applications in the Professions,3,,-,2,direct_equivalent,Has a specific receiving course code and positive credits (default)
Greenfield,CIS 140,Computer Applications and ConceptsSpecial Requirement: Students not currently engaged in daily computer use should consider a word processing or introduction to computing workshop prior to taking CIS 140.3-UMass AmherstOIM 210Introduction to Business Information Systems3,3,UMass Amherst,OIM 210,Introduction to Business Information Systems,3,,-,2,direct_equivalent,Has a specific receiving course code and positive credits (default)
Greenfield,CIS 140,Computer Applications and ConceptsSpecial Requirement: Students not currently engaged in daily computer use should consider a word processing or introduction to computing workshop prior to taking CIS 140.3-UMass DartmouthMIS 101The Business Organization3,3,UMass Dartmouth,MIS 101,The Business Organization,3,,-,2,direct_equivalent,Has a specific receiving course code and positive credits (default)
Greenfield,CIS 140,Computer Applications and ConceptsSpecial Requirement: Students not currently engaged in daily computer use should consider a word processing or introduction to computing workshop prior to taking CIS 140.3-WestfieldMGMT 0107Software Applications in Management3,3,Westfield,MGMT 0107,Software Applications in Management,3,,-,2,direct_equivalent,Has a specific receiving course code and positive credits (default)
Greenfield,CIS 140,Computer Applications and ConceptsSpecial Requirement: Students not currently engaged in daily computer use should consider a word processing or introduction to computing workshop prior to taking CIS 140.3-WorcesterCS 120Microcomputer Applications3,3,Worcester,CS 120,Microcomputer Applications,3,,-,2,direct_equivalent,Has a specific receiving course code and positive credits (default)
Greenfield,CIS 140#(Replaced: 9/1/2016),Microcomputer Software Tools I,3,Bridgewater,COMP 105,Computers and Their Applications: An Introduction,3,,-,2,direct_equivalent,Has a specific receiving course code and positive credits (default)
Greenfield,CIS 140#(Replaced: 9/1/2016),Microcomputer Software Tools I,3,Bunker Hill,CIT 133,Introduction to Microsoft OfficeFor additional information and/or a course syllabus contact CITDepartment@bhcc.mass.edu.,3,,-,2,direct_equivalent,Has a specific receiving course code and positive credits (default)
Greenfield,CIS 140#(Replaced: 9/1/2016),Microcomputer Software Tools I,3,Fitchburg,BSAD 1700,Introduction to Computer Information Systems for Business,3,,-,2,direct_equivalent,Has a specific receiving course code and positive credits (default)
Greenfield,CIS 140#(Replaced: 9/1/2016),Microcomputer Software Tools I,3,Framingham,BUIS 200,Introduction to Business SystemsStudents may not receive credit for both BUIS 200 Introduction to Business Systems and 12.208 Microcomputer Applications in Business.,3,,-,2,direct_equivalent,Has a specific receiving course code and positive credits (default)
Greenfield,CIS 140#(Replaced: 9/1/2016),Microcomputer Software Tools I,3,MCLA,BADM 110#(Replaced: 1/1/2021),Information Technology for Business,3,,-,2,direct_equivalent,Has a specific receiving course code and positive credits (default)
Greenfield,CIS 140#(Replaced: 9/1/2016),Microcomputer Software Tools I,3,MCLA,BADM 210,Information Technology for Business,3,,-,2,direct_equivalent,Has a specific receiving course code and positive credits (default)
Greenfield,CIS 140#(Replaced: 9/1/2016),Microcomputer Software Tools I,3,Middlesex,CAP 100,Computer Essentials,3,,-,2,direct_equivalent,Has a specific receiving course code and positive credits (default)
Greenfield,CIS 140#(Replaced: 9/1/2016),Microcomputer Software Tools I,3,Salem,ITC 241,Spreadsheet Applications in the Professions,3,,-,2,direct_equivalent,Has a specific receiving course code and positive credits (default)
Greenfield,CIS 140#(Replaced: 9/1/2016),Microcomputer Software Tools I,3,UMass Amherst,OIM 210,Introduction to Business Information Systems,3,,-,2,direct_equivalent,Has a specific receiving course code and positive credits (default)
Greenfield,CIS 140#(Replaced: 9/1/2016),Microcomputer Software Tools I,3,UMass Dartmouth,MIS 101,The Business Organization,3,,-,2,direct_equivalent,Has a specific receiving course code and positive credits (default)
Greenfield,CIS 140#(Replaced: 9/1/2016),Microcomputer Software Tools I,3,Westfield,MGMT 0107,Software Applications in Management,3,,-,2,direct_equivalent,Has a specific receiving course code and positive credits (default)
Greenfield,CIS 140#(Replaced: 9/1/2016),Microcomputer Software Tools I,3,Worcester,CS 120,Microcomputer Applications,3,,-,2,direct_equivalent,Has a specific receiving course code and positive credits (default)
Greenfield,CIS 141,Computer Information Management and Data Analytics,3,Bridgewater,,Computer Elective,3,,-,1,partial_or_elective,Receiving course name is purely 'Elective' (no specific course match)
Greenfield,CIS 141,Computer Information Management and Data Analytics,3,Fitchburg,,Computer Science Elective,3,,-,1,partial_or_elective,Receiving course name contains 'elective' AND receiving course code is empty
Greenfield,CIS 141,Computer Information Management and Data Analytics,3,Framingham,,Computer Science Elective,3,,-,1,partial_or_elective,Receiving course name contains 'elective' AND receiving course code is empty
Greenfield,CIS 141,Computer Information Management and Data Analytics,3,MCLA,,Computer Science Elective,3,,-,1,partial_or_elective,Receiving course name contains 'elective' AND receiving course code is empty
Greenfield,CIS 141,Computer Information Management and Data Analytics,3,Middlesex,,Computer Applications Elective,3,,-,1,partial_or_elective,Receiving course name contains 'elective' AND receiving course code is empty
Greenfield,CIS 141,Computer Information Management and Data Analytics,3,Salem,ITC 100,Computers and Their Uses,3,,-,2,direct_equivalent,Has a specific receiving course code and positive credits (default)
Greenfield,CIS 141,Computer Information Management and Data Analytics,3,UMass Amherst,CMPSCI 105,Computer Literacy,3,,-,2,direct_equivalent,Has a specific receiving course code and positive credits (default)
Greenfield,CIS 141,Computer Information Management and Data Analytics,3,UMass Amherst,COMPSCI 105,Computer Literacy,3,,-,2,direct_equivalent,Has a specific receiving course code and positive credits (default)
Greenfield,CIS 141,Computer Information Management and Data Analytics,3,UMass Dartmouth,,Computer Information Systems Elective,3,,-,1,partial_or_elective,Receiving course name contains 'elective' AND receiving course code is empty
Greenfield,CIS 141,Computer Information Management and Data Analytics,3,UMass Lowell,INFO 2020,Microsoft Office,3,,-,2,direct_equivalent,Has a specific receiving course code and positive credits (default)
Greenfield,CIS 141,Computer Information Management and Data Analytics,3,Westfield,CAIS 0224#(Disc'd: 9/1/2019),,3,,-,2,direct_equivalent,Has a specific receiving course code and positive credits (default)
Greenfield,CIS 141,Computer Information Management and Data Analytics,3,Worcester,,Computer Science Elective,3,,-,1,partial_or_elective,Receiving course name contains 'elective' AND receiving course code is empty
Greenfield,CIS 141#(Replaced: 9/1/2016),Microcomputer Software Tools II,3,Bridgewater,,Computer Elective,3,,-,1,partial_or_elective,Receiving course name is purely 'Elective' (no specific course match)
Greenfield,CIS 141#(Replaced: 9/1/2016),Microcomputer Software Tools II,3,Fitchburg,,Computer Science Elective,3,,-,1,partial_or_elective,Receiving course name contains 'elective' AND receiving course code is empty
Greenfield,CIS 141#(Replaced: 9/1/2016),Microcomputer Software Tools II,3,Framingham,,Computer Science Elective,3,,-,1,partial_or_elective,Receiving course name contains 'elective' AND receiving course code is empty
Greenfield,CIS 141#(Replaced: 9/1/2016),Microcomputer Software Tools II,3,MCLA,,Computer Science Elective,3,,-,1,partial_or_elective,Receiving course name contains 'elective' AND receiving course code is empty
Greenfield,CIS 141#(Replaced: 9/1/2016),Microcomputer Software Tools II,3,Middlesex,,Computer Applications Elective,3,,-,1,partial_or_elective,Receiving course name contains 'elective' AND receiving course code is empty
Greenfield,CIS 141#(Replaced: 9/1/2016),Microcomputer Software Tools II,3,Salem,ITC 100,Computers and Their Uses,3,,-,2,direct_equivalent,Has a specific receiving course code and positive credits (default)
Greenfield,CIS 141#(Replaced: 9/1/2016),Microcomputer Software Tools II,3,UMass Amherst,CMPSCI 105,Computer Literacy,3,,-,2,direct_equivalent,Has a specific receiving course code and positive credits (default)
Greenfield,CIS 141#(Replaced: 9/1/2016),Microcomputer Software Tools II,3,UMass Amherst,COMPSCI 105,Computer Literacy,3,,-,2,direct_equivalent,Has a specific receiving course code and positive credits (default)
Greenfield,CIS 141#(Replaced: 9/1/2016),Microcomputer Software Tools II,3,UMass Dartmouth,,Computer Information Systems Elective,3,,-,1,partial_or_elective,Receiving course name contains 'elective' AND receiving course code is empty
Greenfield,CIS 141#(Replaced: 9/1/2016),Microcomputer Software Tools II,3,UMass Lowell,INFO 2020,Microsoft Office,3,,-,2,direct_equivalent,Has a specific receiving course code and positive credits (default)
Greenfield,CIS 141#(Replaced: 9/1/2016),Microcomputer Software Tools II,3,Westfield,CAIS 0224#(Disc'd: 9/1/2019),,3,,-,2,direct_equivalent,Has a specific receiving course code and positive credits (default)
Greenfield,CIS 141#(Replaced: 9/1/2016),Microcomputer Software Tools II,3,Worcester,,Computer Science Elective,3,,-,1,partial_or_elective,Receiving course name contains 'elective' AND receiving course code is empty
Greenfield,CIS 145,Database Design and Management,3,Bridgewater,,Computer Elective,3,,-,1,partial_or_elective,Receiving course name is purely 'Elective' (no specific course match)
Greenfield,CIS 145,Database Design and Management,3,Framingham,,Computer Science Elective,3,,-,1,partial_or_elective,Receiving course name contains 'elective' AND receiving course code is empty
Greenfield,CIS 145,Database Design and Management,3,Massasoit,CTIM 271,Database Concepts and Practices,3,,-,2,direct_equivalent,Has a specific receiving course code and positive credits (default)
Greenfield,CIS 145,Database Design and Management,3,MCLA,,Computer Science Elective,3,,-,1,partial_or_elective,Receiving course name contains 'elective' AND receiving course code is empty
Greenfield,CIS 145,Database Design and Management,3,Middlesex,CAP 156,Database Applications,3,,-,2,direct_equivalent,Has a specific receiving course code and positive credits (default)
Greenfield,CIS 145,Database Design and Management,3,Mount Wachusett,CIS 123,Microcomputer Database Management,3,,-,2,direct_equivalent,Has a specific receiving course code and positive credits (default)
Greenfield,CIS 145,Database Design and Management,3,Roxbury,IST 230,Relational Databases,3,,-,2,direct_equivalent,Has a specific receiving course code and positive credits (default)
Greenfield,CIS 145,Database Design and Management,3,Salem,,Computer Science Elective,3,,-,1,partial_or_elective,Receiving course name contains 'elective' AND receiving course code is empty
Greenfield,CIS 145,Database Design and Management,3,UMass Amherst,,Major or general elective,3,,-,1,partial_or_elective,Receiving course name contains 'free elective' or 'general elective'
Greenfield,CIS 145,Database Design and Management,3,UMass Dartmouth,,Free Elective,3,,-,1,partial_or_elective,Receiving course name contains 'free elective' or 'general elective'
Greenfield,CIS 145,Database Design and Management,3,Westfield,,Elective,3,,-,1,partial_or_elective,Receiving course name is purely 'Elective' (no specific course match)
Greenfield,CIS 145,Database Design and Management,3,Worcester,,Computer Science Elective,3,,-,1,partial_or_elective,Receiving course name contains 'elective' AND receiving course code is empty
Greenfield,CIS 145#(Replaced: 9/7/2022),Relational Database Design and Application,3,Bridgewater,,Computer Elective,3,,-,1,partial_or_elective,Receiving course name is purely 'Elective' (no specific course match)
Greenfield,CIS 145#(Replaced: 9/7/2022),Relational Database Design and Application,3,Framingham,,Computer Science Elective,3,,-,1,partial_or_elective,Receiving course name contains 'elective' AND receiving course code is empty
Greenfield,CIS 145#(Replaced: 9/7/2022),Relational Database Design and Application,3,Massasoit,CTIM 271,Database Concepts and Practices,3,,-,2,direct_equivalent,Has a specific receiving course code and positive credits (default)
Greenfield,CIS 145#(Replaced: 9/7/2022),Relational Database Design and Application,3,MCLA,,Computer Science Elective,3,,-,1,partial_or_elective,Receiving course name contains 'elective' AND receiving course code is empty
Greenfield,CIS 145#(Replaced: 9/7/2022),Relational Database Design and Application,3,Middlesex,CAP 156,Database Applications,3,,-,2,direct_equivalent,Has a specific receiving course code and positive credits (default)
Greenfield,CIS 145#(Replaced: 9/7/2022),Relational Database Design and Application,3,Mount Wachusett,CIS 123,Microcomputer Database Management,3,,-,2,direct_equivalent,Has a specific receiving course code and positive credits (default)
Greenfield,CIS 145#(Replaced: 9/7/2022),Relational Database Design and Application,3,Roxbury,IST 230,Relational Databases,3,,-,2,direct_equivalent,Has a specific receiving course code and positive credits (default)
Greenfield,CIS 145#(Replaced: 9/7/2022),Relational Database Design and Application,3,Salem,,Computer Science Elective,3,,-,1,partial_or_elective,Receiving course name contains 'elective' AND receiving course code is empty
Greenfield,CIS 145#(Replaced: 9/7/2022),Relational Database Design and Application,3,UMass Amherst,,Major or general elective,3,,-,1,partial_or_elective,Receiving course name contains 'free elective' or 'general elective'
Greenfield,CIS 145#(Replaced: 9/7/2022),Relational Database Design and Application,3,UMass Dartmouth,,Free Elective,3,,-,1,partial_or_elective,Receiving course name contains 'free elective' or 'general elective'
Greenfield,CIS 145#(Replaced: 9/7/2022),Relational Database Design and Application,3,Westfield,,Elective,3,,-,1,partial_or_elective,Receiving course name is purely 'Elective' (no specific course match)
Greenfield,CIS 145#(Replaced: 9/7/2022),Relational Database Design and Application,3,Worcester,,Computer Science Elective,3,,-,1,partial_or_elective,Receiving course name contains 'elective' AND receiving course code is empty
Greenfield,CIS 151,Web Site Design and DevelopmentSpecial Requirement: Students not currently engaged in daily computer use should consider taking CIS 140 Computer Applications and Concepts.3-BerkshireCIS 155Web Development3,3,Berkshire,CIS 155,Web Development,3,,-,2,direct_equivalent,Has a specific receiving course code and positive credits (default)
Greenfield,CIS 151,Web Site Design and DevelopmentSpecial Requirement: Students not currently engaged in daily computer use should consider taking CIS 140 Computer Applications and Concepts.3-BridgewaterComputer Elective3,3,Bridgewater,,Computer Elective,3,,-,1,partial_or_elective,Receiving course name is purely 'Elective' (no specific course match)
Greenfield,CIS 151,Web Site Design and DevelopmentSpecial Requirement: Students not currently engaged in daily computer use should consider taking CIS 140 Computer Applications and Concepts.3-BristolCIS 162Applications for Web Development3,3,Bristol,CIS 162,Applications for Web Development,3,,-,2,direct_equivalent,Has a specific receiving course code and positive credits (default)
Greenfield,CIS 151,Web Site Design and DevelopmentSpecial Requirement: Students not currently engaged in daily computer use should consider taking CIS 140 Computer Applications and Concepts.3-FitchburgCSC 1150Basics of Web Design3,3,Fitchburg,CSC 1150,Basics of Web Design,3,,-,2,direct_equivalent,Has a specific receiving course code and positive credits (default)
Greenfield,CIS 151,Web Site Design and DevelopmentSpecial Requirement: Students not currently engaged in daily computer use should consider taking CIS 140 Computer Applications and Concepts.3-FraminghamComputer Science Elective3,3,Framingham,,Computer Science Elective,3,,-,1,partial_or_elective,Receiving course name contains 'elective' AND receiving course code is empty
Greenfield,CIS 151,Web Site Design and DevelopmentSpecial Requirement: Students not currently engaged in daily computer use should consider taking CIS 140 Computer Applications and Concepts.3-HolyokeCSI 252Introduction to Web Site Development3,3,Holyoke,CSI 252,Introduction to Web Site Development,3,,-,2,direct_equivalent,Has a specific receiving course code and positive credits (default)
Greenfield,CIS 151,Web Site Design and DevelopmentSpecial Requirement: Students not currently engaged in daily computer use should consider taking CIS 140 Computer Applications and Concepts.3-MassBayCS 241Web Site Development3,3,MassBay,CS 241,Web Site Development,3,,-,2,direct_equivalent,Has a specific receiving course code and positive credits (default)
Greenfield,CIS 151,Web Site Design and DevelopmentSpecial Requirement: Students not currently engaged in daily computer use should consider taking CIS 140 Computer Applications and Concepts.3-MCLAComputer Science Elective3,3,MCLA,,Computer Science Elective,3,,-,1,partial_or_elective,Receiving course name contains 'elective' AND receiving course code is empty
Greenfield,CIS 151,Web Site Design and DevelopmentSpecial Requirement: Students not currently engaged in daily computer use should consider taking CIS 140 Computer Applications and Concepts.3-MiddlesexITC 125Introduction to Web Publishing3,3,Middlesex,ITC 125,Introduction to Web Publishing,3,,-,2,direct_equivalent,Has a specific receiving course code and positive credits (default)
Greenfield,CIS 151,Web Site Design and DevelopmentSpecial Requirement: Students not currently engaged in daily computer use should consider taking CIS 140 Computer Applications and Concepts.3-QuinsigamondCIS 134Web Page Development I3,3,Quinsigamond,CIS 134,Web Page Development I,3,,-,2,direct_equivalent,Has a specific receiving course code and positive credits (default)
Greenfield,CIS 151,Web Site Design and DevelopmentSpecial Requirement: Students not currently engaged in daily computer use should consider taking CIS 140 Computer Applications and Concepts.3-RoxburyIST 150Web Design Fluency3,3,Roxbury,IST 150,Web Design Fluency,3,,-,2,direct_equivalent,Has a specific receiving course code and positive credits (default)
Greenfield,CIS 151,Web Site Design and DevelopmentSpecial Requirement: Students not currently engaged in daily computer use should consider taking CIS 140 Computer Applications and Concepts.3-SalemComputer Science Elective3,3,Salem,,Computer Science Elective,3,,-,1,partial_or_elective,Receiving course name contains 'elective' AND receiving course code is empty
Greenfield,CIS 151,Web Site Design and DevelopmentSpecial Requirement: Students not currently engaged in daily computer use should consider taking CIS 140 Computer Applications and Concepts.3-Springfield TechCIT 140/140LWeb Authoring 1 + Lab: Web Authoring 13+1*,3,Springfield Tech,CIT 140/140L,Web Authoring 1 + Lab: Web Authoring 1,3+1*,,-,1,partial_or_elective,Credits transferred has asterisk (conditional/variable transfer)
Greenfield,CIS 151,Web Site Design and DevelopmentSpecial Requirement: Students not currently engaged in daily computer use should consider taking CIS 140 Computer Applications and Concepts.3-UMass AmherstMajor or general elective3,3,UMass Amherst,,Major or general elective,3,,-,1,partial_or_elective,Receiving course name contains 'free elective' or 'general elective'
Greenfield,CIS 151,Web Site Design and DevelopmentSpecial Requirement: Students not currently engaged in daily computer use should consider taking CIS 140 Computer Applications and Concepts.3-UMass DartmouthCIS 120Web Page Development3,3,UMass Dartmouth,CIS 120,Web Page Development,3,,-,2,direct_equivalent,Has a specific receiving course code and positive credits (default)
Greenfield,CIS 151,Web Site Design and DevelopmentSpecial Requirement: Students not currently engaged in daily computer use should consider taking CIS 140 Computer Applications and Concepts.3-WestfieldCAIS 0216#(Disc'd: 6/1/2024)Web-Based Application Development3,3,Westfield,CAIS 0216#(Disc'd: 6/1/2024),Web-Based Application Development,3,,-,2,direct_equivalent,Has a specific receiving course code and positive credits (default)
Greenfield,CIS 151,Web Site Design and DevelopmentSpecial Requirement: Students not currently engaged in daily computer use should consider taking CIS 140 Computer Applications and Concepts.3-WorcesterComputer Science Elective3,3,Worcester,,Computer Science Elective,3,,-,1,partial_or_elective,Receiving course name contains 'elective' AND receiving course code is empty
Greenfield,CIS 151#(Replaced: 9/7/2022),Web Site Design and Development ISpecial Requirement: Students not currently engaged in daily computer use should consider taking CIS 140 Microcomputer Software Tools I.3-BerkshireCIS 155Web Development3,3,Berkshire,CIS 155,Web Development,3,,-,2,direct_equivalent,Has a specific receiving course code and positive credits (default)
Greenfield,CIS 151#(Replaced: 9/7/2022),Web Site Design and Development ISpecial Requirement: Students not currently engaged in daily computer use should consider taking CIS 140 Microcomputer Software Tools I.3-BridgewaterComputer Elective3,3,Bridgewater,,Computer Elective,3,,-,1,partial_or_elective,Receiving course name is purely 'Elective' (no specific course match)
Greenfield,CIS 151#(Replaced: 9/7/2022),Web Site Design and Development ISpecial Requirement: Students not currently engaged in daily computer use should consider taking CIS 140 Microcomputer Software Tools I.3-BristolCIS 162Applications for Web Development3,3,Bristol,CIS 162,Applications for Web Development,3,,-,2,direct_equivalent,Has a specific receiving course code and positive credits (default)
Greenfield,CIS 151#(Replaced: 9/7/2022),Web Site Design and Development ISpecial Requirement: Students not currently engaged in daily computer use should consider taking CIS 140 Microcomputer Software Tools I.3-FitchburgCSC 1150Basics of Web Design3,3,Fitchburg,CSC 1150,Basics of Web Design,3,,-,2,direct_equivalent,Has a specific receiving course code and positive credits (default)
Greenfield,CIS 151#(Replaced: 9/7/2022),Web Site Design and Development ISpecial Requirement: Students not currently engaged in daily computer use should consider taking CIS 140 Microcomputer Software Tools I.3-FraminghamComputer Science Elective3,3,Framingham,,Computer Science Elective,3,,-,1,partial_or_elective,Receiving course name contains 'elective' AND receiving course code is empty
Greenfield,CIS 151#(Replaced: 9/7/2022),Web Site Design and Development ISpecial Requirement: Students not currently engaged in daily computer use should consider taking CIS 140 Microcomputer Software Tools I.3-HolyokeCSI 252Introduction to Web Site Development3,3,Holyoke,CSI 252,Introduction to Web Site Development,3,,-,2,direct_equivalent,Has a specific receiving course code and positive credits (default)
Greenfield,CIS 151#(Replaced: 9/7/2022),Web Site Design and Development ISpecial Requirement: Students not currently engaged in daily computer use should consider taking CIS 140 Microcomputer Software Tools I.3-MassBayCS 241Web Site Development3,3,MassBay,CS 241,Web Site Development,3,,-,2,direct_equivalent,Has a specific receiving course code and positive credits (default)
Greenfield,CIS 151#(Replaced: 9/7/2022),Web Site Design and Development ISpecial Requirement: Students not currently engaged in daily computer use should consider taking CIS 140 Microcomputer Software Tools I.3-MCLAComputer Science Elective3,3,MCLA,,Computer Science Elective,3,,-,1,partial_or_elective,Receiving course name contains 'elective' AND receiving course code is empty
Greenfield,CIS 151#(Replaced: 9/7/2022),Web Site Design and Development ISpecial Requirement: Students not currently engaged in daily computer use should consider taking CIS 140 Microcomputer Software Tools I.3-MiddlesexITC 125Introduction to Web Publishing3,3,Middlesex,ITC 125,Introduction to Web Publishing,3,,-,2,direct_equivalent,Has a specific receiving course code and positive credits (default)
Greenfield,CIS 151#(Replaced: 9/7/2022),Web Site Design and Development ISpecial Requirement: Students not currently engaged in daily computer use should consider taking CIS 140 Microcomputer Software Tools I.3-QuinsigamondCIS 134Web Page Development I3,3,Quinsigamond,CIS 134,Web Page Development I,3,,-,2,direct_equivalent,Has a specific receiving course code and positive credits (default)
Greenfield,CIS 151#(Replaced: 9/7/2022),Web Site Design and Development ISpecial Requirement: Students not currently engaged in daily computer use should consider taking CIS 140 Microcomputer Software Tools I.3-RoxburyIST 150Web Design Fluency3,3,Roxbury,IST 150,Web Design Fluency,3,,-,2,direct_equivalent,Has a specific receiving course code and positive credits (default)
Greenfield,CIS 151#(Replaced: 9/7/2022),Web Site Design and Development ISpecial Requirement: Students not currently engaged in daily computer use should consider taking CIS 140 Microcomputer Software Tools I.3-SalemComputer Science Elective3,3,Salem,,Computer Science Elective,3,,-,1,partial_or_elective,Receiving course name contains 'elective' AND receiving course code is empty
Greenfield,CIS 151#(Replaced: 9/7/2022),Web Site Design and Development ISpecial Requirement: Students not currently engaged in daily computer use should consider taking CIS 140 Microcomputer Software Tools I.3-Springfield TechCIT 140/140LWeb Authoring 1 + Lab: Web Authoring 13+1*,3,Springfield Tech,CIT 140/140L,Web Authoring 1 + Lab: Web Authoring 1,3+1*,,-,1,partial_or_elective,Credits transferred has asterisk (conditional/variable transfer)
Greenfield,CIS 151#(Replaced: 9/7/2022),Web Site Design and Development ISpecial Requirement: Students not currently engaged in daily computer use should consider taking CIS 140 Microcomputer Software Tools I.3-UMass AmherstMajor or general elective3,3,UMass Amherst,,Major or general elective,3,,-,1,partial_or_elective,Receiving course name contains 'free elective' or 'general elective'
Greenfield,CIS 151#(Replaced: 9/7/2022),Web Site Design and Development ISpecial Requirement: Students not currently engaged in daily computer use should consider taking CIS 140 Microcomputer Software Tools I.3-UMass DartmouthCIS 120Web Page Development3,3,UMass Dartmouth,CIS 120,Web Page Development,3,,-,2,direct_equivalent,Has a specific receiving course code and positive credits (default)
Greenfield,CIS 151#(Replaced: 9/7/2022),Web Site Design and Development ISpecial Requirement: Students not currently engaged in daily computer use should consider taking CIS 140 Microcomputer Software Tools I.3-WestfieldCAIS 0216#(Disc'd: 6/1/2024)Web-Based Application Development3,3,Westfield,CAIS 0216#(Disc'd: 6/1/2024),Web-Based Application Development,3,,-,2,direct_equivalent,Has a specific receiving course code and positive credits (default)
Greenfield,CIS 151#(Replaced: 9/7/2022),Web Site Design and Development ISpecial Requirement: Students not currently engaged in daily computer use should consider taking CIS 140 Microcomputer Software Tools I.3-WorcesterComputer Science Elective3,3,Worcester,,Computer Science Elective,3,,-,1,partial_or_elective,Receiving course name contains 'elective' AND receiving course code is empty
Greenfield,CIS 151#(Replaced: 9/1/2016),Web Site Development,3,Berkshire,CIS 155,Web Development,3,,-,2,direct_equivalent,Has a specific receiving course code and positive credits (default)
Greenfield,CIS 151#(Replaced: 9/1/2016),Web Site Development,3,Bridgewater,,Computer Elective,3,,-,1,partial_or_elective,Receiving course name is purely 'Elective' (no specific course match)
Greenfield,CIS 151#(Replaced: 9/1/2016),Web Site Development,3,Bristol,CIS 162,Applications for Web Development,3,,-,2,direct_equivalent,Has a specific receiving course code and positive credits (default)
Greenfield,CIS 151#(Replaced: 9/1/2016),Web Site Development,3,Fitchburg,CSC 1150,Basics of Web Design,3,,-,2,direct_equivalent,Has a specific receiving course code and positive credits (default)
Greenfield,CIS 151#(Replaced: 9/1/2016),Web Site Development,3,Framingham,,Computer Science Elective,3,,-,1,partial_or_elective,Receiving course name contains 'elective' AND receiving course code is empty
Greenfield,CIS 151#(Replaced: 9/1/2016),Web Site Development,3,Holyoke,CSI 252,Introduction to Web Site Development,3,,-,2,direct_equivalent,Has a specific receiving course code and positive credits (default)
Greenfield,CIS 151#(Replaced: 9/1/2016),Web Site Development,3,MassBay,CS 241,Web Site Development,3,,-,2,direct_equivalent,Has a specific receiving course code and positive credits (default)
Greenfield,CIS 151#(Replaced: 9/1/2016),Web Site Development,3,MCLA,,Computer Science Elective,3,,-,1,partial_or_elective,Receiving course name contains 'elective' AND receiving course code is empty
Greenfield,CIS 151#(Replaced: 9/1/2016),Web Site Development,3,Middlesex,ITC 125,Introduction to Web Publishing,3,,-,2,direct_equivalent,Has a specific receiving course code and positive credits (default)
Greenfield,CIS 151#(Replaced: 9/1/2016),Web Site Development,3,Quinsigamond,CIS 134,Web Page Development I,3,,-,2,direct_equivalent,Has a specific receiving course code and positive credits (default)
Greenfield,CIS 151#(Replaced: 9/1/2016),Web Site Development,3,Roxbury,IST 150,Web Design Fluency,3,,-,2,direct_equivalent,Has a specific receiving course code and positive credits (default)
Greenfield,CIS 151#(Replaced: 9/1/2016),Web Site Development,3,Salem,,Computer Science Elective,3,,-,1,partial_or_elective,Receiving course name contains 'elective' AND receiving course code is empty
Greenfield,CIS 151#(Replaced: 9/1/2016),Web Site Development,3,Springfield Tech,CIT 140/140L,Web Authoring 1 + Lab: Web Authoring 1,3+1*,,-,1,partial_or_elective,Credits transferred has asterisk (conditional/variable transfer)
Greenfield,CIS 151#(Replaced: 9/1/2016),Web Site Development,3,UMass Amherst,,Major or general elective,3,,-,1,partial_or_elective,Receiving course name contains 'free elective' or 'general elective'
Greenfield,CIS 151#(Replaced: 9/1/2016),Web Site Development,3,UMass Dartmouth,CIS 120,Web Page Development,3,,-,2,direct_equivalent,Has a specific receiving course code and positive credits (default)
Greenfield,CIS 151#(Replaced: 9/1/2016),Web Site Development,3,Westfield,CAIS 0216#(Disc'd: 6/1/2024),Web-Based Application Development,3,,-,2,direct_equivalent,Has a specific receiving course code and positive credits (default)
Greenfield,CIS 151#(Replaced: 9/1/2016),Web Site Development,3,Worcester,,Computer Science Elective,3,,-,1,partial_or_elective,Receiving course name contains 'elective' AND receiving course code is empty
Greenfield,CIS 180,Network Workstation Administration,3,Fitchburg,,Computer Science Elective,3,,-,1,partial_or_elective,Receiving course name contains 'elective' AND receiving course code is empty
Greenfield,CIS 180,Network Workstation Administration,3,Middlesex,NST 231,Networking II,3,,-,2,direct_equivalent,Has a specific receiving course code and positive credits (default)
Greenfield,CIS 180,Network Workstation Administration,3,Worcester,,Free Elective,3,,-,1,partial_or_elective,Receiving course name contains 'free elective' or 'general elective'
Greenfield,CIS 201#(Replaced: 1/1/2017),Introduction to Discrete Computation,4,Bridgewater,,Computer Elective,4,,D,1,partial_or_elective,Receiving course name is purely 'Elective' (no specific course match)
Greenfield,CIS 201#(Replaced: 1/1/2017),Introduction to Discrete Computation,4,Fitchburg,CSC 1900,Discrete Mathematics,3+1,,D,1,partial_or_elective,Credits transferred has '+' indicating split credit (e.g. 3+1)
Greenfield,CIS 201#(Replaced: 1/1/2017),Introduction to Discrete Computation,4,Fitchburg,MATH 1900,Discrete Mathematics,3+1,,D,1,partial_or_elective,Credits transferred has '+' indicating split credit (e.g. 3+1)
Greenfield,CIS 201#(Replaced: 1/1/2017),Introduction to Discrete Computation,4,Framingham,CSCI 317,Discrete Structures,4,,D,2,direct_equivalent,Has a specific receiving course code and positive credits (default)
Greenfield,CIS 201#(Replaced: 1/1/2017),Introduction to Discrete Computation,4,MassBay,CS 205,Introduction to Computation,4,,D,2,direct_equivalent,Has a specific receiving course code and positive credits (default)
Greenfield,CIS 201#(Replaced: 1/1/2017),Introduction to Discrete Computation,4,MCLA,,Computer Science Elective,4,,D,1,partial_or_elective,Receiving course name contains 'elective' AND receiving course code is empty
Greenfield,CIS 201#(Replaced: 1/1/2017),Introduction to Discrete Computation,4,Middlesex,,Computer Science Elective,4,,D,1,partial_or_elective,Receiving course name contains 'elective' AND receiving course code is empty
Greenfield,CIS 201#(Replaced: 1/1/2017),Introduction to Discrete Computation,4,Quinsigamond,,Computer Science Elective,3,,D,1,partial_or_elective,Receiving course name contains 'elective' AND receiving course code is empty
Greenfield,CIS 201#(Replaced: 1/1/2017),Introduction to Discrete Computation,4,Salem,,Computer Science Elective,4,,D,1,partial_or_elective,Receiving course name contains 'elective' AND receiving course code is empty
Greenfield,CIS 201#(Replaced: 1/1/2017),Introduction to Discrete Computation,4,UMass Amherst,,Major or general elective,4,,D,1,partial_or_elective,Receiving course name contains 'free elective' or 'general elective'
Greenfield,CIS 201#(Replaced: 1/1/2017),Introduction to Discrete Computation,4,UMass Dartmouth,,Free Elective,4,,D,1,partial_or_elective,Receiving course name contains 'free elective' or 'general elective'
Greenfield,CIS 201#(Replaced: 1/1/2017),Introduction to Discrete Computation,4,Westfield,MATH 0220,Discrete StructuresPre-req can be taken as co-req,4,,D,2,direct_equivalent,Has a specific receiving course code and positive credits (default)
Greenfield,CIS 201#(Replaced: 1/1/2017),Introduction to Discrete Computation,4,Worcester,CS 297,Selected Topics in Computer Science,4*,,D,1,partial_or_elective,Credits transferred has asterisk (conditional/variable transfer)
Greenfield,CIS 251#(Replaced: 9/1/2020),Java Programming,4,Berkshire,CIS 231,Computer Science I with Java,4,,D,2,direct_equivalent,Has a specific receiving course code and positive credits (default)
Greenfield,CIS 251#(Replaced: 9/1/2020),Java Programming,4,Bristol,CIS 157,Object-Oriented JAVA Programming I,4,,D,2,direct_equivalent,Has a specific receiving course code and positive credits (default)
Greenfield,CIS 251#(Replaced: 9/1/2020),Java Programming,4,Bunker Hill,CIT 239#(Replaced: 9/1/2020),Java ProgrammingFor additional information and/or a course syllabus contact CITDepartment@bhcc.mass.edu.,4,,D,2,direct_equivalent,Has a specific receiving course code and positive credits (default)
Greenfield,CIS 251#(Replaced: 9/1/2020),Java Programming,4,Bunker Hill,CSC 239,Java ProgrammingFor additional information and/or a course syllabus contact CITDepartment@bhcc.mass.edu.,4,,D,2,direct_equivalent,Has a specific receiving course code and positive credits (default)
Greenfield,CIS 251#(Replaced: 9/1/2020),Java Programming,4,Cape Cod,CSC 110,Computer Programming I: Java,3,,D,2,direct_equivalent,Has a specific receiving course code and positive credits (default)
Greenfield,CIS 251#(Replaced: 9/1/2020),Java Programming,4,Fitchburg,CSC 1500,Computer Science I,4,,D,2,direct_equivalent,Has a specific receiving course code and positive credits (default)
Greenfield,CIS 251#(Replaced: 9/1/2020),Java Programming,4,Holyoke,CSI 254,Java Programming I,4,,D,2,direct_equivalent,Has a specific receiving course code and positive credits (default)
Greenfield,CIS 251#(Replaced: 9/1/2020),Java Programming,4,Massasoit,COSC 157,Introduction to Java Programming,3,,D,2,direct_equivalent,Has a specific receiving course code and positive credits (default)
Greenfield,CIS 251#(Replaced: 9/1/2020),Java Programming,4,Massasoit,COSC 157#(Replaced: 9/1/2025),Introduction to Java Programming,3,,D,2,direct_equivalent,Has a specific receiving course code and positive credits (default)
Greenfield,CIS 251#(Replaced: 9/1/2020),Java Programming,4,Massasoit,CTIM 157#(Replaced: 9/1/2023),Introduction to Java Programming,3,,D,2,direct_equivalent,Has a specific receiving course code and positive credits (default)
Greenfield,CIS 251#(Replaced: 9/1/2020),Java Programming,4,MassBay,CS 120,Programming I,4,,D,2,direct_equivalent,Has a specific receiving course code and positive credits (default)
Greenfield,CIS 251#(Replaced: 9/1/2020),Java Programming,4,Middlesex,CSC 252,Programming II,4,,D,2,direct_equivalent,Has a specific receiving course code and positive credits (default)
Greenfield,CIS 251#(Replaced: 9/1/2020),Java Programming,4,North Shore,CPS 101,Computer Science 1 (Java 1),4,,D,2,direct_equivalent,Has a specific receiving course code and positive credits (default)
Greenfield,CIS 251#(Replaced: 9/1/2020),Java Programming,4,Quinsigamond,CIS 226,Introduction to Java,3,,D,2,direct_equivalent,Has a specific receiving course code and positive credits (default)
Greenfield,CIS 251#(Replaced: 9/1/2020),Java Programming,4,Roxbury,IST 170,Java I,3,,D,2,direct_equivalent,Has a specific receiving course code and positive credits (default)
Greenfield,CIS 251#(Replaced: 9/1/2020),Java Programming,4,Springfield Tech,CIT 215/215L,Java Programming + Lab: Java Programming,3+1,,D,1,partial_or_elective,Credits transferred has '+' indicating split credit (e.g. 3+1)
Greenfield,CIS 251#(Replaced: 9/1/2020),Java Programming,4,Springfield Tech,CSC 111/111L,Introduction to the Java Programming Language + Lab: Introduction to the Java Programming Language,3+1,,D,1,partial_or_elective,Credits transferred has '+' indicating split credit (e.g. 3+1)
Greenfield,CIS 251#(Replaced: 9/1/2020),Java Programming,4,UMass Amherst,CICS 110,Foundations of Programming,4,,D,2,direct_equivalent,Has a specific receiving course code and positive credits (default)
Greenfield,CIS 251#(Replaced: 9/1/2020),Java Programming,4,UMass Dartmouth,CIS 180,Object-Oriented Prog I,4,,D,2,direct_equivalent,Has a specific receiving course code and positive credits (default)
Greenfield,CIS 251#(Replaced: 9/1/2020),Java Programming,4,Worcester,,Computer Science Elective,4,,D,1,partial_or_elective,Receiving course name contains 'elective' AND receiving course code is empty
Greenfield,CIS 252#(Replaced: 9/1/2020),C++ Programming,3,Berkshire,CIS 124,C++ Programming I,3,,D,2,direct_equivalent,Has a specific receiving course code and positive credits (default)
Greenfield,CIS 252#(Replaced: 9/1/2020),C++ Programming,3,Bridgewater,,Computer Elective,3,,D,1,partial_or_elective,Receiving course name is purely 'Elective' (no specific course match)
Greenfield,CIS 252#(Replaced: 9/1/2020),C++ Programming,3,Bristol,CIS 155,Introduction to C++ Programming,3,,D,2,direct_equivalent,Has a specific receiving course code and positive credits (default)
Greenfield,CIS 252#(Replaced: 9/1/2020),C++ Programming,3,Bunker Hill,CIT 237#(Replaced: 9/1/2020),C++ ProgrammingFor additional information and/or a course syllabus contact CITDepartment@bhcc.mass.edu.,3,,D,2,direct_equivalent,Has a specific receiving course code and positive credits (default)
Greenfield,CIS 252#(Replaced: 9/1/2020),C++ Programming,3,Bunker Hill,CSC 237,C++ ProgrammingFor additional information and/or a course syllabus contact CITDepartment@bhcc.mass.edu.,3,,D,2,direct_equivalent,Has a specific receiving course code and positive credits (default)
Greenfield,CIS 252#(Replaced: 9/1/2020),C++ Programming,3,Cape Cod,CSC 120,Computer Programming I: C++,3,,D,2,direct_equivalent,Has a specific receiving course code and positive credits (default)
Greenfield,CIS 252#(Replaced: 9/1/2020),C++ Programming,3,Fitchburg,,Computer Science Elective,3,,D,1,partial_or_elective,Receiving course name contains 'elective' AND receiving course code is empty
Greenfield,CIS 252#(Replaced: 9/1/2020),C++ Programming,3,Framingham,,Computer Science Elective,3,,D,1,partial_or_elective,Receiving course name contains 'elective' AND receiving course code is empty
Greenfield,CIS 252#(Replaced: 9/1/2020),C++ Programming,3,Massasoit,CTIM 371,Programming in C++,3,,D,2,direct_equivalent,Has a specific receiving course code and positive credits (default)
Greenfield,CIS 252#(Replaced: 9/1/2020),C++ Programming,3,MassBay,CS 211,C++ Programming,3,,D,2,direct_equivalent,Has a specific receiving course code and positive credits (default)
Greenfield,CIS 252#(Replaced: 9/1/2020),C++ Programming,3,MCLA,CSCI 330,Programming in C++,3,,D,2,direct_equivalent,Has a specific receiving course code and positive credits (default)
Greenfield,CIS 252#(Replaced: 9/1/2020),C++ Programming,3,Middlesex,,Computer Science Elective,4*,,D,1,partial_or_elective,Receiving course name contains 'elective' AND receiving course code is empty
Greenfield,CIS 252#(Replaced: 9/1/2020),C++ Programming,3,Middlesex,CSC 151,Programming I,4*,,D,1,partial_or_elective,Credits transferred has asterisk (conditional/variable transfer)
Greenfield,CIS 252#(Replaced: 9/1/2020),C++ Programming,3,Northern Essex,CIS 240,C++ Programming Language,3,,D,2,direct_equivalent,Has a specific receiving course code and positive credits (default)
Greenfield,CIS 252#(Replaced: 9/1/2020),C++ Programming,3,Quinsigamond,CIS 121,Introduction to Programming in C++,3,,D,2,direct_equivalent,Has a specific receiving course code and positive credits (default)
Greenfield,CIS 252#(Replaced: 9/1/2020),C++ Programming,3,Salem,,Computer Science Elective,3,,D,1,partial_or_elective,Receiving course name contains 'elective' AND receiving course code is empty
Greenfield,CIS 252#(Replaced: 9/1/2020),C++ Programming,3,Springfield Tech,CSC 101/101L,Computer Science 1 + Lab: Computer Science 1,3+1*,,D,1,partial_or_elective,Credits transferred has asterisk (conditional/variable transfer)
Greenfield,CIS 252#(Replaced: 9/1/2020),C++ Programming,3,UMass Amherst,,Major or general credit,4*,,D,1,partial_or_elective,Receiving course name indicates generic/major credit without specific course
Greenfield,CIS 252#(Replaced: 9/1/2020),C++ Programming,3,UMass Dartmouth,CIS 266,Object Oriented Prog C++,3,,D,2,direct_equivalent,Has a specific receiving course code and positive credits (default)
Greenfield,CIS 252#(Replaced: 9/1/2020),C++ Programming,3,UMass Lowell,INFO 2680,C++ Programming,3,,D,2,direct_equivalent,Has a specific receiving course code and positive credits (default)
Greenfield,CIS 252#(Replaced: 9/1/2020),C++ Programming,3,Westfield,,Computer and Information Science Elective,3,,D,1,partial_or_elective,Receiving course name contains 'elective' AND receiving course code is empty
Greenfield,CIS 252#(Replaced: 9/1/2020),C++ Programming,3,Worcester,,Computer Science Elective,4*,,D,1,partial_or_elective,Receiving course name contains 'elective' AND receiving course code is empty
Greenfield,CIS 254#(Replaced: 9/1/2020),Data Structures and Algorithms,4,Berkshire,CIS 211,Data Structures,4,,D,2,direct_equivalent,Has a specific receiving course code and positive credits (default)
Greenfield,CIS 254#(Replaced: 9/1/2020),Data Structures and Algorithms,4,Bridgewater,COMP 250,Data Structures and Algorithms,4,,D,2,direct_equivalent,Has a specific receiving course code and positive credits (default)
Greenfield,CIS 254#(Replaced: 9/1/2020),Data Structures and Algorithms,4,Bridgewater,COMP 330#(Replaced: 9/1/2017),Data Structures and Algorithms,4,,D,2,direct_equivalent,Has a specific receiving course code and positive credits (default)
Greenfield,CIS 254#(Replaced: 9/1/2020),Data Structures and Algorithms,4,Bunker Hill,CIT 242#(Replaced: 9/1/2020),Data StructuresFor additional information and/or a course syllabus contact CITDepartment@bhcc.mass.edu.,3,,D,2,direct_equivalent,Has a specific receiving course code and positive credits (default)
Greenfield,CIS 254#(Replaced: 9/1/2020),Data Structures and Algorithms,4,Bunker Hill,CSC 242,Data StructuresFor additional information and/or a course syllabus contact CITDepartment@bhcc.mass.edu.,3,,D,2,direct_equivalent,Has a specific receiving course code and positive credits (default)
Greenfield,CIS 254#(Replaced: 9/1/2020),Data Structures and Algorithms,4,Cape Cod,CSC 230,Data Structures,4,,D,2,direct_equivalent,Has a specific receiving course code and positive credits (default)
Greenfield,CIS 254#(Replaced: 9/1/2020),Data Structures and Algorithms,4,Fitchburg,,Computer Science Elective,4,,D,1,partial_or_elective,Receiving course name contains 'elective' AND receiving course code is empty
Greenfield,CIS 254#(Replaced: 9/1/2020),Data Structures and Algorithms,4,Framingham,,Computer Science Elective,4,,D,1,partial_or_elective,Receiving course name contains 'elective' AND receiving course code is empty
Greenfield,CIS 254#(Replaced: 9/1/2020),Data Structures and Algorithms,4,MassBay,CS 208,Data Structures,4,,D,2,direct_equivalent,Has a specific receiving course code and positive credits (default)
Greenfield,CIS 254#(Replaced: 9/1/2020),Data Structures and Algorithms,4,MCLA,,Computer Science Elective,4,,D,1,partial_or_elective,Receiving course name contains 'elective' AND receiving course code is empty
Greenfield,CIS 254#(Replaced: 9/1/2020),Data Structures and Algorithms,4,Middlesex,CSC 257#(Replaced: ),Data Structures,4,,D,2,direct_equivalent,Has a specific receiving course code and positive credits (default)
Greenfield,CIS 254#(Replaced: 9/1/2020),Data Structures and Algorithms,4,Middlesex,CSC 258,Data Structures,4,,D,2,direct_equivalent,Has a specific receiving course code and positive credits (default)
Greenfield,CIS 254#(Replaced: 9/1/2020),Data Structures and Algorithms,4,North Shore,CPS 203,Data Structures,4,,D,2,direct_equivalent,Has a specific receiving course code and positive credits (default)
Greenfield,CIS 254#(Replaced: 9/1/2020),Data Structures and Algorithms,4,Quinsigamond,CSC  211#(Replaced: 9/1/2024),Programming with Data Structure,4,,D,2,direct_equivalent,Has a specific receiving course code and positive credits (default)
Greenfield,CIS 254#(Replaced: 9/1/2020),Data Structures and Algorithms,4,Quinsigamond,CSC 211#(Replaced: 9/1/2017),Programming and Data Structures,4,,D,2,direct_equivalent,Has a specific receiving course code and positive credits (default)
Greenfield,CIS 254#(Replaced: 9/1/2020),Data Structures and Algorithms,4,Quinsigamond,CSC 211,Programming with Data Structure,4,,D,2,direct_equivalent,Has a specific receiving course code and positive credits (default)
Greenfield,CIS 254#(Replaced: 9/1/2020),Data Structures and Algorithms,4,Roxbury,IST 281,Data Structures and Algorithms,3,,D,2,direct_equivalent,Has a specific receiving course code and positive credits (default)
Greenfield,CIS 254#(Replaced: 9/1/2020),Data Structures and Algorithms,4,Salem,CSC 260,Data Structures and Algorithms,4,,D,2,direct_equivalent,Has a specific receiving course code and positive credits (default)
Greenfield,CIS 254#(Replaced: 9/1/2020),Data Structures and Algorithms,4,Springfield Tech,CSC 220/220L,Data Structures and Algorithms + Lab: Data Structures and Algorithms,3+1,,D,1,partial_or_elective,Credits transferred has '+' indicating split credit (e.g. 3+1)
Greenfield,CIS 254#(Replaced: 9/1/2020),Data Structures and Algorithms,4,UMass Amherst,CICS 210,Data Structures,4,,D,2,direct_equivalent,Has a specific receiving course code and positive credits (default)
Greenfield,CIS 254#(Replaced: 9/1/2020),Data Structures and Algorithms,4,UMass Dartmouth,CIS 360,Algorithms & Data Struct,3,,D,2,direct_equivalent,Has a specific receiving course code and positive credits (default)
Greenfield,CIS 254#(Replaced: 9/1/2020),Data Structures and Algorithms,4,UMass Lowell,COMP 1020/1040L,Computing II + Computing II Lab,4,,D,2,direct_equivalent,Has a specific receiving course code and positive credits (default)
Greenfield,CIS 254#(Replaced: 9/1/2020),Data Structures and Algorithms,4,Westfield,CAIS 0230,Data Structures/Algorithm Analysis,4,,D,2,direct_equivalent,Has a specific receiving course code and positive credits (default)
Greenfield,CIS 254#(Replaced: 9/1/2020),Data Structures and Algorithms,4,Worcester,CS 242,Data Structures,4,,D,2,direct_equivalent,Has a specific receiving course code and positive credits (default)
Greenfield,CSC 201,"Introduction to Discrete ComputationStudents may receive credit for CSC 201 or CIS 201, but not for both.4DBridgewaterComputer Elective4",4,Bridgewater,,Computer Elective,4,,D,1,partial_or_elective,Receiving course name is purely 'Elective' (no specific course match)
Greenfield,CSC 201,"Introduction to Discrete ComputationStudents may receive credit for CSC 201 or CIS 201, but not for both.4DFitchburgCSC 1900Discrete Mathematics3+1",4,Fitchburg,CSC 1900,Discrete Mathematics,3+1,,D,1,partial_or_elective,Credits transferred has '+' indicating split credit (e.g. 3+1)
Greenfield,CSC 201,"Introduction to Discrete ComputationStudents may receive credit for CSC 201 or CIS 201, but not for both.4DFitchburgMATH 1900Discrete Mathematics3+1",4,Fitchburg,MATH 1900,Discrete Mathematics,3+1,,D,1,partial_or_elective,Credits transferred has '+' indicating split credit (e.g. 3+1)
Greenfield,CSC 201,"Introduction to Discrete ComputationStudents may receive credit for CSC 201 or CIS 201, but not for both.4DFraminghamCSCI 317Discrete Structures4",4,Framingham,CSCI 317,Discrete Structures,4,,D,2,direct_equivalent,Has a specific receiving course code and positive credits (default)
Greenfield,CSC 201,"Introduction to Discrete ComputationStudents may receive credit for CSC 201 or CIS 201, but not for both.4DMassBayCS 205Introduction to Computation4",4,MassBay,CS 205,Introduction to Computation,4,,D,2,direct_equivalent,Has a specific receiving course code and positive credits (default)
Greenfield,CSC 201,"Introduction to Discrete ComputationStudents may receive credit for CSC 201 or CIS 201, but not for both.4DMCLAComputer Science Elective4",4,MCLA,,Computer Science Elective,4,,D,1,partial_or_elective,Receiving course name contains 'elective' AND receiving course code is empty
Greenfield,CSC 201,"Introduction to Discrete ComputationStudents may receive credit for CSC 201 or CIS 201, but not for both.4DMiddlesexComputer Science Elective4",4,Middlesex,,Computer Science Elective,4,,D,1,partial_or_elective,Receiving course name contains 'elective' AND receiving course code is empty
Greenfield,CSC 201,"Introduction to Discrete ComputationStudents may receive credit for CSC 201 or CIS 201, but not for both.4DQuinsigamondComputer Science Elective3",4,Quinsigamond,,Computer Science Elective,3,,D,1,partial_or_elective,Receiving course name contains 'elective' AND receiving course code is empty
Greenfield,CSC 201,"Introduction to Discrete ComputationStudents may receive credit for CSC 201 or CIS 201, but not for both.4DSalemComputer Science Elective4",4,Salem,,Computer Science Elective,4,,D,1,partial_or_elective,Receiving course name contains 'elective' AND receiving course code is empty
Greenfield,CSC 201,"Introduction to Discrete ComputationStudents may receive credit for CSC 201 or CIS 201, but not for both.4DUMass AmherstMajor or general elective4",4,UMass Amherst,,Major or general elective,4,,D,1,partial_or_elective,Receiving course name contains 'free elective' or 'general elective'
Greenfield,CSC 201,"Introduction to Discrete ComputationStudents may receive credit for CSC 201 or CIS 201, but not for both.4DUMass DartmouthFree Elective4",4,UMass Dartmouth,,Free Elective,4,,D,1,partial_or_elective,Receiving course name contains 'free elective' or 'general elective'
Greenfield,CSC 201,"Introduction to Discrete ComputationStudents may receive credit for CSC 201 or CIS 201, but not for both.4DWestfieldMATH 0220Discrete StructuresPre-req can be taken as co-req4",4,Westfield,MATH 0220,Discrete StructuresPre-req can be taken as co-req,4,,D,2,direct_equivalent,Has a specific receiving course code and positive credits (default)
Greenfield,CSC 201,"Introduction to Discrete ComputationStudents may receive credit for CSC 201 or CIS 201, but not for both.4DWorcesterCS 297Selected Topics in Computer Science4*",4,Worcester,CS 297,Selected Topics in Computer Science,4*,,D,1,partial_or_elective,Credits transferred has asterisk (conditional/variable transfer)
Greenfield,CSC 251,Java Programming,4,Berkshire,CIS 231,Computer Science I with Java,4,,-,2,direct_equivalent,Has a specific receiving course code and positive credits (default)
Greenfield,CSC 251,Java Programming,4,Bristol,CIS 157,Object-Oriented JAVA Programming I,4,,-,2,direct_equivalent,Has a specific receiving course code and positive credits (default)
Greenfield,CSC 251,Java Programming,4,Bunker Hill,CIT 239#(Replaced: 9/1/2020),Java ProgrammingFor additional information and/or a course syllabus contact CITDepartment@bhcc.mass.edu.,4,,-,2,direct_equivalent,Has a specific receiving course code and positive credits (default)
Greenfield,CSC 251,Java Programming,4,Bunker Hill,CSC 239,Java ProgrammingFor additional information and/or a course syllabus contact CITDepartment@bhcc.mass.edu.,4,,-,2,direct_equivalent,Has a specific receiving course code and positive credits (default)
Greenfield,CSC 251,Java Programming,4,Cape Cod,CSC 110,Computer Programming I: Java,3,,-,2,direct_equivalent,Has a specific receiving course code and positive credits (default)
Greenfield,CSC 251,Java Programming,4,Fitchburg,CSC 1500,Computer Science I,4,,-,2,direct_equivalent,Has a specific receiving course code and positive credits (default)
Greenfield,CSC 251,Java Programming,4,Holyoke,CSI 254,Java Programming I,4,,-,2,direct_equivalent,Has a specific receiving course code and positive credits (default)
Greenfield,CSC 251,Java Programming,4,Massasoit,COSC 157,Introduction to Java Programming,3,,-,2,direct_equivalent,Has a specific receiving course code and positive credits (default)
Greenfield,CSC 251,Java Programming,4,Massasoit,COSC 157#(Replaced: 9/1/2025),Introduction to Java Programming,3,,-,2,direct_equivalent,Has a specific receiving course code and positive credits (default)
Greenfield,CSC 251,Java Programming,4,Massasoit,CTIM 157#(Replaced: 9/1/2023),Introduction to Java Programming,3,,-,2,direct_equivalent,Has a specific receiving course code and positive credits (default)
Greenfield,CSC 251,Java Programming,4,MassBay,CS 120,Programming I,4,,-,2,direct_equivalent,Has a specific receiving course code and positive credits (default)
Greenfield,CSC 251,Java Programming,4,Middlesex,CSC 252,Programming II,4,,-,2,direct_equivalent,Has a specific receiving course code and positive credits (default)
Greenfield,CSC 251,Java Programming,4,North Shore,CPS 101,Computer Science 1 (Java 1),4,,-,2,direct_equivalent,Has a specific receiving course code and positive credits (default)
Greenfield,CSC 251,Java Programming,4,Quinsigamond,CIS 226,Introduction to Java,3,,-,2,direct_equivalent,Has a specific receiving course code and positive credits (default)
Greenfield,CSC 251,Java Programming,4,Roxbury,IST 170,Java I,3,,-,2,direct_equivalent,Has a specific receiving course code and positive credits (default)
Greenfield,CSC 251,Java Programming,4,Springfield Tech,CIT 215/215L,Java Programming + Lab: Java Programming,3+1,,-,1,partial_or_elective,Credits transferred has '+' indicating split credit (e.g. 3+1)
Greenfield,CSC 251,Java Programming,4,Springfield Tech,CSC 111/111L,Introduction to the Java Programming Language + Lab: Introduction to the Java Programming Language,3+1,,-,1,partial_or_elective,Credits transferred has '+' indicating split credit (e.g. 3+1)
Greenfield,CSC 251,Java Programming,4,UMass Amherst,CICS 110,Foundations of Programming,4,,-,2,direct_equivalent,Has a specific receiving course code and positive credits (default)
Greenfield,CSC 251,Java Programming,4,UMass Dartmouth,CIS 180,Object-Oriented Prog I,4,,-,2,direct_equivalent,Has a specific receiving course code and positive credits (default)
Greenfield,CSC 251,Java Programming,4,Worcester,,Computer Science Elective,4,,-,1,partial_or_elective,Receiving course name contains 'elective' AND receiving course code is empty
Greenfield,CSC 252,C++ Programming,4,Berkshire,CIS 124,C++ Programming I,3,,-,2,direct_equivalent,Has a specific receiving course code and positive credits (default)
Greenfield,CSC 252,C++ Programming,4,Bridgewater,,Computer Elective,3,,-,1,partial_or_elective,Receiving course name is purely 'Elective' (no specific course match)
Greenfield,CSC 252,C++ Programming,4,Bristol,CIS 155,Introduction to C++ Programming,3,,-,2,direct_equivalent,Has a specific receiving course code and positive credits (default)
Greenfield,CSC 252,C++ Programming,4,Bunker Hill,CIT 237#(Replaced: 9/1/2020),C++ ProgrammingFor additional information and/or a course syllabus contact CITDepartment@bhcc.mass.edu.,3,,-,2,direct_equivalent,Has a specific receiving course code and positive credits (default)
Greenfield,CSC 252,C++ Programming,4,Bunker Hill,CSC 237,C++ ProgrammingFor additional information and/or a course syllabus contact CITDepartment@bhcc.mass.edu.,3,,-,2,direct_equivalent,Has a specific receiving course code and positive credits (default)
Greenfield,CSC 252,C++ Programming,4,Cape Cod,CSC 120,Computer Programming I: C++,3,,-,2,direct_equivalent,Has a specific receiving course code and positive credits (default)
Greenfield,CSC 252,C++ Programming,4,Fitchburg,,Computer Science Elective,3,,-,1,partial_or_elective,Receiving course name contains 'elective' AND receiving course code is empty
Greenfield,CSC 252,C++ Programming,4,Framingham,,Computer Science Elective,3,,-,1,partial_or_elective,Receiving course name contains 'elective' AND receiving course code is empty
Greenfield,CSC 252,C++ Programming,4,Massasoit,CTIM 371,Programming in C++,3,,-,2,direct_equivalent,Has a specific receiving course code and positive credits (default)
Greenfield,CSC 252,C++ Programming,4,MassBay,CS 211,C++ Programming,3,,-,2,direct_equivalent,Has a specific receiving course code and positive credits (default)
Greenfield,CSC 252,C++ Programming,4,MCLA,CSCI 330,Programming in C++,3,,-,2,direct_equivalent,Has a specific receiving course code and positive credits (default)
Greenfield,CSC 252,C++ Programming,4,Middlesex,,Computer Science Elective,4,,-,1,partial_or_elective,Receiving course name contains 'elective' AND receiving course code is empty
Greenfield,CSC 252,C++ Programming,4,Middlesex,CSC 151,Programming I,4,,-,2,direct_equivalent,Has a specific receiving course code and positive credits (default)
Greenfield,CSC 252,C++ Programming,4,Northern Essex,CIS 240,C++ Programming Language,3,,-,2,direct_equivalent,Has a specific receiving course code and positive credits (default)
Greenfield,CSC 252,C++ Programming,4,Quinsigamond,CIS 121,Introduction to Programming in C++,3,,-,2,direct_equivalent,Has a specific receiving course code and positive credits (default)
Greenfield,CSC 252,C++ Programming,4,Salem,,Computer Science Elective,3,,-,1,partial_or_elective,Receiving course name contains 'elective' AND receiving course code is empty
Greenfield,CSC 252,C++ Programming,4,Springfield Tech,CSC 101/101L,Computer Science 1 + Lab: Computer Science 1,3+1,,-,1,partial_or_elective,Credits transferred has '+' indicating split credit (e.g. 3+1)
Greenfield,CSC 252,C++ Programming,4,UMass Amherst,,Major or general credit,4,,-,1,partial_or_elective,Receiving course name indicates generic/major credit without specific course
Greenfield,CSC 252,C++ Programming,4,UMass Dartmouth,CIS 266,Object Oriented Prog C++,3,,-,2,direct_equivalent,Has a specific receiving course code and positive credits (default)
Greenfield,CSC 252,C++ Programming,4,UMass Lowell,INFO 2680,C++ Programming,3,,-,2,direct_equivalent,Has a specific receiving course code and positive credits (default)
Greenfield,CSC 252,C++ Programming,4,Westfield,,Computer and Information Science Elective,3,,-,1,partial_or_elective,Receiving course name contains 'elective' AND receiving course code is empty
Greenfield,CSC 252,C++ Programming,4,Worcester,,Computer Science Elective,4,,-,1,partial_or_elective,Receiving course name contains 'elective' AND receiving course code is empty
Greenfield,CSC 254,Data StructuresStudents may receive credit for CSC 254 or CIS 254 but not for both.4DBerkshireCIS 211Data Structures4,4,Berkshire,CIS 211,Data Structures,4,,D,2,direct_equivalent,Has a specific receiving course code and positive credits (default)
Greenfield,CSC 254,Data StructuresStudents may receive credit for CSC 254 or CIS 254 but not for both.4DBridgewaterCOMP 250Data Structures and Algorithms4,4,Bridgewater,COMP 250,Data Structures and Algorithms,4,,D,2,direct_equivalent,Has a specific receiving course code and positive credits (default)
Greenfield,CSC 254,Data StructuresStudents may receive credit for CSC 254 or CIS 254 but not for both.4DBridgewaterCOMP 330#(Replaced: 9/1/2017)Data Structures and Algorithms4,4,Bridgewater,COMP 330#(Replaced: 9/1/2017),Data Structures and Algorithms,4,,D,2,direct_equivalent,Has a specific receiving course code and positive credits (default)
Greenfield,CSC 254,Data StructuresStudents may receive credit for CSC 254 or CIS 254 but not for both.4DBunker HillCIT 242#(Replaced: 9/1/2020)Data StructuresFor additional information and/or a course syllabus contact CITDepartment@bhcc.mass.edu.3,4,Bunker Hill,CIT 242#(Replaced: 9/1/2020),Data StructuresFor additional information and/or a course syllabus contact CITDepartment@bhcc.mass.edu.,3,,D,2,direct_equivalent,Has a specific receiving course code and positive credits (default)
Greenfield,CSC 254,Data StructuresStudents may receive credit for CSC 254 or CIS 254 but not for both.4DBunker HillCSC 242Data StructuresFor additional information and/or a course syllabus contact CITDepartment@bhcc.mass.edu.3,4,Bunker Hill,CSC 242,Data StructuresFor additional information and/or a course syllabus contact CITDepartment@bhcc.mass.edu.,3,,D,2,direct_equivalent,Has a specific receiving course code and positive credits (default)
Greenfield,CSC 254,Data StructuresStudents may receive credit for CSC 254 or CIS 254 but not for both.4DCape CodCSC 230Data Structures4,4,Cape Cod,CSC 230,Data Structures,4,,D,2,direct_equivalent,Has a specific receiving course code and positive credits (default)
Greenfield,CSC 254,Data StructuresStudents may receive credit for CSC 254 or CIS 254 but not for both.4DFitchburgComputer Science Elective4,4,Fitchburg,,Computer Science Elective,4,,D,1,partial_or_elective,Receiving course name contains 'elective' AND receiving course code is empty
Greenfield,CSC 254,Data StructuresStudents may receive credit for CSC 254 or CIS 254 but not for both.4DFraminghamComputer Science Elective4,4,Framingham,,Computer Science Elective,4,,D,1,partial_or_elective,Receiving course name contains 'elective' AND receiving course code is empty
Greenfield,CSC 254,Data StructuresStudents may receive credit for CSC 254 or CIS 254 but not for both.4DMassBayCS 208Data Structures4,4,MassBay,CS 208,Data Structures,4,,D,2,direct_equivalent,Has a specific receiving course code and positive credits (default)
Greenfield,CSC 254,Data StructuresStudents may receive credit for CSC 254 or CIS 254 but not for both.4DMCLAComputer Science Elective4,4,MCLA,,Computer Science Elective,4,,D,1,partial_or_elective,Receiving course name contains 'elective' AND receiving course code is empty
Greenfield,CSC 254,Data StructuresStudents may receive credit for CSC 254 or CIS 254 but not for both.4DMiddlesexCSC 257#(Replaced: )Data Structures4,4,Middlesex,CSC 257#(Replaced: ),Data Structures,4,,D,2,direct_equivalent,Has a specific receiving course code and positive credits (default)
Greenfield,CSC 254,Data StructuresStudents may receive credit for CSC 254 or CIS 254 but not for both.4DMiddlesexCSC 258Data Structures4,4,Middlesex,CSC 258,Data Structures,4,,D,2,direct_equivalent,Has a specific receiving course code and positive credits (default)
Greenfield,CSC 254,Data StructuresStudents may receive credit for CSC 254 or CIS 254 but not for both.4DNorth ShoreCPS 203Data Structures4,4,North Shore,CPS 203,Data Structures,4,,D,2,direct_equivalent,Has a specific receiving course code and positive credits (default)
Greenfield,CSC 254,Data StructuresStudents may receive credit for CSC 254 or CIS 254 but not for both.4DQuinsigamondCSC  211#(Replaced: 9/1/2024)Programming with Data Structure4,4,Quinsigamond,CSC  211#(Replaced: 9/1/2024),Programming with Data Structure,4,,D,2,direct_equivalent,Has a specific receiving course code and positive credits (default)
Greenfield,CSC 254,Data StructuresStudents may receive credit for CSC 254 or CIS 254 but not for both.4DQuinsigamondCSC 211#(Replaced: 9/1/2017)Programming and Data Structures4,4,Quinsigamond,CSC 211#(Replaced: 9/1/2017),Programming and Data Structures,4,,D,2,direct_equivalent,Has a specific receiving course code and positive credits (default)
Greenfield,CSC 254,Data StructuresStudents may receive credit for CSC 254 or CIS 254 but not for both.4DQuinsigamondCSC 211Programming with Data Structure4,4,Quinsigamond,CSC 211,Programming with Data Structure,4,,D,2,direct_equivalent,Has a specific receiving course code and positive credits (default)
Greenfield,CSC 254,Data StructuresStudents may receive credit for CSC 254 or CIS 254 but not for both.4DRoxburyIST 281Data Structures and Algorithms3,4,Roxbury,IST 281,Data Structures and Algorithms,3,,D,2,direct_equivalent,Has a specific receiving course code and positive credits (default)
Greenfield,CSC 254,Data StructuresStudents may receive credit for CSC 254 or CIS 254 but not for both.4DSalemCSC 260Data Structures and Algorithms4,4,Salem,CSC 260,Data Structures and Algorithms,4,,D,2,direct_equivalent,Has a specific receiving course code and positive credits (default)
Greenfield,CSC 254,Data StructuresStudents may receive credit for CSC 254 or CIS 254 but not for both.4DSpringfield TechCSC 220/220LData Structures and Algorithms + Lab: Data Structures and Algorithms3+1,4,Springfield Tech,CSC 220/220L,Data Structures and Algorithms + Lab: Data Structures and Algorithms,3+1,,D,1,partial_or_elective,Credits transferred has '+' indicating split credit (e.g. 3+1)
Greenfield,CSC 254,Data StructuresStudents may receive credit for CSC 254 or CIS 254 but not for both.4DUMass AmherstCICS 210Data Structures4,4,UMass Amherst,CICS 210,Data Structures,4,,D,2,direct_equivalent,Has a specific receiving course code and positive credits (default)
Greenfield,CSC 254,Data StructuresStudents may receive credit for CSC 254 or CIS 254 but not for both.4DUMass DartmouthCIS 360Algorithms & Data Struct3,4,UMass Dartmouth,CIS 360,Algorithms & Data Struct,3,,D,2,direct_equivalent,Has a specific receiving course code and positive credits (default)
Greenfield,CSC 254,Data StructuresStudents may receive credit for CSC 254 or CIS 254 but not for both.4DUMass LowellCOMP 1020/1040LComputing II + Computing II Lab4,4,UMass Lowell,COMP 1020/1040L,Computing II + Computing II Lab,4,,D,2,direct_equivalent,Has a specific receiving course code and positive credits (default)
Greenfield,CSC 254,Data StructuresStudents may receive credit for CSC 254 or CIS 254 but not for both.4DWestfieldCAIS 0230Data Structures/Algorithm Analysis4,4,Westfield,CAIS 0230,Data Structures/Algorithm Analysis,4,,D,2,direct_equivalent,Has a specific receiving course code and positive credits (default)
Greenfield,CSC 254,Data StructuresStudents may receive credit for CSC 254 or CIS 254 but not for both.4DWorcesterCS 242Data Structures4,4,Worcester,CS 242,Data Structures,4,,D,2,direct_equivalent,Has a specific receiving course code and positive credits (default)
Holyoke,CIS 190,Introduction to Data Science,3,Fitchburg,DATA 2000,Principles of Data Analysis,3,,D,2,direct_equivalent,Has a specific receiving course code and positive credits (default)
Holyoke,CIS 190,Introduction to Data Science,3,UMass Amherst,,major or elective credit,3,,D,1,partial_or_elective,Receiving course name contains 'elective' AND receiving course code is empty
Mount Wachusett,CIS 104,Computer and Information Literacy,3,Middlesex,,Computer Applications Elective,3,,-,1,partial_or_elective,Receiving course name contains 'elective' AND receiving course code is empty
Mount Wachusett,CIS 109,Introduction to Programming,3,Bridgewater,,Computer Elective,3,,-,1,partial_or_elective,Receiving course name is purely 'Elective' (no specific course match)
Mount Wachusett,CIS 109,Introduction to Programming,3,Bunker Hill,CIT 125#(Replaced: 9/1/2020),Python ProgrammingFor additional information and/or a course syllabus contact CITDepartment@bhcc.mass.edu.,3,,-,2,direct_equivalent,Has a specific receiving course code and positive credits (default)
Mount Wachusett,CIS 109,Introduction to Programming,3,Bunker Hill,CSC 125,Python ProgrammingFor additional information and/or a course syllabus contact CITDepartment@bhcc.mass.edu.,3,,-,2,direct_equivalent,Has a specific receiving course code and positive credits (default)
Mount Wachusett,CIS 109,Introduction to Programming,3,Fitchburg,CSC 1000,Introduction to Programming,3,,-,2,direct_equivalent,Has a specific receiving course code and positive credits (default)
Mount Wachusett,CIS 109,Introduction to Programming,3,Framingham,,Computer Science Elective,3,,-,1,partial_or_elective,Receiving course name contains 'elective' AND receiving course code is empty
Mount Wachusett,CIS 109,Introduction to Programming,3,Massasoit,CTIM 285,Python,3,,-,2,direct_equivalent,Has a specific receiving course code and positive credits (default)
Mount Wachusett,CIS 109,Introduction to Programming,3,MassBay,CS 270,Practical Python Programming,3,,-,2,direct_equivalent,Has a specific receiving course code and positive credits (default)
Mount Wachusett,CIS 109,Introduction to Programming,3,MCLA,CSCI 246,Programming in Visual Basic I,3,,-,2,direct_equivalent,Has a specific receiving course code and positive credits (default)
Mount Wachusett,CIS 109,Introduction to Programming,3,Middlesex,,Computer Science Elective,3,,-,1,partial_or_elective,Receiving course name contains 'elective' AND receiving course code is empty
Mount Wachusett,CIS 109,Introduction to Programming,3,Salem,,Computer Science Elective,3,,-,1,partial_or_elective,Receiving course name contains 'elective' AND receiving course code is empty
Mount Wachusett,CIS 109,Introduction to Programming,3,Springfield Tech,CSE 160,Introduction to Programming Using Python,3,,-,2,direct_equivalent,Has a specific receiving course code and positive credits (default)
Mount Wachusett,CIS 109,Introduction to Programming,3,UMass Amherst,,major or elective credit,3,,-,1,partial_or_elective,Receiving course name contains 'elective' AND receiving course code is empty
Mount Wachusett,CIS 109,Introduction to Programming,3,Westfield,,Elective,3,,-,1,partial_or_elective,Receiving course name is purely 'Elective' (no specific course match)
Mount Wachusett,CIS 109,Introduction to Programming,3,Worcester,CS 135,Programming for Non-CS Majors,3,,-,2,direct_equivalent,Has a specific receiving course code and positive credits (default)
Mount Wachusett,CIS 109#(Replaced: ),Programming in Basic,3,Bridgewater,,Computer Elective,3,,-,1,partial_or_elective,Receiving course name is purely 'Elective' (no specific course match)
Mount Wachusett,CIS 109#(Replaced: ),Programming in Basic,3,Bunker Hill,CIT 125#(Replaced: 9/1/2020),Python ProgrammingFor additional information and/or a course syllabus contact CITDepartment@bhcc.mass.edu.,3,,-,2,direct_equivalent,Has a specific receiving course code and positive credits (default)
Mount Wachusett,CIS 109#(Replaced: ),Programming in Basic,3,Bunker Hill,CSC 125,Python ProgrammingFor additional information and/or a course syllabus contact CITDepartment@bhcc.mass.edu.,3,,-,2,direct_equivalent,Has a specific receiving course code and positive credits (default)
Mount Wachusett,CIS 109#(Replaced: ),Programming in Basic,3,Fitchburg,CSC 1000,Introduction to Programming,3,,-,2,direct_equivalent,Has a specific receiving course code and positive credits (default)
Mount Wachusett,CIS 109#(Replaced: ),Programming in Basic,3,Framingham,,Computer Science Elective,3,,-,1,partial_or_elective,Receiving course name contains 'elective' AND receiving course code is empty
Mount Wachusett,CIS 109#(Replaced: ),Programming in Basic,3,Massasoit,CTIM 285,Python,3,,-,2,direct_equivalent,Has a specific receiving course code and positive credits (default)
Mount Wachusett,CIS 109#(Replaced: ),Programming in Basic,3,MassBay,CS 270,Practical Python Programming,3,,-,2,direct_equivalent,Has a specific receiving course code and positive credits (default)
Mount Wachusett,CIS 109#(Replaced: ),Programming in Basic,3,MCLA,CSCI 246,Programming in Visual Basic I,3,,-,2,direct_equivalent,Has a specific receiving course code and positive credits (default)
Mount Wachusett,CIS 109#(Replaced: ),Programming in Basic,3,Middlesex,,Computer Science Elective,3,,-,1,partial_or_elective,Receiving course name contains 'elective' AND receiving course code is empty
Mount Wachusett,CIS 109#(Replaced: ),Programming in Basic,3,Salem,,Computer Science Elective,3,,-,1,partial_or_elective,Receiving course name contains 'elective' AND receiving course code is empty
Mount Wachusett,CIS 109#(Replaced: ),Programming in Basic,3,Springfield Tech,CSE 160,Introduction to Programming Using Python,3,,-,2,direct_equivalent,Has a specific receiving course code and positive credits (default)
Mount Wachusett,CIS 109#(Replaced: ),Programming in Basic,3,UMass Amherst,,major or elective credit,3,,-,1,partial_or_elective,Receiving course name contains 'elective' AND receiving course code is empty
Mount Wachusett,CIS 109#(Replaced: ),Programming in Basic,3,Westfield,,Elective,3,,-,1,partial_or_elective,Receiving course name is purely 'Elective' (no specific course match)
Mount Wachusett,CIS 109#(Replaced: ),Programming in Basic,3,Worcester,CS 135,Programming for Non-CS Majors,3,,-,2,direct_equivalent,Has a specific receiving course code and positive credits (default)
Mount Wachusett,CIS 113,CIS Internship,3,Fitchburg,,Computer Science Elective,3,,-,1,partial_or_elective,Receiving course name contains 'elective' AND receiving course code is empty
Mount Wachusett,CIS 113,CIS Internship,3,Middlesex,,Not transferable,,,-,0,not_transferable,Receiving course name indicates not transferable
Mount Wachusett,CIS 113,CIS Internship,3,Worcester,,Not Transferable,,,-,0,not_transferable,Receiving course name indicates not transferable
Mount Wachusett,CIS 118,Introduction to Full Stack DevelopmentThis course is offered in the Spring.3-BridgewaterComputer Elective3,3,Bridgewater,,Computer Elective,3,,-,1,partial_or_elective,Receiving course name is purely 'Elective' (no specific course match)
Mount Wachusett,CIS 118,Introduction to Full Stack DevelopmentThis course is offered in the Spring.3-BristolCIT 136Web Development for Mobile Devices3,3,Bristol,CIT 136,Web Development for Mobile Devices,3,,-,2,direct_equivalent,Has a specific receiving course code and positive credits (default)
Mount Wachusett,CIS 118,Introduction to Full Stack DevelopmentThis course is offered in the Spring.3-Bunker HillCIT 131#(Replaced: 9/1/2020)Introduction to Creating Mobile Apps3,3,Bunker Hill,CIT 131#(Replaced: 9/1/2020),Introduction to Creating Mobile Apps,3,,-,2,direct_equivalent,Has a specific receiving course code and positive credits (default)
Mount Wachusett,CIS 118,Introduction to Full Stack DevelopmentThis course is offered in the Spring.3-Bunker HillCSC 131Introduction to Creating Mobile Apps3,3,Bunker Hill,CSC 131,Introduction to Creating Mobile Apps,3,,-,2,direct_equivalent,Has a specific receiving course code and positive credits (default)
Mount Wachusett,CIS 118,Introduction to Full Stack DevelopmentThis course is offered in the Spring.3-FitchburgCSC 1150Basics of Web Design3,3,Fitchburg,CSC 1150,Basics of Web Design,3,,-,2,direct_equivalent,Has a specific receiving course code and positive credits (default)
Mount Wachusett,CIS 118,Introduction to Full Stack DevelopmentThis course is offered in the Spring.3-FraminghamComputer Science Elective3,3,Framingham,,Computer Science Elective,3,,-,1,partial_or_elective,Receiving course name contains 'elective' AND receiving course code is empty
Mount Wachusett,CIS 118,Introduction to Full Stack DevelopmentThis course is offered in the Spring.3-MCLAComputer Science Elective3,3,MCLA,,Computer Science Elective,3,,-,1,partial_or_elective,Receiving course name contains 'elective' AND receiving course code is empty
Mount Wachusett,CIS 118,Introduction to Full Stack DevelopmentThis course is offered in the Spring.3-MiddlesexComputer Science Elective3,3,Middlesex,,Computer Science Elective,3,,-,1,partial_or_elective,Receiving course name contains 'elective' AND receiving course code is empty
Mount Wachusett,CIS 118,Introduction to Full Stack DevelopmentThis course is offered in the Spring.3-QuinsigamondCIS 230Mobile Apps Development3,3,Quinsigamond,CIS 230,Mobile Apps Development,3,,-,2,direct_equivalent,Has a specific receiving course code and positive credits (default)
Mount Wachusett,CIS 118,Introduction to Full Stack DevelopmentThis course is offered in the Spring.3-SalemITC 121Web Graphics3,3,Salem,ITC 121,Web Graphics,3,,-,2,direct_equivalent,Has a specific receiving course code and positive credits (default)
Mount Wachusett,CIS 118,Introduction to Full Stack DevelopmentThis course is offered in the Spring.3-UMass Amherstmajor or elective credit3,3,UMass Amherst,,major or elective credit,3,,-,1,partial_or_elective,Receiving course name contains 'elective' AND receiving course code is empty
Mount Wachusett,CIS 118,Introduction to Full Stack DevelopmentThis course is offered in the Spring.3-UMass DartmouthCIS 120Web Page Development3,3,UMass Dartmouth,CIS 120,Web Page Development,3,,-,2,direct_equivalent,Has a specific receiving course code and positive credits (default)
Mount Wachusett,CIS 118,Introduction to Full Stack DevelopmentThis course is offered in the Spring.3-WestfieldElective3,3,Westfield,,Elective,3,,-,1,partial_or_elective,Receiving course name is purely 'Elective' (no specific course match)
Mount Wachusett,CIS 118,Introduction to Full Stack DevelopmentThis course is offered in the Spring.3-WorcesterComputer Science Elective3,3,Worcester,,Computer Science Elective,3,,-,1,partial_or_elective,Receiving course name contains 'elective' AND receiving course code is empty
Mount Wachusett,CIS 118#(Replaced: 6/1/2024),Mobile and Web Development,3,Bridgewater,,Computer Elective,3,,-,1,partial_or_elective,Receiving course name is purely 'Elective' (no specific course match)
Mount Wachusett,CIS 118#(Replaced: 6/1/2024),Mobile and Web Development,3,Bristol,CIT 136,Web Development for Mobile Devices,3,,-,2,direct_equivalent,Has a specific receiving course code and positive credits (default)
Mount Wachusett,CIS 118#(Replaced: 6/1/2024),Mobile and Web Development,3,Bunker Hill,CIT 131#(Replaced: 9/1/2020),Introduction to Creating Mobile Apps,3,,-,2,direct_equivalent,Has a specific receiving course code and positive credits (default)
Mount Wachusett,CIS 118#(Replaced: 6/1/2024),Mobile and Web Development,3,Bunker Hill,CSC 131,Introduction to Creating Mobile Apps,3,,-,2,direct_equivalent,Has a specific receiving course code and positive credits (default)
Mount Wachusett,CIS 118#(Replaced: 6/1/2024),Mobile and Web Development,3,Fitchburg,CSC 1150,Basics of Web Design,3,,-,2,direct_equivalent,Has a specific receiving course code and positive credits (default)
Mount Wachusett,CIS 118#(Replaced: 6/1/2024),Mobile and Web Development,3,Framingham,,Computer Science Elective,3,,-,1,partial_or_elective,Receiving course name contains 'elective' AND receiving course code is empty
Mount Wachusett,CIS 118#(Replaced: 6/1/2024),Mobile and Web Development,3,MCLA,,Computer Science Elective,3,,-,1,partial_or_elective,Receiving course name contains 'elective' AND receiving course code is empty
Mount Wachusett,CIS 118#(Replaced: 6/1/2024),Mobile and Web Development,3,Middlesex,,Computer Science Elective,3,,-,1,partial_or_elective,Receiving course name contains 'elective' AND receiving course code is empty
Mount Wachusett,CIS 118#(Replaced: 6/1/2024),Mobile and Web Development,3,Quinsigamond,CIS 230,Mobile Apps Development,3,,-,2,direct_equivalent,Has a specific receiving course code and positive credits (default)
Mount Wachusett,CIS 118#(Replaced: 6/1/2024),Mobile and Web Development,3,Salem,ITC 121,Web Graphics,3,,-,2,direct_equivalent,Has a specific receiving course code and positive credits (default)
Mount Wachusett,CIS 118#(Replaced: 6/1/2024),Mobile and Web Development,3,UMass Amherst,,major or elective credit,3,,-,1,partial_or_elective,Receiving course name contains 'elective' AND receiving course code is empty
Mount Wachusett,CIS 118#(Replaced: 6/1/2024),Mobile and Web Development,3,UMass Dartmouth,CIS 120,Web Page Development,3,,-,2,direct_equivalent,Has a specific receiving course code and positive credits (default)
Mount Wachusett,CIS 118#(Replaced: 6/1/2024),Mobile and Web Development,3,Westfield,,Elective,3,,-,1,partial_or_elective,Receiving course name is purely 'Elective' (no specific course match)
Mount Wachusett,CIS 118#(Replaced: 6/1/2024),Mobile and Web Development,3,Worcester,,Computer Science Elective,3,,-,1,partial_or_elective,Receiving course name contains 'elective' AND receiving course code is empty
Mount Wachusett,CIS 121,Spreadsheet Applications,3,Berkshire,CIS 225#(Disc'd: 3/16/2026),Spreadsheets and DB's for Professionals,3,,-,2,direct_equivalent,Has a specific receiving course code and positive credits (default)
Mount Wachusett,CIS 121,Spreadsheet Applications,3,Bridgewater,,Computer Elective,3,,-,1,partial_or_elective,Receiving course name is purely 'Elective' (no specific course match)
Mount Wachusett,CIS 121,Spreadsheet Applications,3,Fitchburg,CSC 1100,Computer Applications,3,,-,2,direct_equivalent,Has a specific receiving course code and positive credits (default)
Mount Wachusett,CIS 121,Spreadsheet Applications,3,Framingham,,Computer Science Elective,3,,-,1,partial_or_elective,Receiving course name contains 'elective' AND receiving course code is empty
Mount Wachusett,CIS 121,Spreadsheet Applications,3,Holyoke,BUS 215,Spreadsheets,3,,-,2,direct_equivalent,Has a specific receiving course code and positive credits (default)
Mount Wachusett,CIS 121,Spreadsheet Applications,3,MCLA,,Computer Science Elective,3,,-,1,partial_or_elective,Receiving course name contains 'elective' AND receiving course code is empty
Mount Wachusett,CIS 121,Spreadsheet Applications,3,Middlesex,CAP 155,Spreadsheet Applications,3,,-,2,direct_equivalent,Has a specific receiving course code and positive credits (default)
Mount Wachusett,CIS 121,Spreadsheet Applications,3,Salem,ITC 100,Computers and Their Uses,3,,-,2,direct_equivalent,Has a specific receiving course code and positive credits (default)
Mount Wachusett,CIS 121,Spreadsheet Applications,3,UMass Amherst,,major or elective credit,3,,-,1,partial_or_elective,Receiving course name contains 'elective' AND receiving course code is empty
Mount Wachusett,CIS 121,Spreadsheet Applications,3,UMass Dartmouth,,Free Elective,3,,-,1,partial_or_elective,Receiving course name contains 'free elective' or 'general elective'
Mount Wachusett,CIS 121,Spreadsheet Applications,3,Westfield,MGMT 0107,Software Applications in Management,3,,-,2,direct_equivalent,Has a specific receiving course code and positive credits (default)
Mount Wachusett,CIS 121,Spreadsheet Applications,3,Worcester,,Free Elective,3,,-,1,partial_or_elective,Receiving course name contains 'free elective' or 'general elective'
Mount Wachusett,CIS 123,Microcomputer Database Management,3,Bridgewater,,Computer Elective,3,,-,1,partial_or_elective,Receiving course name is purely 'Elective' (no specific course match)
Mount Wachusett,CIS 123,Microcomputer Database Management,3,Framingham,,Computer Science Elective,3,,-,1,partial_or_elective,Receiving course name contains 'elective' AND receiving course code is empty
Mount Wachusett,CIS 123,Microcomputer Database Management,3,Greenfield,CIS 145,Database Design and Management,3,,-,2,direct_equivalent,Has a specific receiving course code and positive credits (default)
Mount Wachusett,CIS 123,Microcomputer Database Management,3,Greenfield,CIS 145#(Replaced: 9/7/2022),Relational Database Design and Application,3,,-,2,direct_equivalent,Has a specific receiving course code and positive credits (default)
Mount Wachusett,CIS 123,Microcomputer Database Management,3,Massasoit,CTIM 271,Database Concepts and Practices,3,,-,2,direct_equivalent,Has a specific receiving course code and positive credits (default)
Mount Wachusett,CIS 123,Microcomputer Database Management,3,MCLA,,Computer Science Elective,3,,-,1,partial_or_elective,Receiving course name contains 'elective' AND receiving course code is empty
Mount Wachusett,CIS 123,Microcomputer Database Management,3,Middlesex,CAP 156,Database Applications,3,,-,2,direct_equivalent,Has a specific receiving course code and positive credits (default)
Mount Wachusett,CIS 123,Microcomputer Database Management,3,Roxbury,IST 230,Relational Databases,3,,-,2,direct_equivalent,Has a specific receiving course code and positive credits (default)
Mount Wachusett,CIS 123,Microcomputer Database Management,3,Salem,,Information Technology Elective,3,,-,1,partial_or_elective,Receiving course name contains 'elective' AND receiving course code is empty
Mount Wachusett,CIS 123,Microcomputer Database Management,3,UMass Amherst,,major or elective credit,3,,-,1,partial_or_elective,Receiving course name contains 'elective' AND receiving course code is empty
Mount Wachusett,CIS 123,Microcomputer Database Management,3,UMass Dartmouth,,Free Elective,3,,-,1,partial_or_elective,Receiving course name contains 'free elective' or 'general elective'
Mount Wachusett,CIS 123,Microcomputer Database Management,3,Westfield,,Elective,3,,-,1,partial_or_elective,Receiving course name is purely 'Elective' (no specific course match)
Mount Wachusett,CIS 123,Microcomputer Database Management,3,Worcester,,Computer Science Elective,3,,-,1,partial_or_elective,Receiving course name contains 'elective' AND receiving course code is empty
Mount Wachusett,CIS 128,Introduction to Information Systems,3,Bridgewater,COMP 105,Computers and Their Applications: An Introduction,3,,-,2,direct_equivalent,Has a specific receiving course code and positive credits (default)
Mount Wachusett,CIS 128,Introduction to Information Systems,3,Bunker Hill,CIT 110,Applications/Concepts,3,,-,2,direct_equivalent,Has a specific receiving course code and positive credits (default)
Mount Wachusett,CIS 128,Introduction to Information Systems,3,Fitchburg,BSAD 1700,Introduction to Computer Information Systems for Business,3,,-,2,direct_equivalent,Has a specific receiving course code and positive credits (default)
Mount Wachusett,CIS 128,Introduction to Information Systems,3,Fitchburg,CSC 1400,Computer Information Systems,3,,-,2,direct_equivalent,Has a specific receiving course code and positive credits (default)
Mount Wachusett,CIS 128,Introduction to Information Systems,3,Framingham,BUIS 200,Introduction to Business SystemsStudents may not receive credit for both BUIS 200 Introduction to Business Systems and 12.208 Microcomputer Applications in Business.,3,,-,2,direct_equivalent,Has a specific receiving course code and positive credits (default)
Mount Wachusett,CIS 128,Introduction to Information Systems,3,Holyoke,CSI 111,Computer Concepts with Applications,3,,-,2,direct_equivalent,Has a specific receiving course code and positive credits (default)
Mount Wachusett,CIS 128,Introduction to Information Systems,3,MassBay,CS 113,Fundamentals of IT,3,,-,2,direct_equivalent,Has a specific receiving course code and positive credits (default)
Mount Wachusett,CIS 128,Introduction to Information Systems,3,MCLA,BADM 110#(Replaced: 1/1/2021),Information Technology for Business,3,,-,2,direct_equivalent,Has a specific receiving course code and positive credits (default)
Mount Wachusett,CIS 128,Introduction to Information Systems,3,MCLA,BADM 210,Information Technology for Business,3,,-,2,direct_equivalent,Has a specific receiving course code and positive credits (default)
Mount Wachusett,CIS 128,Introduction to Information Systems,3,Middlesex,CAP 101,Computer Applications,3,,-,2,direct_equivalent,Has a specific receiving course code and positive credits (default)
Mount Wachusett,CIS 128,Introduction to Information Systems,3,Northern Essex,CIS 110,Computer Applications,3,,-,2,direct_equivalent,Has a specific receiving course code and positive credits (default)
Mount Wachusett,CIS 128,Introduction to Information Systems,3,Quinsigamond,CIS 105,Introduction to Information Technology,3,,-,2,direct_equivalent,Has a specific receiving course code and positive credits (default)
Mount Wachusett,CIS 128,Introduction to Information Systems,3,Salem,ITC 241,Spreadsheet Applications in the Professions,3,,-,2,direct_equivalent,Has a specific receiving course code and positive credits (default)
Mount Wachusett,CIS 128,Introduction to Information Systems,3,UMass Amherst,OIM 210,Introduction to Business Information Systems,3,,-,2,direct_equivalent,Has a specific receiving course code and positive credits (default)
Mount Wachusett,CIS 128,Introduction to Information Systems,3,UMass Dartmouth,MIS 101,The Business Organization,3,,-,2,direct_equivalent,Has a specific receiving course code and positive credits (default)
Mount Wachusett,CIS 128,Introduction to Information Systems,3,Worcester,CS 120,Microcomputer Applications,3,,-,2,direct_equivalent,Has a specific receiving course code and positive credits (default)
Mount Wachusett,CIS 129,Data Literacy and ManagementThis course is offered in the Fall.3-FitchburgComputer Science Elective3,3,Fitchburg,,Computer Science Elective,3,,-,1,partial_or_elective,Receiving course name contains 'elective' AND receiving course code is empty
Mount Wachusett,CIS 129,Data Literacy and ManagementThis course is offered in the Fall.3-MiddlesexInformation Technology Elective3,3,Middlesex,,Information Technology Elective,3,,-,1,partial_or_elective,Receiving course name contains 'elective' AND receiving course code is empty
Mount Wachusett,CIS 129,Data Literacy and ManagementThis course is offered in the Fall.3-WorcesterComputer Science Elective3,3,Worcester,,Computer Science Elective,3,,-,1,partial_or_elective,Receiving course name contains 'elective' AND receiving course code is empty
Mount Wachusett,CIS 131,Introduction to LinuxThis course is offered in the Fall.3-BridgewaterComputer Elective4*,3,Bridgewater,,Computer Elective,4*,,-,1,partial_or_elective,Receiving course name is purely 'Elective' (no specific course match)
Mount Wachusett,CIS 131,Introduction to LinuxThis course is offered in the Fall.3-BristolCIS 132Introduction to UNIX/Linux and Shell Programming3,3,Bristol,CIS 132,Introduction to UNIX/Linux and Shell Programming,3,,-,2,direct_equivalent,Has a specific receiving course code and positive credits (default)
Mount Wachusett,CIS 131,Introduction to LinuxThis course is offered in the Fall.3-Bunker HillCIT 270Linux Administration/LabFor additional information and/or a course syllabus contact CITDept@bhcc.mass.edu.4*,3,Bunker Hill,CIT 270,Linux Administration/LabFor additional information and/or a course syllabus contact CITDept@bhcc.mass.edu.,4*,,-,1,partial_or_elective,Credits transferred has asterisk (conditional/variable transfer)
Mount Wachusett,CIS 131,Introduction to LinuxThis course is offered in the Fall.3-Cape CodBIT 116#(Replaced: 9/1/2022)IT: Linux3,3,Cape Cod,BIT 116#(Replaced: 9/1/2022),IT: Linux,3,,-,2,direct_equivalent,Has a specific receiving course code and positive credits (default)
Mount Wachusett,CIS 131,Introduction to LinuxThis course is offered in the Fall.3-Cape CodCIT 116IT: LinuxFormerly BIT 116.3,3,Cape Cod,CIT 116,IT: LinuxFormerly BIT 116.,3,,-,2,direct_equivalent,Has a specific receiving course code and positive credits (default)
Mount Wachusett,CIS 131,Introduction to LinuxThis course is offered in the Fall.3-FitchburgComputer Science Elective3,3,Fitchburg,,Computer Science Elective,3,,-,1,partial_or_elective,Receiving course name contains 'elective' AND receiving course code is empty
Mount Wachusett,CIS 131,Introduction to LinuxThis course is offered in the Fall.3-FraminghamComputer Science Elective4*,3,Framingham,,Computer Science Elective,4*,,-,1,partial_or_elective,Receiving course name contains 'elective' AND receiving course code is empty
Mount Wachusett,CIS 131,Introduction to LinuxThis course is offered in the Fall.3-MassBayCS 212Systems Programming with C4*,3,MassBay,CS 212,Systems Programming with C,4*,,-,1,partial_or_elective,Credits transferred has asterisk (conditional/variable transfer)
Mount Wachusett,CIS 131,Introduction to LinuxThis course is offered in the Fall.3-MCLAComputer Science Elective4*,3,MCLA,,Computer Science Elective,4*,,-,1,partial_or_elective,Receiving course name contains 'elective' AND receiving course code is empty
Mount Wachusett,CIS 131,Introduction to LinuxThis course is offered in the Fall.3-MiddlesexCSC 156Operating Systems Basic and Security3,3,Middlesex,CSC 156,Operating Systems Basic and Security,3,,-,2,direct_equivalent,Has a specific receiving course code and positive credits (default)
Mount Wachusett,CIS 131,Introduction to LinuxThis course is offered in the Fall.3-MiddlesexCSC 156#(Replaced: 9/1/2018)Operating Systems Basics and Security3,3,Middlesex,CSC 156#(Replaced: 9/1/2018),Operating Systems Basics and Security,3,,-,2,direct_equivalent,Has a specific receiving course code and positive credits (default)
Mount Wachusett,CIS 131,Introduction to LinuxThis course is offered in the Fall.3-North ShoreCPS 218UNIX4*,3,North Shore,CPS 218,UNIX,4*,,-,1,partial_or_elective,Credits transferred has asterisk (conditional/variable transfer)
Mount Wachusett,CIS 131,Introduction to LinuxThis course is offered in the Fall.3-RoxburyIST 130Linux Operating Systems3,3,Roxbury,IST 130,Linux Operating Systems,3,,-,2,direct_equivalent,Has a specific receiving course code and positive credits (default)
Mount Wachusett,CIS 131,Introduction to LinuxThis course is offered in the Fall.3-SalemInformation Technology Elective3,3,Salem,,Information Technology Elective,3,,-,1,partial_or_elective,Receiving course name contains 'elective' AND receiving course code is empty
Mount Wachusett,CIS 131,Introduction to LinuxThis course is offered in the Fall.3-Springfield TechCIT 130UNIX 13,3,Springfield Tech,CIT 130,UNIX 1,3,,-,2,direct_equivalent,Has a specific receiving course code and positive credits (default)
Mount Wachusett,CIS 131,Introduction to LinuxThis course is offered in the Fall.3-Springfield TechCSE 150/150LLinux Command and Shell Programming + Lab: Linux Command and Shell Programming3,3,Springfield Tech,CSE 150/150L,Linux Command and Shell Programming + Lab: Linux Command and Shell Programming,3,,-,2,direct_equivalent,Has a specific receiving course code and positive credits (default)
Mount Wachusett,CIS 131,Introduction to LinuxThis course is offered in the Fall.3-Springfield TechCSET 256#(Replaced: )Linux Command and Shell Programming3,3,Springfield Tech,CSET 256#(Replaced: ),Linux Command and Shell Programming,3,,-,2,direct_equivalent,Has a specific receiving course code and positive credits (default)
Mount Wachusett,CIS 131,Introduction to LinuxThis course is offered in the Fall.3-UMass Amherstmajor or elective credit4*,3,UMass Amherst,,major or elective credit,4*,,-,1,partial_or_elective,Receiving course name contains 'elective' AND receiving course code is empty
Mount Wachusett,CIS 131,Introduction to LinuxThis course is offered in the Fall.3-UMass DartmouthFree Elective4*,3,UMass Dartmouth,,Free Elective,4*,,-,1,partial_or_elective,Receiving course name contains 'free elective' or 'general elective'
Mount Wachusett,CIS 131,Introduction to LinuxThis course is offered in the Fall.3-WestfieldElective4*,3,Westfield,,Elective,4*,,-,1,partial_or_elective,Receiving course name is purely 'Elective' (no specific course match)
Mount Wachusett,CIS 131,Introduction to LinuxThis course is offered in the Fall.3-WorcesterFree Elective3,3,Worcester,,Free Elective,3,,-,1,partial_or_elective,Receiving course name contains 'free elective' or 'general elective'
Mount Wachusett,CIS 131#(Replaced: 5/26/2026),Linux Programming,3,Bridgewater,,Computer Elective,4*,,-,1,partial_or_elective,Receiving course name is purely 'Elective' (no specific course match)
Mount Wachusett,CIS 131#(Replaced: 6/1/2019),Linux Programming,4,Bridgewater,,Computer Elective,4,,-,1,partial_or_elective,Receiving course name is purely 'Elective' (no specific course match)
Mount Wachusett,CIS 131#(Replaced: 5/26/2026),Linux Programming,3,Bristol,CIS 132,Introduction to UNIX/Linux and Shell Programming,3,,-,2,direct_equivalent,Has a specific receiving course code and positive credits (default)
Mount Wachusett,CIS 131#(Replaced: 6/1/2019),Linux Programming,4,Bristol,CIS 132,Introduction to UNIX/Linux and Shell Programming,3,,-,2,direct_equivalent,Has a specific receiving course code and positive credits (default)
Mount Wachusett,CIS 131#(Replaced: 5/26/2026),Linux Programming,3,Bunker Hill,CIT 270,Linux Administration/LabFor additional information and/or a course syllabus contact CITDept@bhcc.mass.edu.,4*,,-,1,partial_or_elective,Credits transferred has asterisk (conditional/variable transfer)
Mount Wachusett,CIS 131#(Replaced: 6/1/2019),Linux Programming,4,Bunker Hill,CIT 270,Linux Administration/LabFor additional information and/or a course syllabus contact CITDept@bhcc.mass.edu.,4,,-,2,direct_equivalent,Has a specific receiving course code and positive credits (default)
Mount Wachusett,CIS 131#(Replaced: 5/26/2026),Linux Programming,3,Bunker Hill,CIT 270#(Replaced: 9/1/2021),Linux Administration/LabFor additional information and/or a course syllabus contact CITDept@bhcc.mass.edu.,4*,,-,1,partial_or_elective,Credits transferred has asterisk (conditional/variable transfer)
Mount Wachusett,CIS 131#(Replaced: 6/1/2019),Linux Programming,4,Bunker Hill,CIT 270#(Replaced: 9/1/2021),Linux Administration/LabFor additional information and/or a course syllabus contact CITDept@bhcc.mass.edu.,4,,-,2,direct_equivalent,Has a specific receiving course code and positive credits (default)
Mount Wachusett,CIS 131#(Replaced: 5/26/2026),Linux Programming,3,Cape Cod,BIT 116#(Replaced: 9/1/2022),IT: Linux,3,,-,2,direct_equivalent,Has a specific receiving course code and positive credits (default)
Mount Wachusett,CIS 131#(Replaced: 6/1/2019),Linux Programming,4,Cape Cod,BIT 116#(Replaced: 9/1/2022),IT: Linux,3,,-,2,direct_equivalent,Has a specific receiving course code and positive credits (default)
Mount Wachusett,CIS 131#(Replaced: 5/26/2026),Linux Programming,3,Cape Cod,CIT 116,IT: LinuxFormerly BIT 116.,3,,-,2,direct_equivalent,Has a specific receiving course code and positive credits (default)
Mount Wachusett,CIS 131#(Replaced: 6/1/2019),Linux Programming,4,Cape Cod,CIT 116,IT: LinuxFormerly BIT 116.,3,,-,2,direct_equivalent,Has a specific receiving course code and positive credits (default)
Mount Wachusett,CIS 131#(Replaced: 5/26/2026),Linux Programming,3,Fitchburg,,Computer Science Elective,3,,-,1,partial_or_elective,Receiving course name contains 'elective' AND receiving course code is empty
Mount Wachusett,CIS 131#(Replaced: 6/1/2019),Linux Programming,4,Fitchburg,,Computer Science Elective,3,,-,1,partial_or_elective,Receiving course name contains 'elective' AND receiving course code is empty
Mount Wachusett,CIS 131#(Replaced: 5/26/2026),Linux Programming,3,Framingham,,Computer Science Elective,4*,,-,1,partial_or_elective,Receiving course name contains 'elective' AND receiving course code is empty
Mount Wachusett,CIS 131#(Replaced: 6/1/2019),Linux Programming,4,Framingham,,Computer Science Elective,4,,-,1,partial_or_elective,Receiving course name contains 'elective' AND receiving course code is empty
Mount Wachusett,CIS 131#(Replaced: 5/26/2026),Linux Programming,3,MassBay,CS 212,Systems Programming with C,4*,,-,1,partial_or_elective,Credits transferred has asterisk (conditional/variable transfer)
Mount Wachusett,CIS 131#(Replaced: 6/1/2019),Linux Programming,4,MassBay,CS 212,Systems Programming with C,4,,-,2,direct_equivalent,Has a specific receiving course code and positive credits (default)
Mount Wachusett,CIS 131#(Replaced: 5/26/2026),Linux Programming,3,MCLA,,Computer Science Elective,4*,,-,1,partial_or_elective,Receiving course name contains 'elective' AND receiving course code is empty
Mount Wachusett,CIS 131#(Replaced: 6/1/2019),Linux Programming,4,MCLA,,Computer Science Elective,4,,-,1,partial_or_elective,Receiving course name contains 'elective' AND receiving course code is empty
Mount Wachusett,CIS 131#(Replaced: 5/26/2026),Linux Programming,3,Middlesex,CSC 156,Operating Systems Basic and Security,3,,-,2,direct_equivalent,Has a specific receiving course code and positive credits (default)
Mount Wachusett,CIS 131#(Replaced: 6/1/2019),Linux Programming,4,Middlesex,CSC 156,Operating Systems Basic and Security,3,,-,2,direct_equivalent,Has a specific receiving course code and positive credits (default)
Mount Wachusett,CIS 131#(Replaced: 5/26/2026),Linux Programming,3,Middlesex,CSC 156#(Replaced: 9/1/2018),Operating Systems Basics and Security,3,,-,2,direct_equivalent,Has a specific receiving course code and positive credits (default)
Mount Wachusett,CIS 131#(Replaced: 6/1/2019),Linux Programming,4,Middlesex,CSC 156#(Replaced: 9/1/2018),Operating Systems Basics and Security,3,,-,2,direct_equivalent,Has a specific receiving course code and positive credits (default)
Mount Wachusett,CIS 131#(Replaced: 5/26/2026),Linux Programming,3,North Shore,CPS 218,UNIX,4*,,-,1,partial_or_elective,Credits transferred has asterisk (conditional/variable transfer)
Mount Wachusett,CIS 131#(Replaced: 6/1/2019),Linux Programming,4,North Shore,CPS 218,UNIX,4,,-,2,direct_equivalent,Has a specific receiving course code and positive credits (default)
Mount Wachusett,CIS 131#(Replaced: 5/26/2026),Linux Programming,3,Roxbury,IST 130,Linux Operating Systems,3,,-,2,direct_equivalent,Has a specific receiving course code and positive credits (default)
Mount Wachusett,CIS 131#(Replaced: 6/1/2019),Linux Programming,4,Roxbury,IST 130,Linux Operating Systems,3,,-,2,direct_equivalent,Has a specific receiving course code and positive credits (default)
Mount Wachusett,CIS 131#(Replaced: 5/26/2026),Linux Programming,3,Salem,,Information Technology Elective,3,,-,1,partial_or_elective,Receiving course name contains 'elective' AND receiving course code is empty
Mount Wachusett,CIS 131#(Replaced: 6/1/2019),Linux Programming,4,Salem,,Information Technology Elective,3,,-,1,partial_or_elective,Receiving course name contains 'elective' AND receiving course code is empty
Mount Wachusett,CIS 131#(Replaced: 5/26/2026),Linux Programming,3,Springfield Tech,CIT 130,UNIX 1,3,,-,2,direct_equivalent,Has a specific receiving course code and positive credits (default)
Mount Wachusett,CIS 131#(Replaced: 6/1/2019),Linux Programming,4,Springfield Tech,CIT 130,UNIX 1,3,,-,2,direct_equivalent,Has a specific receiving course code and positive credits (default)
Mount Wachusett,CIS 131#(Replaced: 5/26/2026),Linux Programming,3,Springfield Tech,CSE 150/150L,Linux Command and Shell Programming + Lab: Linux Command and Shell Programming,3,,-,2,direct_equivalent,Has a specific receiving course code and positive credits (default)
Mount Wachusett,CIS 131#(Replaced: 6/1/2019),Linux Programming,4,Springfield Tech,CSE 150/150L,Linux Command and Shell Programming + Lab: Linux Command and Shell Programming,3,,-,2,direct_equivalent,Has a specific receiving course code and positive credits (default)
Mount Wachusett,CIS 131#(Replaced: 5/26/2026),Linux Programming,3,Springfield Tech,CSET 256#(Replaced: ),Linux Command and Shell Programming,3,,-,2,direct_equivalent,Has a specific receiving course code and positive credits (default)
Mount Wachusett,CIS 131#(Replaced: 6/1/2019),Linux Programming,4,Springfield Tech,CSET 256#(Replaced: ),Linux Command and Shell Programming,3,,-,2,direct_equivalent,Has a specific receiving course code and positive credits (default)
Mount Wachusett,CIS 131#(Replaced: 5/26/2026),Linux Programming,3,UMass Amherst,,major or elective credit,4*,,-,1,partial_or_elective,Receiving course name contains 'elective' AND receiving course code is empty
Mount Wachusett,CIS 131#(Replaced: 6/1/2019),Linux Programming,4,UMass Amherst,,major or elective credit,4,,-,1,partial_or_elective,Receiving course name contains 'elective' AND receiving course code is empty
Mount Wachusett,CIS 131#(Replaced: 5/26/2026),Linux Programming,3,UMass Dartmouth,,Free Elective,4*,,-,1,partial_or_elective,Receiving course name contains 'free elective' or 'general elective'
Mount Wachusett,CIS 131#(Replaced: 6/1/2019),Linux Programming,4,UMass Dartmouth,,Free Elective,4,,-,1,partial_or_elective,Receiving course name contains 'free elective' or 'general elective'
Mount Wachusett,CIS 131#(Replaced: 5/26/2026),Linux Programming,3,Westfield,,Elective,4*,,-,1,partial_or_elective,Receiving course name is purely 'Elective' (no specific course match)
Mount Wachusett,CIS 131#(Replaced: 6/1/2019),Linux Programming,4,Westfield,,Elective,4,,-,1,partial_or_elective,Receiving course name is purely 'Elective' (no specific course match)
Mount Wachusett,CIS 131#(Replaced: 5/26/2026),Linux Programming,3,Worcester,,Free Elective,3,,-,1,partial_or_elective,Receiving course name contains 'free elective' or 'general elective'
Mount Wachusett,CIS 131#(Replaced: 6/1/2019),Linux Programming,4,Worcester,,Free Elective,3,,-,1,partial_or_elective,Receiving course name contains 'free elective' or 'general elective'
Mount Wachusett,CIS 134,Operating Systems,3,Fitchburg,CSC 3100,Operating Systems,3,,-,2,direct_equivalent,Has a specific receiving course code and positive credits (default)
Mount Wachusett,CIS 134,Operating Systems,3,Middlesex,CSC 156,Operating Systems Basic and Security,3,,-,2,direct_equivalent,Has a specific receiving course code and positive credits (default)
Mount Wachusett,CIS 134,Operating Systems,3,Middlesex,CSC 156#(Replaced: 9/1/2018),Operating Systems Basics and Security,3,,-,2,direct_equivalent,Has a specific receiving course code and positive credits (default)
Mount Wachusett,CIS 134,Operating Systems,3,Worcester,,Computer Science Elective,3,,-,1,partial_or_elective,Receiving course name contains 'elective' AND receiving course code is empty
Mount Wachusett,CIS 136,Data EthicsThis course is offered in the Spring.3-FitchburgCSC 4100Ethics and Impacts of Computing Solutions3,3,Fitchburg,CSC 4100,Ethics and Impacts of Computing Solutions,3,,-,2,direct_equivalent,Has a specific receiving course code and positive credits (default)
Mount Wachusett,CIS 136,Data EthicsThis course is offered in the Spring.3-MiddlesexInformation Technology Elective3,3,Middlesex,,Information Technology Elective,3,,-,1,partial_or_elective,Receiving course name contains 'elective' AND receiving course code is empty
Mount Wachusett,CIS 136,Data EthicsThis course is offered in the Spring.3-WorcesterPH 134Computing Ethics3,3,Worcester,PH 134,Computing Ethics,3,,-,2,direct_equivalent,Has a specific receiving course code and positive credits (default)
Mount Wachusett,CIS 140,Introduction to NetworkingThis course is offered in the Fall.4-BerkshireCIS 180Introduction to Networks3,4,Berkshire,CIS 180,Introduction to Networks,3,,-,2,direct_equivalent,Has a specific receiving course code and positive credits (default)
Mount Wachusett,CIS 140,Introduction to NetworkingThis course is offered in the Fall.4-BristolCIS 134Networking Technologies3,4,Bristol,CIS 134,Networking Technologies,3,,-,2,direct_equivalent,Has a specific receiving course code and positive credits (default)
Mount Wachusett,CIS 140,Introduction to NetworkingThis course is offered in the Fall.4-FitchburgComputer Science Elective4,4,Fitchburg,,Computer Science Elective,4,,-,1,partial_or_elective,Receiving course name contains 'elective' AND receiving course code is empty
Mount Wachusett,CIS 140,Introduction to NetworkingThis course is offered in the Fall.4-MassasoitCTIM 225Introduction to Networking3,4,Massasoit,CTIM 225,Introduction to Networking,3,,-,2,direct_equivalent,Has a specific receiving course code and positive credits (default)
Mount Wachusett,CIS 140,Introduction to NetworkingThis course is offered in the Fall.4-MassasoitCTIM 331#(Replaced: )Introduction to Networking3,4,Massasoit,CTIM 331#(Replaced: ),Introduction to Networking,3,,-,2,direct_equivalent,Has a specific receiving course code and positive credits (default)
Mount Wachusett,CIS 140,Introduction to NetworkingThis course is offered in the Fall.4-MassBayCS 242Computer Networks3,4,MassBay,CS 242,Computer Networks,3,,-,2,direct_equivalent,Has a specific receiving course code and positive credits (default)
Mount Wachusett,CIS 140,Introduction to NetworkingThis course is offered in the Fall.4-MiddlesexNST 181Networking I4,4,Middlesex,NST 181,Networking I,4,,-,2,direct_equivalent,Has a specific receiving course code and positive credits (default)
Mount Wachusett,CIS 140,Introduction to NetworkingThis course is offered in the Fall.4-North ShoreCPS 134Introduction to Computer Networks2,4,North Shore,CPS 134,Introduction to Computer Networks,2,,-,2,direct_equivalent,Has a specific receiving course code and positive credits (default)
Mount Wachusett,CIS 140,"Introduction to NetworkingThis course is offered in the Fall.4-QuinsigamondCSC 234Networking TechnologiesThree hours lecture, three hours laboratory.3",4,Quinsigamond,CSC 234,"Networking TechnologiesThree hours lecture, three hours laboratory.",3,,-,2,direct_equivalent,Has a specific receiving course code and positive credits (default)
Mount Wachusett,CIS 140,Introduction to NetworkingThis course is offered in the Fall.4-RoxburyIST 140Introduction to Networking3,4,Roxbury,IST 140,Introduction to Networking,3,,-,2,direct_equivalent,Has a specific receiving course code and positive credits (default)
Mount Wachusett,CIS 140,Introduction to NetworkingThis course is offered in the Fall.4-Springfield TechCIT 160Networks 13,4,Springfield Tech,CIT 160,Networks 1,3,,-,2,direct_equivalent,Has a specific receiving course code and positive credits (default)
Mount Wachusett,CIS 140,Introduction to NetworkingThis course is offered in the Fall.4-WorcesterFree Elective4,4,Worcester,,Free Elective,4,,-,1,partial_or_elective,Receiving course name contains 'free elective' or 'general elective'
Mount Wachusett,CIS 140#(Replaced: 6/1/2025),Microcomputer Networking Applications,3,Berkshire,CIS 180,Introduction to Networks,3,,-,2,direct_equivalent,Has a specific receiving course code and positive credits (default)
Mount Wachusett,CIS 140#(Replaced: 6/1/2025),Microcomputer Networking Applications,3,Bristol,CIS 134,Networking Technologies,3,,-,2,direct_equivalent,Has a specific receiving course code and positive credits (default)
Mount Wachusett,CIS 140#(Replaced: 6/1/2025),Microcomputer Networking Applications,3,Fitchburg,,Computer Science Elective,4*,,-,1,partial_or_elective,Receiving course name contains 'elective' AND receiving course code is empty
Mount Wachusett,CIS 140#(Replaced: 6/1/2025),Microcomputer Networking Applications,3,Massasoit,CTIM 225,Introduction to Networking,3,,-,2,direct_equivalent,Has a specific receiving course code and positive credits (default)
Mount Wachusett,CIS 140#(Replaced: 6/1/2025),Microcomputer Networking Applications,3,Massasoit,CTIM 331#(Replaced: ),Introduction to Networking,3,,-,2,direct_equivalent,Has a specific receiving course code and positive credits (default)
Mount Wachusett,CIS 140#(Replaced: 6/1/2025),Microcomputer Networking Applications,3,MassBay,CS 242,Computer Networks,3,,-,2,direct_equivalent,Has a specific receiving course code and positive credits (default)
Mount Wachusett,CIS 140#(Replaced: 6/1/2025),Microcomputer Networking Applications,3,Middlesex,NST 181,Networking I,4*,,-,1,partial_or_elective,Credits transferred has asterisk (conditional/variable transfer)
Mount Wachusett,CIS 140#(Replaced: 6/1/2025),Microcomputer Networking Applications,3,North Shore,CPS 134,Introduction to Computer Networks,2,,-,2,direct_equivalent,Has a specific receiving course code and positive credits (default)
Mount Wachusett,CIS 140#(Replaced: 6/1/2025),Microcomputer Networking Applications,3,Quinsigamond,CSC 234,"Networking TechnologiesThree hours lecture, three hours laboratory.",3,,-,2,direct_equivalent,Has a specific receiving course code and positive credits (default)
Mount Wachusett,CIS 140#(Replaced: 6/1/2025),Microcomputer Networking Applications,3,Roxbury,IST 140,Introduction to Networking,3,,-,2,direct_equivalent,Has a specific receiving course code and positive credits (default)
Mount Wachusett,CIS 140#(Replaced: 6/1/2025),Microcomputer Networking Applications,3,Springfield Tech,CIT 160,Networks 1,3,,-,2,direct_equivalent,Has a specific receiving course code and positive credits (default)
Mount Wachusett,CIS 140#(Replaced: 6/1/2025),Microcomputer Networking Applications,3,Worcester,,Free Elective,4*,,-,1,partial_or_elective,Receiving course name contains 'free elective' or 'general elective'
Mount Wachusett,CIS 141,Introduction to Cloud AdministrationThis course is offered in the Spring.3-BridgewaterComputer Elective3,3,Bridgewater,,Computer Elective,3,,-,1,partial_or_elective,Receiving course name is purely 'Elective' (no specific course match)
Mount Wachusett,CIS 141,Introduction to Cloud AdministrationThis course is offered in the Spring.3-FitchburgCSC 3450Local Area Networks3,3,Fitchburg,CSC 3450,Local Area Networks,3,,-,2,direct_equivalent,Has a specific receiving course code and positive credits (default)
Mount Wachusett,CIS 141,Introduction to Cloud AdministrationThis course is offered in the Spring.3-FraminghamComputer Science Elective3,3,Framingham,,Computer Science Elective,3,,-,1,partial_or_elective,Receiving course name contains 'elective' AND receiving course code is empty
Mount Wachusett,CIS 141,Introduction to Cloud AdministrationThis course is offered in the Spring.3-MCLAComputer Science Elective3,3,MCLA,,Computer Science Elective,3,,-,1,partial_or_elective,Receiving course name contains 'elective' AND receiving course code is empty
Mount Wachusett,CIS 141,Introduction to Cloud AdministrationThis course is offered in the Spring.3-MiddlesexComputer Science Elective3,3,Middlesex,,Computer Science Elective,3,,-,1,partial_or_elective,Receiving course name contains 'elective' AND receiving course code is empty
Mount Wachusett,CIS 141,Introduction to Cloud AdministrationThis course is offered in the Spring.3-UMass AmherstNot transferable,3,UMass Amherst,,Not transferable,,,-,0,not_transferable,Receiving course name indicates not transferable
Mount Wachusett,CIS 141,Introduction to Cloud AdministrationThis course is offered in the Spring.3-UMass DartmouthFree Elective3,3,UMass Dartmouth,,Free Elective,3,,-,1,partial_or_elective,Receiving course name contains 'free elective' or 'general elective'
Mount Wachusett,CIS 141,Introduction to Cloud AdministrationThis course is offered in the Spring.3-WestfieldElective3,3,Westfield,,Elective,3,,-,1,partial_or_elective,Receiving course name is purely 'Elective' (no specific course match)
Mount Wachusett,CIS 141,Introduction to Cloud AdministrationThis course is offered in the Spring.3-WorcesterFree Elective3,3,Worcester,,Free Elective,3,,-,1,partial_or_elective,Receiving course name contains 'free elective' or 'general elective'
Mount Wachusett,CIS 141#(Replaced: 5/26/2026),Supporting Private Clouds,3,Bridgewater,,Computer Elective,3,,-,1,partial_or_elective,Receiving course name is purely 'Elective' (no specific course match)
Mount Wachusett,CIS 141#(Replaced: 5/26/2026),Supporting Private Clouds,3,Fitchburg,CSC 3450,Local Area Networks,3,,-,2,direct_equivalent,Has a specific receiving course code and positive credits (default)
Mount Wachusett,CIS 141#(Replaced: 5/26/2026),Supporting Private Clouds,3,Framingham,,Computer Science Elective,3,,-,1,partial_or_elective,Receiving course name contains 'elective' AND receiving course code is empty
Mount Wachusett,CIS 141#(Replaced: 5/26/2026),Supporting Private Clouds,3,MCLA,,Computer Science Elective,3,,-,1,partial_or_elective,Receiving course name contains 'elective' AND receiving course code is empty
Mount Wachusett,CIS 141#(Replaced: 5/26/2026),Supporting Private Clouds,3,Middlesex,,Computer Science Elective,3,,-,1,partial_or_elective,Receiving course name contains 'elective' AND receiving course code is empty
Mount Wachusett,CIS 141#(Replaced: 5/26/2026),Supporting Private Clouds,3,UMass Amherst,,Not transferable,,,-,0,not_transferable,Receiving course name indicates not transferable
Mount Wachusett,CIS 141#(Replaced: 5/26/2026),Supporting Private Clouds,3,UMass Dartmouth,,Free Elective,3,,-,1,partial_or_elective,Receiving course name contains 'free elective' or 'general elective'
Mount Wachusett,CIS 141#(Replaced: 5/26/2026),Supporting Private Clouds,3,Westfield,,Elective,3,,-,1,partial_or_elective,Receiving course name is purely 'Elective' (no specific course match)
Mount Wachusett,CIS 141#(Replaced: 5/26/2026),Supporting Private Clouds,3,Worcester,,Free Elective,3,,-,1,partial_or_elective,Receiving course name contains 'free elective' or 'general elective'
Mount Wachusett,CIS 143#(Replaced: 6/1/2024),Computer Service and Repair,3,Bridgewater,,Computer Elective,3,,-,1,partial_or_elective,Receiving course name is purely 'Elective' (no specific course match)
Mount Wachusett,CIS 143#(Replaced: 6/1/2024),Computer Service and Repair,3,Fitchburg,,Computer Science Elective,3,,-,1,partial_or_elective,Receiving course name contains 'elective' AND receiving course code is empty
Mount Wachusett,CIS 143#(Replaced: 6/1/2024),Computer Service and Repair,3,Framingham,,Computer Science Elective,3,,-,1,partial_or_elective,Receiving course name contains 'elective' AND receiving course code is empty
Mount Wachusett,CIS 143#(Replaced: 6/1/2024),Computer Service and Repair,3,MCLA,,Computer Science Elective,3,,-,1,partial_or_elective,Receiving course name contains 'elective' AND receiving course code is empty
Mount Wachusett,CIS 143#(Replaced: 6/1/2024),Computer Service and Repair,3,Middlesex,,Network Security Elective,3,,-,1,partial_or_elective,Receiving course name contains 'elective' AND receiving course code is empty
Mount Wachusett,CIS 143#(Replaced: 6/1/2024),Computer Service and Repair,3,Salem,,Not Transferable,,,-,0,not_transferable,Receiving course name indicates not transferable
Mount Wachusett,CIS 143#(Replaced: 6/1/2024),Computer Service and Repair,3,UMass Amherst,,Not transferable,,,-,0,not_transferable,Receiving course name indicates not transferable
Mount Wachusett,CIS 143#(Replaced: 6/1/2024),Computer Service and Repair,3,UMass Dartmouth,,Free Elective,3,,-,1,partial_or_elective,Receiving course name contains 'free elective' or 'general elective'
Mount Wachusett,CIS 143#(Replaced: 6/1/2024),Computer Service and Repair,3,Westfield,,Not Transferable,,,-,0,not_transferable,Receiving course name indicates not transferable
Mount Wachusett,CIS 143#(Replaced: 6/1/2024),Computer Service and Repair,3,Worcester,,Free Elective,3,,-,1,partial_or_elective,Receiving course name contains 'free elective' or 'general elective'
Mount Wachusett,CIS 143,Introduction to Helpdesk Support,3,Bridgewater,,Computer Elective,3,,-,1,partial_or_elective,Receiving course name is purely 'Elective' (no specific course match)
Mount Wachusett,CIS 143,Introduction to Helpdesk Support,3,Fitchburg,,Computer Science Elective,3,,-,1,partial_or_elective,Receiving course name contains 'elective' AND receiving course code is empty
Mount Wachusett,CIS 143,Introduction to Helpdesk Support,3,Framingham,,Computer Science Elective,3,,-,1,partial_or_elective,Receiving course name contains 'elective' AND receiving course code is empty
Mount Wachusett,CIS 143,Introduction to Helpdesk Support,3,MCLA,,Computer Science Elective,3,,-,1,partial_or_elective,Receiving course name contains 'elective' AND receiving course code is empty
Mount Wachusett,CIS 143,Introduction to Helpdesk Support,3,Middlesex,,Network Security Elective,3,,-,1,partial_or_elective,Receiving course name contains 'elective' AND receiving course code is empty
Mount Wachusett,CIS 143,Introduction to Helpdesk Support,3,Salem,,Not Transferable,,,-,0,not_transferable,Receiving course name indicates not transferable
Mount Wachusett,CIS 143,Introduction to Helpdesk Support,3,UMass Amherst,,Not transferable,,,-,0,not_transferable,Receiving course name indicates not transferable
Mount Wachusett,CIS 143,Introduction to Helpdesk Support,3,UMass Dartmouth,,Free Elective,3,,-,1,partial_or_elective,Receiving course name contains 'free elective' or 'general elective'
Mount Wachusett,CIS 143,Introduction to Helpdesk Support,3,Westfield,,Not Transferable,,,-,0,not_transferable,Receiving course name indicates not transferable
Mount Wachusett,CIS 143,Introduction to Helpdesk Support,3,Worcester,,Free Elective,3,,-,1,partial_or_elective,Receiving course name contains 'free elective' or 'general elective'
Mount Wachusett,CIS 144,Network Security,3,Bridgewater,,Computer Elective,3,,-,1,partial_or_elective,Receiving course name is purely 'Elective' (no specific course match)
Mount Wachusett,CIS 144,Network Security,3,Bristol,CIT 150,Network Security,3,,-,2,direct_equivalent,Has a specific receiving course code and positive credits (default)
Mount Wachusett,CIS 144,Network Security,3,Bunker Hill,CIT 264,IT Security,3,,-,2,direct_equivalent,Has a specific receiving course code and positive credits (default)
Mount Wachusett,CIS 144,Network Security,3,Fitchburg,,Computer Science Elective,3,,-,1,partial_or_elective,Receiving course name contains 'elective' AND receiving course code is empty
Mount Wachusett,CIS 144,Network Security,3,Framingham,,Computer Science Elective,3,,-,1,partial_or_elective,Receiving course name contains 'elective' AND receiving course code is empty
Mount Wachusett,CIS 144,Network Security,3,MCLA,,Computer Science Elective,3,,-,1,partial_or_elective,Receiving course name contains 'elective' AND receiving course code is empty
Mount Wachusett,CIS 144,Network Security,3,Middlesex,CSC 188,Introduction to Computer Security,3,,-,2,direct_equivalent,Has a specific receiving course code and positive credits (default)
Mount Wachusett,CIS 144,Network Security,3,North Shore,CPS 138,Internet Networking and Security,3,,-,2,direct_equivalent,Has a specific receiving course code and positive credits (default)
Mount Wachusett,CIS 144,Network Security,3,Roxbury,IST 240,Network Security,3,,-,2,direct_equivalent,Has a specific receiving course code and positive credits (default)
Mount Wachusett,CIS 144,Network Security,3,Salem,,Computer Science Elective,3,,-,1,partial_or_elective,Receiving course name contains 'elective' AND receiving course code is empty
Mount Wachusett,CIS 144,Network Security,3,Springfield Tech,CIT 250,Internet/Network Security 1,3,,-,2,direct_equivalent,Has a specific receiving course code and positive credits (default)
Mount Wachusett,CIS 144,Network Security,3,Springfield Tech,CSE 220,Computer Network Security,3,,-,2,direct_equivalent,Has a specific receiving course code and positive credits (default)
Mount Wachusett,CIS 144,Network Security,3,Springfield Tech,CSET 384#(Replaced: ),Computer Network Security,3,,-,2,direct_equivalent,Has a specific receiving course code and positive credits (default)
Mount Wachusett,CIS 144,Network Security,3,UMass Amherst,,Not transferable,,,-,0,not_transferable,Receiving course name indicates not transferable
Mount Wachusett,CIS 144,Network Security,3,UMass Dartmouth,,Free Elective,3,,-,1,partial_or_elective,Receiving course name contains 'free elective' or 'general elective'
Mount Wachusett,CIS 144,Network Security,3,Westfield,,Elective,3,,-,1,partial_or_elective,Receiving course name is purely 'Elective' (no specific course match)
Mount Wachusett,CIS 144,Network Security,3,Worcester,,Computer Science Elective,3,,-,1,partial_or_elective,Receiving course name contains 'elective' AND receiving course code is empty
Mount Wachusett,CIS 150,Computer Science I,3,Fitchburg,CSC 1500,Computer Science I,3,,-,2,direct_equivalent,Has a specific receiving course code and positive credits (default)
Mount Wachusett,CIS 150,Computer Science I,3,Middlesex,CSC 101,Introduction to Computer Science,3,,-,2,direct_equivalent,Has a specific receiving course code and positive credits (default)
Mount Wachusett,CIS 150,Computer Science I,3,Northern Essex,CIS 141#(Replaced: ),Computer Science I,3,,-,2,direct_equivalent,Has a specific receiving course code and positive credits (default)
Mount Wachusett,CIS 150,Computer Science I,3,Northern Essex,CIS 160,Computer Science I,3,,-,2,direct_equivalent,Has a specific receiving course code and positive credits (default)
Mount Wachusett,CIS 150,Computer Science I,3,Quinsigamond,CSC 108,Computer Science IFour hours lecture.,3,,-,2,direct_equivalent,Has a specific receiving course code and positive credits (default)
Mount Wachusett,CIS 150,Computer Science I,3,Roxbury,IST 180,Computer Science I,3,,-,2,direct_equivalent,Has a specific receiving course code and positive credits (default)
Mount Wachusett,CIS 150,Computer Science I,3,Worcester,CS 140,Introduction to Programming,3,,-,2,direct_equivalent,Has a specific receiving course code and positive credits (default)
Mount Wachusett,CIS 152,Computer Science IIThis course is offered in the Spring.3-FitchburgCSC 1550Computer Science II3,3,Fitchburg,CSC 1550,Computer Science II,3,,-,2,direct_equivalent,Has a specific receiving course code and positive credits (default)
Mount Wachusett,CIS 152,Computer Science IIThis course is offered in the Spring.3-MiddlesexComputer Science Elective3,3,Middlesex,,Computer Science Elective,3,,-,1,partial_or_elective,Receiving course name contains 'elective' AND receiving course code is empty
Mount Wachusett,CIS 152,Computer Science IIThis course is offered in the Spring.3-WorcesterCS 140Introduction to Programming3,3,Worcester,CS 140,Introduction to Programming,3,,-,2,direct_equivalent,Has a specific receiving course code and positive credits (default)
Mount Wachusett,CIS 154,Introduction to Artificial IntelligenceThis course is offered in the Spring.3-MiddlesexComputer Science Elective3,3,Middlesex,,Computer Science Elective,3,,-,1,partial_or_elective,Receiving course name contains 'elective' AND receiving course code is empty
Mount Wachusett,CIS 155,Open-Source IntelligenceThis course is offered in the Spring.3-MiddlesexComputer Science Elective3,3,Middlesex,,Computer Science Elective,3,,-,1,partial_or_elective,Receiving course name contains 'elective' AND receiving course code is empty
Mount Wachusett,CIS 219,Principles of Information SecurityThis course is offered in the Spring.3-BridgewaterComputer Elective3,3,Bridgewater,,Computer Elective,3,,-,1,partial_or_elective,Receiving course name is purely 'Elective' (no specific course match)
Mount Wachusett,CIS 219,Principles of Information SecurityThis course is offered in the Spring.3-FitchburgCSC 3040Cyber Security Management3,3,Fitchburg,CSC 3040,Cyber Security Management,3,,-,2,direct_equivalent,Has a specific receiving course code and positive credits (default)
Mount Wachusett,CIS 219,Principles of Information SecurityThis course is offered in the Spring.3-FraminghamComputer Science Elective3,3,Framingham,,Computer Science Elective,3,,-,1,partial_or_elective,Receiving course name contains 'elective' AND receiving course code is empty
Mount Wachusett,CIS 219,Principles of Information SecurityThis course is offered in the Spring.3-HolyokeSEC 106Personal Computer Security3,3,Holyoke,SEC 106,Personal Computer Security,3,,-,2,direct_equivalent,Has a specific receiving course code and positive credits (default)
Mount Wachusett,CIS 219,Principles of Information SecurityThis course is offered in the Spring.3-MassasoitCTIM 180Computer and Information Security3,3,Massasoit,CTIM 180,Computer and Information Security,3,,-,2,direct_equivalent,Has a specific receiving course code and positive credits (default)
Mount Wachusett,CIS 219,Principles of Information SecurityThis course is offered in the Spring.3-MassBayCS 116Fundamentals of Cyber Secruity3,3,MassBay,CS 116,Fundamentals of Cyber Secruity,3,,-,2,direct_equivalent,Has a specific receiving course code and positive credits (default)
Mount Wachusett,CIS 219,Principles of Information SecurityThis course is offered in the Spring.3-MassBayCS 116#(Replaced: 5/27/2016)Fundamentals of Cyber Security3,3,MassBay,CS 116#(Replaced: 5/27/2016),Fundamentals of Cyber Security,3,,-,2,direct_equivalent,Has a specific receiving course code and positive credits (default)
Mount Wachusett,CIS 219,Principles of Information SecurityThis course is offered in the Spring.3-MCLAComputer Science Elective3,3,MCLA,,Computer Science Elective,3,,-,1,partial_or_elective,Receiving course name contains 'elective' AND receiving course code is empty
Mount Wachusett,CIS 219,Principles of Information SecurityThis course is offered in the Spring.3-MiddlesexCSC 188Introduction to Computer Security3,3,Middlesex,CSC 188,Introduction to Computer Security,3,,-,2,direct_equivalent,Has a specific receiving course code and positive credits (default)
Mount Wachusett,CIS 219,Principles of Information SecurityThis course is offered in the Spring.3-Northern EssexCIS 115Information Security3,3,Northern Essex,CIS 115,Information Security,3,,-,2,direct_equivalent,Has a specific receiving course code and positive credits (default)
Mount Wachusett,CIS 219,Principles of Information SecurityThis course is offered in the Spring.3-QuinsigamondCST 205Information Technology Security Foundations3,3,Quinsigamond,CST 205,Information Technology Security Foundations,3,,-,2,direct_equivalent,Has a specific receiving course code and positive credits (default)
Mount Wachusett,CIS 219,Principles of Information SecurityThis course is offered in the Spring.3-RoxburyIST 124Information Security Fundamentals3,3,Roxbury,IST 124,Information Security Fundamentals,3,,-,2,direct_equivalent,Has a specific receiving course code and positive credits (default)
Mount Wachusett,CIS 219,Principles of Information SecurityThis course is offered in the Spring.3-SalemInformation Technology Elective3,3,Salem,,Information Technology Elective,3,,-,1,partial_or_elective,Receiving course name contains 'elective' AND receiving course code is empty
Mount Wachusett,CIS 219,Principles of Information SecurityThis course is offered in the Spring.3-UMass Amherstmajor or elective credit3,3,UMass Amherst,,major or elective credit,3,,-,1,partial_or_elective,Receiving course name contains 'elective' AND receiving course code is empty
Mount Wachusett,CIS 219,Principles of Information SecurityThis course is offered in the Spring.3-UMass DartmouthFree Elective3,3,UMass Dartmouth,,Free Elective,3,,-,1,partial_or_elective,Receiving course name contains 'free elective' or 'general elective'
Mount Wachusett,CIS 219,Principles of Information SecurityThis course is offered in the Spring.3-WestfieldElective3,3,Westfield,,Elective,3,,-,1,partial_or_elective,Receiving course name is purely 'Elective' (no specific course match)
Mount Wachusett,CIS 219,Principles of Information SecurityThis course is offered in the Spring.3-WorcesterComputer Science Elective3,3,Worcester,,Computer Science Elective,3,,-,1,partial_or_elective,Receiving course name contains 'elective' AND receiving course code is empty
Mount Wachusett,CIS 224,Beginning PL/SQLThis course is offered in the Spring.3-BridgewaterComputer Elective3,3,Bridgewater,,Computer Elective,3,,-,1,partial_or_elective,Receiving course name is purely 'Elective' (no specific course match)
Mount Wachusett,CIS 224#(Replaced: 5/14/2018),Beginning Pl/Sql,3,Bridgewater,,Computer Elective,3,,-,1,partial_or_elective,Receiving course name is purely 'Elective' (no specific course match)
Mount Wachusett,CIS 224#(Replaced: 6/1/2024),Beginning PL/SQL,3,Bridgewater,,Computer Elective,3,,-,1,partial_or_elective,Receiving course name is purely 'Elective' (no specific course match)
Mount Wachusett,CIS 224,Beginning PL/SQLThis course is offered in the Spring.3-FitchburgCSC 3011Data Modeling and Database Design3,3,Fitchburg,CSC 3011,Data Modeling and Database Design,3,,-,2,direct_equivalent,Has a specific receiving course code and positive credits (default)
Mount Wachusett,CIS 224#(Replaced: 5/14/2018),Beginning Pl/Sql,3,Fitchburg,CSC 3011,Data Modeling and Database Design,3,,-,2,direct_equivalent,Has a specific receiving course code and positive credits (default)
Mount Wachusett,CIS 224#(Replaced: 6/1/2024),Beginning PL/SQL,3,Fitchburg,CSC 3011,Data Modeling and Database Design,3,,-,2,direct_equivalent,Has a specific receiving course code and positive credits (default)
Mount Wachusett,CIS 224,Beginning PL/SQLThis course is offered in the Spring.3-FraminghamComputer Science Elective3,3,Framingham,,Computer Science Elective,3,,-,1,partial_or_elective,Receiving course name contains 'elective' AND receiving course code is empty
Mount Wachusett,CIS 224#(Replaced: 5/14/2018),Beginning Pl/Sql,3,Framingham,,Computer Science Elective,3,,-,1,partial_or_elective,Receiving course name contains 'elective' AND receiving course code is empty
Mount Wachusett,CIS 224#(Replaced: 6/1/2024),Beginning PL/SQL,3,Framingham,,Computer Science Elective,3,,-,1,partial_or_elective,Receiving course name contains 'elective' AND receiving course code is empty
Mount Wachusett,CIS 224,Beginning PL/SQLThis course is offered in the Spring.3-MCLAComputer Science Elective3,3,MCLA,,Computer Science Elective,3,,-,1,partial_or_elective,Receiving course name contains 'elective' AND receiving course code is empty
Mount Wachusett,CIS 224#(Replaced: 5/14/2018),Beginning Pl/Sql,3,MCLA,,Computer Science Elective,3,,-,1,partial_or_elective,Receiving course name contains 'elective' AND receiving course code is empty
Mount Wachusett,CIS 224#(Replaced: 6/1/2024),Beginning PL/SQL,3,MCLA,,Computer Science Elective,3,,-,1,partial_or_elective,Receiving course name contains 'elective' AND receiving course code is empty
Mount Wachusett,CIS 224,Beginning PL/SQLThis course is offered in the Spring.3-MiddlesexComputer Science Elective3,3,Middlesex,,Computer Science Elective,3,,-,1,partial_or_elective,Receiving course name contains 'elective' AND receiving course code is empty
Mount Wachusett,CIS 224#(Replaced: 5/14/2018),Beginning Pl/Sql,3,Middlesex,,Computer Science Elective,3,,-,1,partial_or_elective,Receiving course name contains 'elective' AND receiving course code is empty
Mount Wachusett,CIS 224#(Replaced: 6/1/2024),Beginning PL/SQL,3,Middlesex,,Computer Science Elective,3,,-,1,partial_or_elective,Receiving course name contains 'elective' AND receiving course code is empty
Mount Wachusett,CIS 224,Beginning PL/SQLThis course is offered in the Spring.3-SalemInformation Technology Elective3,3,Salem,,Information Technology Elective,3,,-,1,partial_or_elective,Receiving course name contains 'elective' AND receiving course code is empty
Mount Wachusett,CIS 224#(Replaced: 5/14/2018),Beginning Pl/Sql,3,Salem,,Information Technology Elective,3,,-,1,partial_or_elective,Receiving course name contains 'elective' AND receiving course code is empty
Mount Wachusett,CIS 224#(Replaced: 6/1/2024),Beginning PL/SQL,3,Salem,,Information Technology Elective,3,,-,1,partial_or_elective,Receiving course name contains 'elective' AND receiving course code is empty
Mount Wachusett,CIS 224,Beginning PL/SQLThis course is offered in the Spring.3-UMass Amherstmajor or elective credit3,3,UMass Amherst,,major or elective credit,3,,-,1,partial_or_elective,Receiving course name contains 'elective' AND receiving course code is empty
Mount Wachusett,CIS 224#(Replaced: 5/14/2018),Beginning Pl/Sql,3,UMass Amherst,,major or elective credit,3,,-,1,partial_or_elective,Receiving course name contains 'elective' AND receiving course code is empty
Mount Wachusett,CIS 224#(Replaced: 6/1/2024),Beginning PL/SQL,3,UMass Amherst,,major or elective credit,3,,-,1,partial_or_elective,Receiving course name contains 'elective' AND receiving course code is empty
Mount Wachusett,CIS 224,Beginning PL/SQLThis course is offered in the Spring.3-UMass DartmouthFree Elective3,3,UMass Dartmouth,,Free Elective,3,,-,1,partial_or_elective,Receiving course name contains 'free elective' or 'general elective'
Mount Wachusett,CIS 224#(Replaced: 5/14/2018),Beginning Pl/Sql,3,UMass Dartmouth,,Free Elective,3,,-,1,partial_or_elective,Receiving course name contains 'free elective' or 'general elective'
Mount Wachusett,CIS 224#(Replaced: 6/1/2024),Beginning PL/SQL,3,UMass Dartmouth,,Free Elective,3,,-,1,partial_or_elective,Receiving course name contains 'free elective' or 'general elective'
Mount Wachusett,CIS 224,Beginning PL/SQLThis course is offered in the Spring.3-WestfieldElective3,3,Westfield,,Elective,3,,-,1,partial_or_elective,Receiving course name is purely 'Elective' (no specific course match)
Mount Wachusett,CIS 224#(Replaced: 5/14/2018),Beginning Pl/Sql,3,Westfield,,Elective,3,,-,1,partial_or_elective,Receiving course name is purely 'Elective' (no specific course match)
Mount Wachusett,CIS 224#(Replaced: 6/1/2024),Beginning PL/SQL,3,Westfield,,Elective,3,,-,1,partial_or_elective,Receiving course name is purely 'Elective' (no specific course match)
Mount Wachusett,CIS 224,Beginning PL/SQLThis course is offered in the Spring.3-WorcesterCS 286Database Design and Applications3,3,Worcester,CS 286,Database Design and Applications,3,,-,2,direct_equivalent,Has a specific receiving course code and positive credits (default)
Mount Wachusett,CIS 224#(Replaced: 5/14/2018),Beginning Pl/Sql,3,Worcester,CS 286,Database Design and Applications,3,,-,2,direct_equivalent,Has a specific receiving course code and positive credits (default)
Mount Wachusett,CIS 224#(Replaced: 6/1/2024),Beginning PL/SQL,3,Worcester,CS 286,Database Design and Applications,3,,-,2,direct_equivalent,Has a specific receiving course code and positive credits (default)
Mount Wachusett,CIS 225,Introduction to Data AnalyticsThis course is offered in the Spring.3-FitchburgDATA 2000Principles of Data Analysis3,3,Fitchburg,DATA 2000,Principles of Data Analysis,3,,-,2,direct_equivalent,Has a specific receiving course code and positive credits (default)
Mount Wachusett,CIS 225,Introduction to Data AnalyticsThis course is offered in the Spring.3-MiddlesexInformation Technology Elective3,3,Middlesex,,Information Technology Elective,3,,-,1,partial_or_elective,Receiving course name contains 'elective' AND receiving course code is empty
Mount Wachusett,CIS 225,Introduction to Data AnalyticsThis course is offered in the Spring.3-WorcesterCS 234Data Mining for Non-CS Majors3,3,Worcester,CS 234,Data Mining for Non-CS Majors,3,,-,2,direct_equivalent,Has a specific receiving course code and positive credits (default)
Mount Wachusett,CIS 250,Systems ProgrammingThis course is offered in the Fall.3-FitchburgCSC 2560Systems Programming3,3,Fitchburg,CSC 2560,Systems Programming,3,,-,2,direct_equivalent,Has a specific receiving course code and positive credits (default)
Mount Wachusett,CIS 250#(Replaced: ),Systems ProgrammingThis course is offered in the Fall.3-FitchburgCSC 3700Algorithms and Data Structures3,3,Fitchburg,CSC 3700,Algorithms and Data Structures,3,,-,2,direct_equivalent,Has a specific receiving course code and positive credits (default)
Mount Wachusett,CIS 250,Systems ProgrammingThis course is offered in the Fall.3-MiddlesexComputer Science Elective3,3,Middlesex,,Computer Science Elective,3,,-,1,partial_or_elective,Receiving course name contains 'elective' AND receiving course code is empty
Mount Wachusett,CIS 250#(Replaced: ),Systems ProgrammingThis course is offered in the Fall.3-WorcesterCS 242Data Structures3,3,Worcester,CS 242,Data Structures,3,,-,2,direct_equivalent,Has a specific receiving course code and positive credits (default)
Mount Wachusett,CIS 250,Systems ProgrammingThis course is offered in the Fall.3-WorcesterCS 282UNIX Systems Programming3,3,Worcester,CS 282,UNIX Systems Programming,3,,-,2,direct_equivalent,Has a specific receiving course code and positive credits (default)
Mount Wachusett,CIS 252,Algorithms and Data StructuresThis course is offered in the Spring.3-FitchburgCSC 3700Algorithms and Data Structures3,3,Fitchburg,CSC 3700,Algorithms and Data Structures,3,,-,2,direct_equivalent,Has a specific receiving course code and positive credits (default)
Mount Wachusett,CIS 252,Algorithms and Data StructuresThis course is offered in the Spring.3-MiddlesexComputer Science Elective3,3,Middlesex,,Computer Science Elective,3,,-,1,partial_or_elective,Receiving course name contains 'elective' AND receiving course code is empty
Mount Wachusett,CIS 252,Algorithms and Data StructuresThis course is offered in the Spring.3-WorcesterCS 242Data Structures3,3,Worcester,CS 242,Data Structures,3,,-,2,direct_equivalent,Has a specific receiving course code and positive credits (default)
Mount Wachusett,CIS 253,Introduction to Penetration TestingThis course is offered in the Spring.3-MiddlesexComputer Science Elective3,3,Middlesex,,Computer Science Elective,3,,-,1,partial_or_elective,Receiving course name contains 'elective' AND receiving course code is empty
Northern Essex,CIS 101,Computer for Beginners,3,Berkshire,CIS 102,Fundamental Computer Literacy,3,,-,2,direct_equivalent,Has a specific receiving course code and positive credits (default)
Northern Essex,CIS 101,Computer for Beginners,3,Bridgewater,,Computer Elective,3,,-,1,partial_or_elective,Receiving course name is purely 'Elective' (no specific course match)
Northern Essex,CIS 101,Computer for Beginners,3,Fitchburg,CSC 1400,Computer Information Systems,3,,-,2,direct_equivalent,Has a specific receiving course code and positive credits (default)
Northern Essex,CIS 101,Computer for Beginners,3,MCLA,,Computer Science Elective,3,,-,1,partial_or_elective,Receiving course name contains 'elective' AND receiving course code is empty
Northern Essex,CIS 101,Computer for Beginners,3,Middlesex,CAP 100,Computer Essentials,3,,-,2,direct_equivalent,Has a specific receiving course code and positive credits (default)
Northern Essex,CIS 101,Computer for Beginners,3,Quinsigamond,CIS 111,Introduction to Microcomputer Applications,3,,-,2,direct_equivalent,Has a specific receiving course code and positive credits (default)
Northern Essex,CIS 101,Computer for Beginners,3,Salem,ITC 100,Computers and Their Uses,3,,-,2,direct_equivalent,Has a specific receiving course code and positive credits (default)
Northern Essex,CIS 101,Computer for Beginners,3,Springfield Tech,CMP 106,Computer Basics: Concepts and Applications,3,,-,2,direct_equivalent,Has a specific receiving course code and positive credits (default)
Northern Essex,CIS 101,Computer for Beginners,3,Springfield Tech,CMPA 160#(Replaced: ),Computer Basics: Concepts and Applications,3,,-,2,direct_equivalent,Has a specific receiving course code and positive credits (default)
Northern Essex,CIS 101,Computer for Beginners,3,UMass Amherst,,Not transferable,,,-,0,not_transferable,Receiving course name indicates not transferable
Northern Essex,CIS 101,Computer for Beginners,3,UMass Dartmouth,,Free Elective,3,,-,1,partial_or_elective,Receiving course name contains 'free elective' or 'general elective'
Northern Essex,CIS 101,Computer for Beginners,3,Westfield,,Not Transferable,,,-,0,not_transferable,Receiving course name indicates not transferable
Northern Essex,CIS 101,Computer for Beginners,3,Worcester,,Free Elective,3,,-,1,partial_or_elective,Receiving course name contains 'free elective' or 'general elective'
Northern Essex,CIS 105,Digital Life: Gizmos and Gadgets,1,Bridgewater,,Computer Elective,1,,-,1,partial_or_elective,Receiving course name is purely 'Elective' (no specific course match)
Northern Essex,CIS 105,Digital Life: Gizmos and Gadgets,1,Fitchburg,,Computer Science Elective,1,,-,1,partial_or_elective,Receiving course name contains 'elective' AND receiving course code is empty
Northern Essex,CIS 105,Digital Life: Gizmos and Gadgets,1,Framingham,,Open Elective,1,,-,1,partial_or_elective,Receiving course name contains 'elective' AND receiving course code is empty
Northern Essex,CIS 105,Digital Life: Gizmos and Gadgets,1,MCLA,,Free Elective,1,,-,1,partial_or_elective,Receiving course name contains 'free elective' or 'general elective'
Northern Essex,CIS 105,Digital Life: Gizmos and Gadgets,1,Middlesex,,Computer Science Elective,1,,-,1,partial_or_elective,Receiving course name contains 'elective' AND receiving course code is empty
Northern Essex,CIS 105,Digital Life: Gizmos and Gadgets,1,Salem,,Not Transferable,,,-,0,not_transferable,Receiving course name indicates not transferable
Northern Essex,CIS 105,Digital Life: Gizmos and Gadgets,1,UMass Amherst,,Not transferable,,,-,0,not_transferable,Receiving course name indicates not transferable
Northern Essex,CIS 105,Digital Life: Gizmos and Gadgets,1,UMass Dartmouth,,Free Elective,1,,-,1,partial_or_elective,Receiving course name contains 'free elective' or 'general elective'
Northern Essex,CIS 105,Digital Life: Gizmos and Gadgets,1,Westfield,,Not Transferable,,,-,0,not_transferable,Receiving course name indicates not transferable
Northern Essex,CIS 105,Digital Life: Gizmos and Gadgets,1,Worcester,,Free Elective,1,,-,1,partial_or_elective,Receiving course name contains 'free elective' or 'general elective'
Northern Essex,CIS 106,Mini Access,1,Bridgewater,,Computer Elective,1,,-,1,partial_or_elective,Receiving course name is purely 'Elective' (no specific course match)
Northern Essex,CIS 106,Mini Access,1,Fitchburg,,Computer Science Elective,1,,-,1,partial_or_elective,Receiving course name contains 'elective' AND receiving course code is empty
Northern Essex,CIS 106,Mini Access,1,Framingham,,Computer Science Elective,1,,-,1,partial_or_elective,Receiving course name contains 'elective' AND receiving course code is empty
Northern Essex,CIS 106,Mini Access,1,Massasoit,CTIM 117,Beginning Access,1,,-,2,direct_equivalent,Has a specific receiving course code and positive credits (default)
Northern Essex,CIS 106,Mini Access,1,MCLA,,Free Elective,1,,-,1,partial_or_elective,Receiving course name contains 'free elective' or 'general elective'
Northern Essex,CIS 106,Mini Access,1,Middlesex,,Computer Applications Elective,1,,-,1,partial_or_elective,Receiving course name contains 'elective' AND receiving course code is empty
Northern Essex,CIS 106,Mini Access,1,North Shore,CPS 168,Introduction to Access,1,,-,2,direct_equivalent,Has a specific receiving course code and positive credits (default)
Northern Essex,CIS 106,Mini Access,1,Salem,,Not Transferable,,,-,0,not_transferable,Receiving course name indicates not transferable
Northern Essex,CIS 106,Mini Access,1,Springfield Tech,CMP 123,Access,1,,-,2,direct_equivalent,Has a specific receiving course code and positive credits (default)
Northern Essex,CIS 106,Mini Access,1,Springfield Tech,CMPA 111#(Replaced: ),Access,1,,-,2,direct_equivalent,Has a specific receiving course code and positive credits (default)
Northern Essex,CIS 106,Mini Access,1,UMass Amherst,,Not transferable,,,-,0,not_transferable,Receiving course name indicates not transferable
Northern Essex,CIS 106,Mini Access,1,UMass Dartmouth,,Free Elective,1,,-,1,partial_or_elective,Receiving course name contains 'free elective' or 'general elective'
Northern Essex,CIS 106,Mini Access,1,Westfield,,Elective,1,,-,1,partial_or_elective,Receiving course name is purely 'Elective' (no specific course match)
Northern Essex,CIS 106,Mini Access,1,Worcester,,Free Elective,1,,-,1,partial_or_elective,Receiving course name contains 'free elective' or 'general elective'
Northern Essex,CIS 110,Computer Applications,3,Bridgewater,COMP 105,Computers and Their Applications: An Introduction,3,,-,2,direct_equivalent,Has a specific receiving course code and positive credits (default)
Northern Essex,CIS 110,Computer Applications,3,Bunker Hill,CIT 110,Applications/Concepts,3,,-,2,direct_equivalent,Has a specific receiving course code and positive credits (default)
Northern Essex,CIS 110,Computer Applications,3,Fitchburg,BSAD 1700,Introduction to Computer Information Systems for Business,3,,-,2,direct_equivalent,Has a specific receiving course code and positive credits (default)
Northern Essex,CIS 110,Computer Applications,3,Fitchburg,CSC 1100,Computer Applications,3,,-,2,direct_equivalent,Has a specific receiving course code and positive credits (default)
Northern Essex,CIS 110,Computer Applications,3,Framingham,BUIS 200,Introduction to Business SystemsStudents may not receive credit for both BUIS 200 Introduction to Business Systems and 12.208 Microcomputer Applications in Business.,3,,-,2,direct_equivalent,Has a specific receiving course code and positive credits (default)
Northern Essex,CIS 110,Computer Applications,3,Framingham,CSCI 120,Introduction to Information TechnologyStudents cannot receive credit for both this course and 63.151 Personal Computer (PC) Fundamentals and Applications.,3,,-,2,direct_equivalent,Has a specific receiving course code and positive credits (default)
Northern Essex,CIS 110,Computer Applications,3,Holyoke,CSI 111,Computer Concepts with Applications,3,,-,2,direct_equivalent,Has a specific receiving course code and positive credits (default)
Northern Essex,CIS 110,Computer Applications,3,MassBay,CS 113,Fundamentals of IT,3,,-,2,direct_equivalent,Has a specific receiving course code and positive credits (default)
Northern Essex,CIS 110,Computer Applications,3,MCLA,,Computer Science Elective,3,,-,1,partial_or_elective,Receiving course name contains 'elective' AND receiving course code is empty
Northern Essex,CIS 110,Computer Applications,3,MCLA,BADM 110#(Replaced: 1/1/2021),Information Technology for Business,3,,-,2,direct_equivalent,Has a specific receiving course code and positive credits (default)
Northern Essex,CIS 110,Computer Applications,3,MCLA,BADM 210,Information Technology for Business,3,,-,2,direct_equivalent,Has a specific receiving course code and positive credits (default)
Northern Essex,CIS 110,Computer Applications,3,Middlesex,CAP 101,Computer Applications,3,,-,2,direct_equivalent,Has a specific receiving course code and positive credits (default)
Northern Essex,CIS 110,Computer Applications,3,Mount Wachusett,CIS 128,Introduction to Information Systems,3,,-,2,direct_equivalent,Has a specific receiving course code and positive credits (default)
Northern Essex,CIS 110,Computer Applications,3,Quinsigamond,CIS 105,Introduction to Information Technology,3,,-,2,direct_equivalent,Has a specific receiving course code and positive credits (default)
Northern Essex,CIS 110,Computer Applications,3,Salem,ITC 100,Computers and Their Uses,3,,-,2,direct_equivalent,Has a specific receiving course code and positive credits (default)
Northern Essex,CIS 110,Computer Applications,3,Salem,ITC 241,Spreadsheet Applications in the Professions,3,,-,2,direct_equivalent,Has a specific receiving course code and positive credits (default)
Northern Essex,CIS 110,Computer Applications,3,UMass Amherst,CMPSCI 105,Computer Literacy,3,,-,2,direct_equivalent,Has a specific receiving course code and positive credits (default)
Northern Essex,CIS 110,Computer Applications,3,UMass Amherst,OIM 210,Introduction to Business Information Systems,3,,-,2,direct_equivalent,Has a specific receiving course code and positive credits (default)
Northern Essex,CIS 110,Computer Applications,3,UMass Dartmouth,CIS 110,Computer Literacy,3,,-,2,direct_equivalent,Has a specific receiving course code and positive credits (default)
Northern Essex,CIS 110,Computer Applications,3,UMass Dartmouth,MIS 101,The Business Organization,3,,-,2,direct_equivalent,Has a specific receiving course code and positive credits (default)
Northern Essex,CIS 110,Computer Applications,3,UMass Lowell,INFO 2020,Microsoft Office,3,,-,2,direct_equivalent,Has a specific receiving course code and positive credits (default)
Northern Essex,CIS 110,Computer Applications,3,Westfield,,Elective,3,,-,1,partial_or_elective,Receiving course name is purely 'Elective' (no specific course match)
Northern Essex,CIS 110,Computer Applications,3,Westfield,MGMT 0107,Software Applications in Management,3,,-,2,direct_equivalent,Has a specific receiving course code and positive credits (default)
Northern Essex,CIS 110,Computer Applications,3,Worcester,CS 120,Microcomputer Applications,3,,-,2,direct_equivalent,Has a specific receiving course code and positive credits (default)
Northern Essex,CIS 112,Integrated Computer Applications,4,Bridgewater,,Computer Elective,4,,-,1,partial_or_elective,Receiving course name is purely 'Elective' (no specific course match)
Northern Essex,CIS 112,Integrated Computer Applications,4,Fitchburg,,Computer Science Elective,4,,-,1,partial_or_elective,Receiving course name contains 'elective' AND receiving course code is empty
Northern Essex,CIS 112,Integrated Computer Applications,4,Framingham,,Computer Science Elective,4,,-,1,partial_or_elective,Receiving course name contains 'elective' AND receiving course code is empty
Northern Essex,CIS 112,Integrated Computer Applications,4,MCLA,,Computer Science Elective,4,,-,1,partial_or_elective,Receiving course name contains 'elective' AND receiving course code is empty
Northern Essex,CIS 112,Integrated Computer Applications,4,Middlesex,,Computer Applications Elective,4,,-,1,partial_or_elective,Receiving course name contains 'elective' AND receiving course code is empty
Northern Essex,CIS 112,Integrated Computer Applications,4,Salem,ITC 117,Computers in the Professions,3,,-,2,direct_equivalent,Has a specific receiving course code and positive credits (default)
Northern Essex,CIS 112,Integrated Computer Applications,4,UMass Amherst,OIM 210,Introduction to Business Information Systems,4,,-,2,direct_equivalent,Has a specific receiving course code and positive credits (default)
Northern Essex,CIS 112,Integrated Computer Applications,4,UMass Dartmouth,,Free Elective,4,,-,1,partial_or_elective,Receiving course name contains 'free elective' or 'general elective'
Northern Essex,CIS 112,Integrated Computer Applications,4,UMass Lowell,,Computer Science 1000 Level Elective,3,,-,1,partial_or_elective,Receiving course name contains 'elective' AND receiving course code is empty
Northern Essex,CIS 112,Integrated Computer Applications,4,Westfield,,Elective,4,,-,1,partial_or_elective,Receiving course name is purely 'Elective' (no specific course match)
Northern Essex,CIS 112,Integrated Computer Applications,4,Worcester,BA 350,Business Information Systems and Applications,4,,-,2,direct_equivalent,Has a specific receiving course code and positive credits (default)
Northern Essex,CIS 113,Data Management,4,Bridgewater,,Computer Elective,4,,-,1,partial_or_elective,Receiving course name is purely 'Elective' (no specific course match)
Northern Essex,CIS 113,Data Management,4,Cape Cod,BST 250,Database ApplicationsFormerly GIT 150.,3,,-,2,direct_equivalent,Has a specific receiving course code and positive credits (default)
Northern Essex,CIS 113,Data Management,4,Cape Cod,GIT 150#(Replaced: 9/1/2022),Database Applications,3,,-,2,direct_equivalent,Has a specific receiving course code and positive credits (default)
Northern Essex,CIS 113,Data Management,4,Fitchburg,,Computer Science Elective,4,,-,1,partial_or_elective,Receiving course name contains 'elective' AND receiving course code is empty
Northern Essex,CIS 113,Data Management,4,Framingham,,Computer Science Elective,4,,-,1,partial_or_elective,Receiving course name contains 'elective' AND receiving course code is empty
Northern Essex,CIS 113,Data Management,4,MassBay,CS 213,Database Management Systems,4,,-,2,direct_equivalent,Has a specific receiving course code and positive credits (default)
Northern Essex,CIS 113,Data Management,4,MCLA,,Computer Science Elective,4,,-,1,partial_or_elective,Receiving course name contains 'elective' AND receiving course code is empty
Northern Essex,CIS 113,Data Management,4,Middlesex,CAP 156,Database Applications,4,,-,2,direct_equivalent,Has a specific receiving course code and positive credits (default)
Northern Essex,CIS 113,Data Management,4,North Shore,CPS 170,Database Theory and Applications,4,,-,2,direct_equivalent,Has a specific receiving course code and positive credits (default)
Northern Essex,CIS 113,Data Management,4,Quinsigamond,,Computer Science Elective,3,,-,1,partial_or_elective,Receiving course name contains 'elective' AND receiving course code is empty
Northern Essex,CIS 113,Data Management,4,Salem,,Computer Science Elective,3,,-,1,partial_or_elective,Receiving course name contains 'elective' AND receiving course code is empty
Northern Essex,CIS 113,Data Management,4,UMass Amherst,,major or elective credit,4,,-,1,partial_or_elective,Receiving course name contains 'elective' AND receiving course code is empty
Northern Essex,CIS 113,Data Management,4,UMass Dartmouth,EGR 111,Intro Engineering & Computing,3,,-,2,direct_equivalent,Has a specific receiving course code and positive credits (default)
Northern Essex,CIS 113,Data Management,4,Westfield,,Elective,4,,-,1,partial_or_elective,Receiving course name is purely 'Elective' (no specific course match)
Northern Essex,CIS 113,Data Management,4,Worcester,,Computer Science Elective,4,,-,1,partial_or_elective,Receiving course name contains 'elective' AND receiving course code is empty
Northern Essex,CIS 114,Help Desk and Soft Skills,3,Bridgewater,,Computer Elective,3,,-,1,partial_or_elective,Receiving course name is purely 'Elective' (no specific course match)
Northern Essex,CIS 114,Help Desk and Soft Skills,3,Bunker Hill,CIT 230,Help Desk Techniques,3,,-,2,direct_equivalent,Has a specific receiving course code and positive credits (default)
Northern Essex,CIS 114,Help Desk and Soft Skills,3,Fitchburg,,Computer Science Elective,3,,-,1,partial_or_elective,Receiving course name contains 'elective' AND receiving course code is empty
Northern Essex,CIS 114,Help Desk and Soft Skills,3,Framingham,,Computer Science Elective,3,,-,1,partial_or_elective,Receiving course name contains 'elective' AND receiving course code is empty
Northern Essex,CIS 114,Help Desk and Soft Skills,3,Massasoit,CTIM 178,Help Desk Concepts,3,,-,2,direct_equivalent,Has a specific receiving course code and positive credits (default)
Northern Essex,CIS 114,Help Desk and Soft Skills,3,MCLA,,Computer Science Elective,3,,-,1,partial_or_elective,Receiving course name contains 'elective' AND receiving course code is empty
Northern Essex,CIS 114,Help Desk and Soft Skills,3,Middlesex,,Computer Applications Elective,3,,-,1,partial_or_elective,Receiving course name contains 'elective' AND receiving course code is empty
Northern Essex,CIS 114,Help Desk and Soft Skills,3,Salem,,Not Transferable,,,-,0,not_transferable,Receiving course name indicates not transferable
Northern Essex,CIS 114,Help Desk and Soft Skills,3,UMass Amherst,,Not transferable,,,-,0,not_transferable,Receiving course name indicates not transferable
Northern Essex,CIS 114,Help Desk and Soft Skills,3,UMass Dartmouth,,Free Elective,3,,-,1,partial_or_elective,Receiving course name contains 'free elective' or 'general elective'
Northern Essex,CIS 114,Help Desk and Soft Skills,3,Westfield,,Elective,3,,-,1,partial_or_elective,Receiving course name is purely 'Elective' (no specific course match)
Northern Essex,CIS 114,Help Desk and Soft Skills,3,Worcester,,Free Elective,3,,-,1,partial_or_elective,Receiving course name contains 'free elective' or 'general elective'
Northern Essex,CIS 115,Information Security,4,Bridgewater,,Computer Elective,4,,-,1,partial_or_elective,Receiving course name is purely 'Elective' (no specific course match)
Northern Essex,CIS 115,Information Security,4,Fitchburg,,Computer Science Elective,4,,-,1,partial_or_elective,Receiving course name contains 'elective' AND receiving course code is empty
Northern Essex,CIS 115,Information Security,4,Framingham,,Computer Science Elective,4,,-,1,partial_or_elective,Receiving course name contains 'elective' AND receiving course code is empty
Northern Essex,CIS 115,Information Security,4,Holyoke,SEC 106,Personal Computer Security,4,,-,2,direct_equivalent,Has a specific receiving course code and positive credits (default)
Northern Essex,CIS 115,Information Security,4,Massasoit,CTIM 180,Computer and Information Security,3,,-,2,direct_equivalent,Has a specific receiving course code and positive credits (default)
Northern Essex,CIS 115,Information Security,4,MassBay,CS 116,Fundamentals of Cyber Secruity,3,,-,2,direct_equivalent,Has a specific receiving course code and positive credits (default)
Northern Essex,CIS 115,Information Security,4,MassBay,CS 116#(Replaced: 5/27/2016),Fundamentals of Cyber Security,3,,-,2,direct_equivalent,Has a specific receiving course code and positive credits (default)
Northern Essex,CIS 115,Information Security,4,MCLA,,Computer Science Elective,4,,-,1,partial_or_elective,Receiving course name contains 'elective' AND receiving course code is empty
Northern Essex,CIS 115,Information Security,4,Middlesex,CSC 188,Introduction to Computer Security,4,,-,2,direct_equivalent,Has a specific receiving course code and positive credits (default)
Northern Essex,CIS 115,Information Security,4,Mount Wachusett,CIS 219,Principles of Information SecurityThis course is offered in the Spring.,3,,-,2,direct_equivalent,Has a specific receiving course code and positive credits (default)
Northern Essex,CIS 115,Information Security,4,Quinsigamond,CST 205,Information Technology Security Foundations,3,,-,2,direct_equivalent,Has a specific receiving course code and positive credits (default)
Northern Essex,CIS 115,Information Security,4,Roxbury,IST 124,Information Security Fundamentals,4,,-,2,direct_equivalent,Has a specific receiving course code and positive credits (default)
Northern Essex,CIS 115,Information Security,4,Salem,,Information Technology Elective,3,,-,1,partial_or_elective,Receiving course name contains 'elective' AND receiving course code is empty
Northern Essex,CIS 115,Information Security,4,UMass Amherst,,Not transferable,,,-,0,not_transferable,Receiving course name indicates not transferable
Northern Essex,CIS 115,Information Security,4,UMass Dartmouth,,Free Elective,4,,-,1,partial_or_elective,Receiving course name contains 'free elective' or 'general elective'
Northern Essex,CIS 115,Information Security,4,Westfield,,Elective,4,,-,1,partial_or_elective,Receiving course name is purely 'Elective' (no specific course match)
Northern Essex,CIS 115,Information Security,4,Worcester,,Free Elective,4,,-,1,partial_or_elective,Receiving course name contains 'free elective' or 'general elective'
Northern Essex,CIS 121,Introduction to Operating Systems,4,Bristol,CIS 121,Operating Systems,3,,-,2,direct_equivalent,Has a specific receiving course code and positive credits (default)
Northern Essex,CIS 121,Introduction to Operating Systems,4,Cape Cod,BIT 115#(Replaced: 9/1/2022),IT: Windows Desktop Operating Systems,3,,-,2,direct_equivalent,Has a specific receiving course code and positive credits (default)
Northern Essex,CIS 121,Introduction to Operating Systems,4,Cape Cod,CIT 115,IT: Windows Desktop Operating Systems,3,,-,2,direct_equivalent,Has a specific receiving course code and positive credits (default)
Northern Essex,CIS 121,Introduction to Operating Systems,4,Fitchburg,CSC 3100,Operating Systems,4,,-,2,direct_equivalent,Has a specific receiving course code and positive credits (default)
Northern Essex,CIS 121,Introduction to Operating Systems,4,Holyoke,CSI 107,Operating Systems,3,,-,2,direct_equivalent,Has a specific receiving course code and positive credits (default)
Northern Essex,CIS 121,Introduction to Operating Systems,4,Middlesex,CSC 156,Operating Systems Basic and Security,4,,-,2,direct_equivalent,Has a specific receiving course code and positive credits (default)
Northern Essex,CIS 121,Introduction to Operating Systems,4,Middlesex,CSC 156#(Replaced: 9/1/2018),Operating Systems Basics and Security,4,,-,2,direct_equivalent,Has a specific receiving course code and positive credits (default)
Northern Essex,CIS 121,Introduction to Operating Systems,4,North Shore,CPS 122,Operating Systems,4,,-,2,direct_equivalent,Has a specific receiving course code and positive credits (default)
Northern Essex,CIS 121,Introduction to Operating Systems,4,Quinsigamond,,Computer Science Elective,3,,-,1,partial_or_elective,Receiving course name contains 'elective' AND receiving course code is empty
Northern Essex,CIS 121,Introduction to Operating Systems,4,UMass Amherst,,major or elective credit,4,,-,1,partial_or_elective,Receiving course name contains 'elective' AND receiving course code is empty
Northern Essex,CIS 121,Introduction to Operating Systems,4,Worcester,,Computer Science Elective,4,,-,1,partial_or_elective,Receiving course name contains 'elective' AND receiving course code is empty
Northern Essex,CIS 137,Introduction to Discrete Structures,4,Berkshire,,Mathematics/Liberal Arts/Open Elective,3-4*,,-,1,partial_or_elective,Receiving course name contains 'elective' AND receiving course code is empty
Northern Essex,CIS 137,Introduction to Discrete Structures,4,Bridgewater,,Major/Free Elective,4,,-,1,partial_or_elective,Receiving course name contains 'free elective' or 'general elective'
Northern Essex,CIS 137,Introduction to Discrete Structures,4,Bristol,MTH 243,Discrete Structures I,3,,-,2,direct_equivalent,Has a specific receiving course code and positive credits (default)
Northern Essex,CIS 137,Introduction to Discrete Structures,4,Bunker Hill,,Mathematics Elective,3-4*,,-,1,partial_or_elective,Receiving course name contains 'elective' AND receiving course code is empty
Northern Essex,CIS 137,Introduction to Discrete Structures,4,Cape Cod,MAT 220,Discrete Mathematics & Introduction to Proofs,4,,-,2,direct_equivalent,Has a specific receiving course code and positive credits (default)
Northern Essex,CIS 137,Introduction to Discrete Structures,4,Fitchburg,CSC 1900,Discrete Mathematics,4,,-,2,direct_equivalent,Has a specific receiving course code and positive credits (default)
Northern Essex,CIS 137,Introduction to Discrete Structures,4,Framingham,,Computer Science Elective,4,,-,1,partial_or_elective,Receiving course name contains 'elective' AND receiving course code is empty
Northern Essex,CIS 137,Introduction to Discrete Structures,4,Greenfield,,Mathematics Elective,3-4*,,-,1,partial_or_elective,Receiving course name contains 'elective' AND receiving course code is empty
Northern Essex,CIS 137,Introduction to Discrete Structures,4,Holyoke,MTH 230,Discrete Math,4,,-,2,direct_equivalent,Has a specific receiving course code and positive credits (default)
Northern Essex,CIS 137,Introduction to Discrete Structures,4,Holyoke,MTH 230#(Replaced: 1/1/2017),Discrete Mathematical Structures,4,,-,2,direct_equivalent,Has a specific receiving course code and positive credits (default)
Northern Essex,CIS 137,Introduction to Discrete Structures,4,Massasoit,,MATH/LA ELEC,3-4*,,-,1,partial_or_elective,"Receiving course name contains abbreviated 'ELEC' (e.g. IT ELEC, BUSN ELEC)"
Northern Essex,CIS 137,Introduction to Discrete Structures,4,Massasoit,MATH 218,Discrete Mathematics,3,,-,2,direct_equivalent,Has a specific receiving course code and positive credits (default)
Northern Essex,CIS 137,Introduction to Discrete Structures,4,MassBay,,Mathematics Elective,3-4*,,-,1,partial_or_elective,Receiving course name contains 'elective' AND receiving course code is empty
Northern Essex,CIS 137,Introduction to Discrete Structures,4,MCLA,,Computer Science Elective,4,,-,1,partial_or_elective,Receiving course name contains 'elective' AND receiving course code is empty
Northern Essex,CIS 137,Introduction to Discrete Structures,4,Middlesex,MAT 250,Discrete Math,4,,-,2,direct_equivalent,Has a specific receiving course code and positive credits (default)
Northern Essex,CIS 137,Introduction to Discrete Structures,4,Mount Wachusett,,Mathematics Elective,3-4*,,-,1,partial_or_elective,Receiving course name contains 'elective' AND receiving course code is empty
Northern Essex,CIS 137,Introduction to Discrete Structures,4,North Shore,MAT 241,Discrete Structures,4,,-,2,direct_equivalent,Has a specific receiving course code and positive credits (default)
Northern Essex,CIS 137,Introduction to Discrete Structures,4,Quinsigamond,MAT 125,Discrete Mathematics,3,,-,2,direct_equivalent,Has a specific receiving course code and positive credits (default)
Northern Essex,CIS 137,Introduction to Discrete Structures,4,Salem,MAT 214A,Discrete Structures,4,,-,2,direct_equivalent,Has a specific receiving course code and positive credits (default)
Northern Essex,CIS 137,Introduction to Discrete Structures,4,Springfield Tech,MAT 220,Discrete Structures,4,,-,2,direct_equivalent,Has a specific receiving course code and positive credits (default)
Northern Essex,CIS 137,Introduction to Discrete Structures,4,Springfield Tech,MATH 376#(Replaced: ),Discrete Structures,4,,-,2,direct_equivalent,Has a specific receiving course code and positive credits (default)
Northern Essex,CIS 137,Introduction to Discrete Structures,4,UMass Amherst,,major or elective credit,4,,-,1,partial_or_elective,Receiving course name contains 'elective' AND receiving course code is empty
Northern Essex,CIS 137,Introduction to Discrete Structures,4,Westfield,CAIS 0220,Computer Science/Program Design II,4,,-,2,direct_equivalent,Has a specific receiving course code and positive credits (default)
Northern Essex,CIS 137,Introduction to Discrete Structures,4,Worcester,,Computer Science Elective,4,,-,1,partial_or_elective,Receiving course name contains 'elective' AND receiving course code is empty
Northern Essex,CIS 140,Introduction to Computer Science,4,Bridgewater,COMP 143,Introduction to Computer Science: Peer Assisted Learning,4,,-,2,direct_equivalent,Has a specific receiving course code and positive credits (default)
Northern Essex,CIS 140,Introduction to Computer Science,4,Fitchburg,,Computer Science Elective,4,,-,1,partial_or_elective,Receiving course name contains 'elective' AND receiving course code is empty
Northern Essex,CIS 140,Introduction to Computer Science,4,Framingham,,Computer Science Elective,4,,-,1,partial_or_elective,Receiving course name contains 'elective' AND receiving course code is empty
Northern Essex,CIS 140,Introduction to Computer Science,4,MassBay,CS 110,Introduction to Computer Science,4,,-,2,direct_equivalent,Has a specific receiving course code and positive credits (default)
Northern Essex,CIS 140,Introduction to Computer Science,4,MCLA,,Computer Science Elective,4,,-,1,partial_or_elective,Receiving course name contains 'elective' AND receiving course code is empty
Northern Essex,CIS 140,Introduction to Computer Science,4,Middlesex,,Computer Science Elective,4,,-,1,partial_or_elective,Receiving course name contains 'elective' AND receiving course code is empty
Northern Essex,CIS 140,Introduction to Computer Science,4,Middlesex,CSC 101,Introduction to Computer Science,4,,-,2,direct_equivalent,Has a specific receiving course code and positive credits (default)
Northern Essex,CIS 140,Introduction to Computer Science,4,Salem,ITC 190,Problem Solving in Virtual Worlds,3,,-,2,direct_equivalent,Has a specific receiving course code and positive credits (default)
Northern Essex,CIS 140,Introduction to Computer Science,4,Springfield Tech,CSC 100/100L,Introduction to Computer Science + Lab: Introduction to Computer Science,3+1,,-,1,partial_or_elective,Credits transferred has '+' indicating split credit (e.g. 3+1)
Northern Essex,CIS 140,Introduction to Computer Science,4,UMass Amherst,,major or elective credit,4,,-,1,partial_or_elective,Receiving course name contains 'elective' AND receiving course code is empty
Northern Essex,CIS 140,Introduction to Computer Science,4,Westfield,,Elective,4,,-,1,partial_or_elective,Receiving course name is purely 'Elective' (no specific course match)
Northern Essex,CIS 140,Introduction to Computer Science,4,Worcester,CS 101,Basics of Computer Science,4,,-,2,direct_equivalent,Has a specific receiving course code and positive credits (default)
Northern Essex,CIS 141#(Replaced: ),Computer Science I,4,Bridgewater,COMP 101#(Replaced: ),Computer Science I,4,,-,2,direct_equivalent,Has a specific receiving course code and positive credits (default)
Northern Essex,CIS 141#(Replaced: ),Computer Science I,4,Bridgewater,COMP 151,Computer Science I,4,,-,2,direct_equivalent,Has a specific receiving course code and positive credits (default)
Northern Essex,CIS 141#(Replaced: ),Computer Science I,4,Fitchburg,CSC 1500,Computer Science I,3+1,,-,1,partial_or_elective,Credits transferred has '+' indicating split credit (e.g. 3+1)
Northern Essex,CIS 141#(Replaced: ),Computer Science I,4,Framingham,,Computer Science Elective,4,,-,1,partial_or_elective,Receiving course name contains 'elective' AND receiving course code is empty
Northern Essex,CIS 141#(Replaced: ),Computer Science I,4,MCLA,,Computer Science Elective,4,,-,1,partial_or_elective,Receiving course name contains 'elective' AND receiving course code is empty
Northern Essex,CIS 141#(Replaced: ),Computer Science I,4,Middlesex,CSC 101,Introduction to Computer Science,4,,-,2,direct_equivalent,Has a specific receiving course code and positive credits (default)
Northern Essex,CIS 141#(Replaced: ),Computer Science I,4,Mount Wachusett,CIS 150,Computer Science I,3,,-,2,direct_equivalent,Has a specific receiving course code and positive credits (default)
Northern Essex,CIS 141#(Replaced: ),Computer Science I,4,Quinsigamond,CSC 108,Computer Science IFour hours lecture.,4,,-,2,direct_equivalent,Has a specific receiving course code and positive credits (default)
Northern Essex,CIS 141#(Replaced: ),Computer Science I,4,Roxbury,IST 180,Computer Science I,4,,-,2,direct_equivalent,Has a specific receiving course code and positive credits (default)
Northern Essex,CIS 141#(Replaced: ),Computer Science I,4,Salem,CSC 201J,Software Design and Programming I,4,,-,2,direct_equivalent,Has a specific receiving course code and positive credits (default)
Northern Essex,CIS 141#(Replaced: ),Computer Science I,4,UMass Amherst,,Major or general elective,4,,-,1,partial_or_elective,Receiving course name contains 'free elective' or 'general elective'
Northern Essex,CIS 141#(Replaced: ),Computer Science I,4,UMass Amherst,,major or elective credit,4,,-,1,partial_or_elective,Receiving course name contains 'elective' AND receiving course code is empty
Northern Essex,CIS 141#(Replaced: ),Computer Science I,4,UMass Lowell,,Computer Science 1000 Level Elective,3,,-,1,partial_or_elective,Receiving course name contains 'elective' AND receiving course code is empty
Northern Essex,CIS 141#(Replaced: ),Computer Science I,4,Westfield,,Elective,4,,-,1,partial_or_elective,Receiving course name is purely 'Elective' (no specific course match)
Northern Essex,CIS 141#(Replaced: ),Computer Science I,4,Worcester,,Computer Science Elective,4,,-,1,partial_or_elective,Receiving course name contains 'elective' AND receiving course code is empty
Northern Essex,CIS 142,Visual Basic Programming,4,Bristol,CIS 156,Visual Basic,3,,-,2,direct_equivalent,Has a specific receiving course code and positive credits (default)
Northern Essex,CIS 142,Visual Basic Programming,4,Bunker Hill,CIT 216,Visual BasicFor additional information and/or a course syllabus contact CITDepartment@bhcc.mass.edu.,3,,-,2,direct_equivalent,Has a specific receiving course code and positive credits (default)
Northern Essex,CIS 142,Visual Basic Programming,4,Fitchburg,,Computer Science Elective,4,,-,1,partial_or_elective,Receiving course name contains 'elective' AND receiving course code is empty
Northern Essex,CIS 142,Visual Basic Programming,4,Middlesex,CSC 101,Introduction to Computer Science,4,,-,2,direct_equivalent,Has a specific receiving course code and positive credits (default)
Northern Essex,CIS 142,Visual Basic Programming,4,Quinsigamond,,Computer Science Elective,3,,-,1,partial_or_elective,Receiving course name contains 'elective' AND receiving course code is empty
Northern Essex,CIS 142,Visual Basic Programming,4,Roxbury,IST 145,Visual Basic,3,,-,2,direct_equivalent,Has a specific receiving course code and positive credits (default)
Northern Essex,CIS 142,Visual Basic Programming,4,UMass Amherst,,major or elective credit,4,,-,1,partial_or_elective,Receiving course name contains 'elective' AND receiving course code is empty
Northern Essex,CIS 142,Visual Basic Programming,4,Worcester,,Computer Science Elective,4,,-,1,partial_or_elective,Receiving course name contains 'elective' AND receiving course code is empty
Northern Essex,CIS 144,Current Topics in Computer Science/Security,4,Berkshire,CIS 297,Special Topics in Computer Information Systems,3-4*,,-,1,partial_or_elective,Credits transferred has asterisk (conditional/variable transfer)
Northern Essex,CIS 144,Current Topics in Computer Science/Security,4,Bristol,CIS 283,Selected Topics in CIS,3,,-,2,direct_equivalent,Has a specific receiving course code and positive credits (default)
Northern Essex,CIS 144,Current Topics in Computer Science/Security,4,Bristol,CIT 260,Topics in Game Programming,3,,-,2,direct_equivalent,Has a specific receiving course code and positive credits (default)
Northern Essex,CIS 144,Current Topics in Computer Science/Security,4,Bunker Hill,CIT 223,Special Topics in Digital and Computer ForensicsFor additional information and/or a course syllabus contact CITDepartment@bhcc.mass.edu.,3,,-,2,direct_equivalent,Has a specific receiving course code and positive credits (default)
Northern Essex,CIS 144,Current Topics in Computer Science/Security,4,Fitchburg,,Computer Science Elective,4,,-,1,partial_or_elective,Receiving course name contains 'elective' AND receiving course code is empty
Northern Essex,CIS 144,Current Topics in Computer Science/Security,4,Holyoke,CSI 250,Current Topics in Information Systems,3,,-,2,direct_equivalent,Has a specific receiving course code and positive credits (default)
Northern Essex,CIS 144,Current Topics in Computer Science/Security,4,Massasoit,CTIM 250,Current Issues in Computing,3,,-,2,direct_equivalent,Has a specific receiving course code and positive credits (default)
Northern Essex,CIS 144,Current Topics in Computer Science/Security,4,Middlesex,,Computer Science Elective,4,,-,1,partial_or_elective,Receiving course name contains 'elective' AND receiving course code is empty
Northern Essex,CIS 144,Current Topics in Computer Science/Security,4,Springfield Tech,CIT 252,Advanced Security Topics,3,,-,2,direct_equivalent,Has a specific receiving course code and positive credits (default)
Northern Essex,CIS 144,Current Topics in Computer Science/Security,4,UMass Amherst,,major or elective credit,4,,-,1,partial_or_elective,Receiving course name contains 'elective' AND receiving course code is empty
Northern Essex,CIS 144,Current Topics in Computer Science/Security,4,Worcester,,Free Elective,4,,-,1,partial_or_elective,Receiving course name contains 'free elective' or 'general elective'
Northern Essex,CIS 146,Current Topics in Computer Science/Robotics,4,Berkshire,CIS 297,Special Topics in Computer Information Systems,3-4*,,-,1,partial_or_elective,Credits transferred has asterisk (conditional/variable transfer)
Northern Essex,CIS 146,Current Topics in Computer Science/Robotics,4,Bristol,CIS 283,Selected Topics in CIS,3,,-,2,direct_equivalent,Has a specific receiving course code and positive credits (default)
Northern Essex,CIS 146,Current Topics in Computer Science/Robotics,4,Bristol,CIT 260,Topics in Game Programming,3,,-,2,direct_equivalent,Has a specific receiving course code and positive credits (default)
Northern Essex,CIS 146,Current Topics in Computer Science/Robotics,4,Bunker Hill,CIT 223,Special Topics in Digital and Computer ForensicsFor additional information and/or a course syllabus contact CITDepartment@bhcc.mass.edu.,3,,-,2,direct_equivalent,Has a specific receiving course code and positive credits (default)
Northern Essex,CIS 146,Current Topics in Computer Science/Robotics,4,Fitchburg,,Computer Science Elective,4,,-,1,partial_or_elective,Receiving course name contains 'elective' AND receiving course code is empty
Northern Essex,CIS 146,Current Topics in Computer Science/Robotics,4,Holyoke,CSI 250,Current Topics in Information Systems,3,,-,2,direct_equivalent,Has a specific receiving course code and positive credits (default)
Northern Essex,CIS 146,Current Topics in Computer Science/Robotics,4,Massasoit,CTIM 250,Current Issues in Computing,3,,-,2,direct_equivalent,Has a specific receiving course code and positive credits (default)
Northern Essex,CIS 146,Current Topics in Computer Science/Robotics,4,Middlesex,,Network Security Elective,4,,-,1,partial_or_elective,Receiving course name contains 'elective' AND receiving course code is empty
Northern Essex,CIS 146,Current Topics in Computer Science/Robotics,4,Springfield Tech,CIT 252,Advanced Security Topics,3,,-,2,direct_equivalent,Has a specific receiving course code and positive credits (default)
Northern Essex,CIS 146,Current Topics in Computer Science/Robotics,4,UMass Amherst,,major or elective credit,4,,-,1,partial_or_elective,Receiving course name contains 'elective' AND receiving course code is empty
Northern Essex,CIS 146,Current Topics in Computer Science/Robotics,4,Worcester,,Free Elective,4,,-,1,partial_or_elective,Receiving course name contains 'free elective' or 'general elective'
Northern Essex,CIS 154,C Programming,4,Bridgewater,,Computer Elective,4,,-,1,partial_or_elective,Receiving course name is purely 'Elective' (no specific course match)
Northern Essex,CIS 154,C Programming,4,Fitchburg,CSC 2560,Systems Programming,3+1,,-,1,partial_or_elective,Credits transferred has '+' indicating split credit (e.g. 3+1)
Northern Essex,CIS 154,C Programming,4,Framingham,,Computer Science Elective,4,,-,1,partial_or_elective,Receiving course name contains 'elective' AND receiving course code is empty
Northern Essex,CIS 154,C Programming,4,MassBay,CS 209,C Programming,4,,-,2,direct_equivalent,Has a specific receiving course code and positive credits (default)
Northern Essex,CIS 154,C Programming,4,MCLA,,Computer Science Elective,4,,-,1,partial_or_elective,Receiving course name contains 'elective' AND receiving course code is empty
Northern Essex,CIS 154,C Programming,4,Middlesex,CSC 151,Programming I,4,,-,2,direct_equivalent,Has a specific receiving course code and positive credits (default)
Northern Essex,CIS 154,C Programming,4,Quinsigamond,,Computer Science Elective,4,,-,1,partial_or_elective,Receiving course name contains 'elective' AND receiving course code is empty
Northern Essex,CIS 154,C Programming,4,Salem,,Computer Science Elective,3,,-,1,partial_or_elective,Receiving course name contains 'elective' AND receiving course code is empty
Northern Essex,CIS 154,C Programming,4,UMass Amherst,,major or elective credit,4,,-,1,partial_or_elective,Receiving course name contains 'elective' AND receiving course code is empty
Northern Essex,CIS 154,C Programming,4,UMass Dartmouth,CIS 190,Intro Procedural Program,4,,-,2,direct_equivalent,Has a specific receiving course code and positive credits (default)
Northern Essex,CIS 154,C Programming,4,Westfield,,Elective,4,,-,1,partial_or_elective,Receiving course name is purely 'Elective' (no specific course match)
Northern Essex,CIS 154,C Programming,4,Worcester,,Computer Science Elective,4,,-,1,partial_or_elective,Receiving course name contains 'elective' AND receiving course code is empty
Northern Essex,CIS 160,Computer Science I,4,Bridgewater,COMP 101#(Replaced: ),Computer Science I,4,,-,2,direct_equivalent,Has a specific receiving course code and positive credits (default)
Northern Essex,CIS 160,Computer Science I,4,Bridgewater,COMP 151,Computer Science I,4,,-,2,direct_equivalent,Has a specific receiving course code and positive credits (default)
Northern Essex,CIS 160,Computer Science I,4,Fitchburg,CSC 1500,Computer Science I,3+1,,-,1,partial_or_elective,Credits transferred has '+' indicating split credit (e.g. 3+1)
Northern Essex,CIS 160,Computer Science I,4,Framingham,,Computer Science Elective,4,,-,1,partial_or_elective,Receiving course name contains 'elective' AND receiving course code is empty
Northern Essex,CIS 160,Computer Science I,4,MCLA,,Computer Science Elective,4,,-,1,partial_or_elective,Receiving course name contains 'elective' AND receiving course code is empty
Northern Essex,CIS 160,Computer Science I,4,Middlesex,CSC 101,Introduction to Computer Science,4,,-,2,direct_equivalent,Has a specific receiving course code and positive credits (default)
Northern Essex,CIS 160,Computer Science I,4,Mount Wachusett,CIS 150,Computer Science I,3,,-,2,direct_equivalent,Has a specific receiving course code and positive credits (default)
Northern Essex,CIS 160,Computer Science I,4,Quinsigamond,CSC 108,Computer Science IFour hours lecture.,4,,-,2,direct_equivalent,Has a specific receiving course code and positive credits (default)
Northern Essex,CIS 160,Computer Science I,4,Roxbury,IST 180,Computer Science I,4,,-,2,direct_equivalent,Has a specific receiving course code and positive credits (default)
Northern Essex,CIS 160,Computer Science I,4,Salem,CSC 201J,Software Design and Programming I,4,,-,2,direct_equivalent,Has a specific receiving course code and positive credits (default)
Northern Essex,CIS 160,Computer Science I,4,UMass Amherst,,Major or general elective,4,,-,1,partial_or_elective,Receiving course name contains 'free elective' or 'general elective'
Northern Essex,CIS 160,Computer Science I,4,UMass Amherst,,major or elective credit,4,,-,1,partial_or_elective,Receiving course name contains 'elective' AND receiving course code is empty
Northern Essex,CIS 160,Computer Science I,4,UMass Lowell,,Computer Science 1000 Level Elective,3,,-,1,partial_or_elective,Receiving course name contains 'elective' AND receiving course code is empty
Northern Essex,CIS 160,Computer Science I,4,Westfield,,Elective,4,,-,1,partial_or_elective,Receiving course name is purely 'Elective' (no specific course match)
Northern Essex,CIS 160,Computer Science I,4,Worcester,,Computer Science Elective,4,,-,1,partial_or_elective,Receiving course name contains 'elective' AND receiving course code is empty
Northern Essex,CIS 190,Android Programming,4,Bridgewater,,Computer Elective,4,,-,1,partial_or_elective,Receiving course name is purely 'Elective' (no specific course match)
Northern Essex,CIS 190,Android Programming,4,Fitchburg,,Computer Science Elective,4,,-,1,partial_or_elective,Receiving course name contains 'elective' AND receiving course code is empty
Northern Essex,CIS 190,Android Programming,4,Framingham,,Computer Science Elective,4,,-,1,partial_or_elective,Receiving course name contains 'elective' AND receiving course code is empty
Northern Essex,CIS 190,Android Programming,4,MCLA,,Computer Science Elective,4,,-,1,partial_or_elective,Receiving course name contains 'elective' AND receiving course code is empty
Northern Essex,CIS 190,Android Programming,4,Middlesex,,Computer Science Elective,4,,-,1,partial_or_elective,Receiving course name contains 'elective' AND receiving course code is empty
Northern Essex,CIS 190,Android Programming,4,Salem,,Computer Science Elective,3,,-,1,partial_or_elective,Receiving course name contains 'elective' AND receiving course code is empty
Northern Essex,CIS 190,Android Programming,4,UMass Amherst,,major or elective credit,4,,-,1,partial_or_elective,Receiving course name contains 'elective' AND receiving course code is empty
Northern Essex,CIS 190,Android Programming,4,UMass Dartmouth,EGR 111,Intro Engineering & Computing,3,,-,2,direct_equivalent,Has a specific receiving course code and positive credits (default)
Northern Essex,CIS 190,Android Programming,4,Westfield,,Elective,4,,-,1,partial_or_elective,Receiving course name is purely 'Elective' (no specific course match)
Northern Essex,CIS 190,Android Programming,4,Worcester,,Computer Science Elective,4,,-,1,partial_or_elective,Receiving course name contains 'elective' AND receiving course code is empty
Northern Essex,CIS 210,Advanced Database Management,4,Bridgewater,,Computer Elective,4,,-,1,partial_or_elective,Receiving course name is purely 'Elective' (no specific course match)
Northern Essex,CIS 210,Advanced Database Management,4,Fitchburg,,Computer Science Elective,4,,-,1,partial_or_elective,Receiving course name contains 'elective' AND receiving course code is empty
Northern Essex,CIS 210,Advanced Database Management,4,MCLA,,Computer Science Elective,4,,-,1,partial_or_elective,Receiving course name contains 'elective' AND receiving course code is empty
Northern Essex,CIS 210,Advanced Database Management,4,Middlesex,,Computer Applications Elective,4,,-,1,partial_or_elective,Receiving course name contains 'elective' AND receiving course code is empty
Northern Essex,CIS 210,Advanced Database Management,4,Roxbury,CIS 205#(Replaced: 7/31/2019),Advanced Database Managment,3,,-,2,direct_equivalent,Has a specific receiving course code and positive credits (default)
Northern Essex,CIS 210,Advanced Database Management,4,Roxbury,IST 235,Advanced Database Managment,3,,-,2,direct_equivalent,Has a specific receiving course code and positive credits (default)
Northern Essex,CIS 210,Advanced Database Management,4,Salem,,Computer Science Elective,3,,-,1,partial_or_elective,Receiving course name contains 'elective' AND receiving course code is empty
Northern Essex,CIS 210,Advanced Database Management,4,UMass Amherst,,major or elective credit,4,,-,1,partial_or_elective,Receiving course name contains 'elective' AND receiving course code is empty
Northern Essex,CIS 210,Advanced Database Management,4,UMass Dartmouth,,Computer Information Systems Elective,4,,-,1,partial_or_elective,Receiving course name contains 'elective' AND receiving course code is empty
Northern Essex,CIS 210,Advanced Database Management,4,Westfield,,Elective,4,,-,1,partial_or_elective,Receiving course name is purely 'Elective' (no specific course match)
Northern Essex,CIS 210,Advanced Database Management,4,Worcester,,Free Elective,4,,-,1,partial_or_elective,Receiving course name contains 'free elective' or 'general elective'
Northern Essex,CIS 214,Help Desk Management,4,Bridgewater,,Computer Elective,4,,-,1,partial_or_elective,Receiving course name is purely 'Elective' (no specific course match)
Northern Essex,CIS 214,Help Desk Management,4,Fitchburg,,Computer Science Elective,4,,-,1,partial_or_elective,Receiving course name contains 'elective' AND receiving course code is empty
Northern Essex,CIS 214,Help Desk Management,4,Framingham,,Computer Science Elective,4,,-,1,partial_or_elective,Receiving course name contains 'elective' AND receiving course code is empty
Northern Essex,CIS 214,Help Desk Management,4,MCLA,,Computer Science Elective,4,,-,1,partial_or_elective,Receiving course name contains 'elective' AND receiving course code is empty
Northern Essex,CIS 214,Help Desk Management,4,Middlesex,,Computer Applications Elective,4,,-,1,partial_or_elective,Receiving course name contains 'elective' AND receiving course code is empty
Northern Essex,CIS 214,Help Desk Management,4,Salem,,Not Transferable,,,-,0,not_transferable,Receiving course name indicates not transferable
Northern Essex,CIS 214,Help Desk Management,4,UMass Amherst,,Not transferable,,,-,0,not_transferable,Receiving course name indicates not transferable
Northern Essex,CIS 214,Help Desk Management,4,UMass Dartmouth,,Free Elective,4,,-,1,partial_or_elective,Receiving course name contains 'free elective' or 'general elective'
Northern Essex,CIS 214,Help Desk Management,4,Westfield,,Elective,4,,-,1,partial_or_elective,Receiving course name is purely 'Elective' (no specific course match)
Northern Essex,CIS 214,Help Desk Management,4,Worcester,,Free Elective,4,,-,1,partial_or_elective,Receiving course name contains 'free elective' or 'general elective'
Northern Essex,CIS 215,Advanced Computer Security,4,Fitchburg,CSC 4350,Computer and Network Security,4,,-,2,direct_equivalent,Has a specific receiving course code and positive credits (default)
Northern Essex,CIS 215,Advanced Computer Security,4,Middlesex,CSC 188,Introduction to Computer Security,4,,-,2,direct_equivalent,Has a specific receiving course code and positive credits (default)
Northern Essex,CIS 215,Advanced Computer Security,4,North Shore,CPS 250,Advanced Network Security,3,,-,2,direct_equivalent,Has a specific receiving course code and positive credits (default)
Northern Essex,CIS 215,Advanced Computer Security,4,Springfield Tech,CIT 251,Advanced Information Security Topics,3,,-,2,direct_equivalent,Has a specific receiving course code and positive credits (default)
Northern Essex,CIS 215,Advanced Computer Security,4,UMass Amherst,,Not transferable,,,-,0,not_transferable,Receiving course name indicates not transferable
Northern Essex,CIS 215,Advanced Computer Security,4,Worcester,,Free Elective,4,,-,1,partial_or_elective,Receiving course name contains 'free elective' or 'general elective'
Northern Essex,CIS 220,Computer Forensics I,4,Bristol,CIT 155,Introduction of Computer Forensics,3,,-,2,direct_equivalent,Has a specific receiving course code and positive credits (default)
Northern Essex,CIS 220,Computer Forensics I,4,Bunker Hill,CIT 121,Introduction to Computer Forensics,3,,-,2,direct_equivalent,Has a specific receiving course code and positive credits (default)
Northern Essex,CIS 220,Computer Forensics I,4,Fitchburg,,Computer Science Elective,4,,-,1,partial_or_elective,Receiving course name contains 'elective' AND receiving course code is empty
Northern Essex,CIS 220,Computer Forensics I,4,Middlesex,CSC 170,Digital Forensics I,4,,-,2,direct_equivalent,Has a specific receiving course code and positive credits (default)
Northern Essex,CIS 220,Computer Forensics I,4,Middlesex,CSC 171#(Replaced: 5/5/2016),Computer Forensics I,4,,-,2,direct_equivalent,Has a specific receiving course code and positive credits (default)
Northern Essex,CIS 220,Computer Forensics I,4,Quinsigamond,CST 206,Computer Forensics,3,,-,2,direct_equivalent,Has a specific receiving course code and positive credits (default)
Northern Essex,CIS 220,Computer Forensics I,4,UMass Amherst,,Not transferable,,,-,0,not_transferable,Receiving course name indicates not transferable
Northern Essex,CIS 220,Computer Forensics I,4,Worcester,CS 165,Digital Forensics,4,,-,2,direct_equivalent,Has a specific receiving course code and positive credits (default)
Northern Essex,CIS 235,Web Programming I,4,Fitchburg,CSC 1150,Basics of Web Design,4,,-,2,direct_equivalent,Has a specific receiving course code and positive credits (default)
Northern Essex,CIS 235,Web Programming I,4,Middlesex,,Computer Science Elective,4,,-,1,partial_or_elective,Receiving course name contains 'elective' AND receiving course code is empty
Northern Essex,CIS 236,Web Programming II,4,Fitchburg,CSC 3050,Web Programming with Java,4,,-,2,direct_equivalent,Has a specific receiving course code and positive credits (default)
Northern Essex,CIS 236,Web Programming II,4,Middlesex,,Computer Science Elective,4,,-,1,partial_or_elective,Receiving course name contains 'elective' AND receiving course code is empty
Northern Essex,CIS 240,C++ Programming Language,4,Berkshire,CIS 124,C++ Programming I,4,,-,2,direct_equivalent,Has a specific receiving course code and positive credits (default)
Northern Essex,CIS 240,C++ Programming Language,4,Bridgewater,,Computer Elective,4,,-,1,partial_or_elective,Receiving course name is purely 'Elective' (no specific course match)
Northern Essex,CIS 240,C++ Programming Language,4,Bristol,CIS 155,Introduction to C++ Programming,3,,-,2,direct_equivalent,Has a specific receiving course code and positive credits (default)
Northern Essex,CIS 240,C++ Programming Language,4,Bunker Hill,CIT 237#(Replaced: 9/1/2020),C++ ProgrammingFor additional information and/or a course syllabus contact CITDepartment@bhcc.mass.edu.,4,,-,2,direct_equivalent,Has a specific receiving course code and positive credits (default)
Northern Essex,CIS 240,C++ Programming Language,4,Bunker Hill,CSC 237,C++ ProgrammingFor additional information and/or a course syllabus contact CITDepartment@bhcc.mass.edu.,4,,-,2,direct_equivalent,Has a specific receiving course code and positive credits (default)
Northern Essex,CIS 240,C++ Programming Language,4,Cape Cod,CSC 120,Computer Programming I: C++,4,,-,2,direct_equivalent,Has a specific receiving course code and positive credits (default)
Northern Essex,CIS 240,C++ Programming Language,4,Fitchburg,,Computer Science Elective,4,,-,1,partial_or_elective,Receiving course name contains 'elective' AND receiving course code is empty
Northern Essex,CIS 240,C++ Programming Language,4,Framingham,,Computer Science Elective,4,,-,1,partial_or_elective,Receiving course name contains 'elective' AND receiving course code is empty
Northern Essex,CIS 240,C++ Programming Language,4,Greenfield,CIS 252#(Replaced: 9/1/2020),C++ Programming,3,,-,2,direct_equivalent,Has a specific receiving course code and positive credits (default)
Northern Essex,CIS 240,C++ Programming Language,4,Greenfield,CSC 252,C++ Programming,3,,-,2,direct_equivalent,Has a specific receiving course code and positive credits (default)
Northern Essex,CIS 240,C++ Programming Language,4,Massasoit,CTIM 371,Programming in C++,3,,-,2,direct_equivalent,Has a specific receiving course code and positive credits (default)
Northern Essex,CIS 240,C++ Programming Language,4,MassBay,CS 211,C++ Programming,4,,-,2,direct_equivalent,Has a specific receiving course code and positive credits (default)
Northern Essex,CIS 240,C++ Programming Language,4,MCLA,,Computer Science Elective,4,,-,1,partial_or_elective,Receiving course name contains 'elective' AND receiving course code is empty
Northern Essex,CIS 240,C++ Programming Language,4,Middlesex,,Computer Science Elective,4,,-,1,partial_or_elective,Receiving course name contains 'elective' AND receiving course code is empty
Northern Essex,CIS 240,C++ Programming Language,4,Middlesex,CSC 151,Programming I,4,,-,2,direct_equivalent,Has a specific receiving course code and positive credits (default)
Northern Essex,CIS 240,C++ Programming Language,4,Quinsigamond,CIS 121,Introduction to Programming in C++,3,,-,2,direct_equivalent,Has a specific receiving course code and positive credits (default)
Northern Essex,CIS 240,C++ Programming Language,4,Salem,,Computer Science Elective,4,,-,1,partial_or_elective,Receiving course name contains 'elective' AND receiving course code is empty
Northern Essex,CIS 240,C++ Programming Language,4,Springfield Tech,CSC 101/101L,Computer Science 1 + Lab: Computer Science 1,3+1,,-,1,partial_or_elective,Credits transferred has '+' indicating split credit (e.g. 3+1)
Northern Essex,CIS 240,C++ Programming Language,4,UMass Amherst,,Major or general elective,4,,-,1,partial_or_elective,Receiving course name contains 'free elective' or 'general elective'
Northern Essex,CIS 240,C++ Programming Language,4,UMass Amherst,,major or elective credit,4,,-,1,partial_or_elective,Receiving course name contains 'elective' AND receiving course code is empty
Northern Essex,CIS 240,C++ Programming Language,4,UMass Dartmouth,CIS 266,Object Oriented Prog C++,3,,-,2,direct_equivalent,Has a specific receiving course code and positive credits (default)
Northern Essex,CIS 240,C++ Programming Language,4,UMass Lowell,EECE 2160,ECE Application Programming,3,,-,2,direct_equivalent,Has a specific receiving course code and positive credits (default)
Northern Essex,CIS 240,C++ Programming Language,4,Westfield,,Elective,4,,-,1,partial_or_elective,Receiving course name is purely 'Elective' (no specific course match)
Northern Essex,CIS 240,C++ Programming Language,4,Worcester,,Computer Science Elective,4,,-,1,partial_or_elective,Receiving course name contains 'elective' AND receiving course code is empty
Northern Essex,CIS 252,Computer Science II,4,Bridgewater,,Computer Elective,4,,-,1,partial_or_elective,Receiving course name is purely 'Elective' (no specific course match)
Northern Essex,CIS 252,Computer Science II,4,Fitchburg,CSC 1550,Computer Science II,3+1,,-,1,partial_or_elective,Credits transferred has '+' indicating split credit (e.g. 3+1)
Northern Essex,CIS 252,Computer Science II,4,Framingham,,Computer Science Elective,4,,-,1,partial_or_elective,Receiving course name contains 'elective' AND receiving course code is empty
Northern Essex,CIS 252,Computer Science II,4,MCLA,,Computer Science Elective,4,,-,1,partial_or_elective,Receiving course name contains 'elective' AND receiving course code is empty
Northern Essex,CIS 252,Computer Science II,4,Middlesex,CSC 257#(Replaced: ),Data Structures,4,,-,2,direct_equivalent,Has a specific receiving course code and positive credits (default)
Northern Essex,CIS 252,Computer Science II,4,Middlesex,CSC 258,Data Structures,4,,-,2,direct_equivalent,Has a specific receiving course code and positive credits (default)
Northern Essex,CIS 252,Computer Science II,4,Quinsigamond,,Computer Science Elective,4,,-,1,partial_or_elective,Receiving course name contains 'elective' AND receiving course code is empty
Northern Essex,CIS 252,Computer Science II,4,Salem,,Computer Science Elective,3,,-,1,partial_or_elective,Receiving course name contains 'elective' AND receiving course code is empty
Northern Essex,CIS 252,Computer Science II,4,UMass Amherst,CICS 110,Foundations of Programming,4,,-,2,direct_equivalent,Has a specific receiving course code and positive credits (default)
Northern Essex,CIS 252,Computer Science II,4,UMass Dartmouth,CIS 181,Object-Oriented Prog II,4,,-,2,direct_equivalent,Has a specific receiving course code and positive credits (default)
Northern Essex,CIS 252,Computer Science II,4,UMass Lowell,COMP 1020,Computing II,3,,-,2,direct_equivalent,Has a specific receiving course code and positive credits (default)
Northern Essex,CIS 252,Computer Science II,4,UMass Lowell,COMP 1020/1040L,Computing II + Computing II Lab,4,,-,2,direct_equivalent,Has a specific receiving course code and positive credits (default)
Northern Essex,CIS 252,Computer Science II,4,Westfield,,Elective,4,,-,1,partial_or_elective,Receiving course name is purely 'Elective' (no specific course match)
Northern Essex,CIS 252,Computer Science II,4,Worcester,,Computer Science Elective,4,,-,1,partial_or_elective,Receiving course name contains 'elective' AND receiving course code is empty
Quinsigamond,CIS 105,Introduction to Information Technology,3,Berkshire,CIS 110,IT Essentials,3,,-,2,direct_equivalent,Has a specific receiving course code and positive credits (default)
Quinsigamond,CIS 105,Introduction to Information Technology,3,Berkshire,CIS 110#(Replaced: 7/1/2024),IT Essentials,3,,-,2,direct_equivalent,Has a specific receiving course code and positive credits (default)
Quinsigamond,CIS 105,Introduction to Information Technology,3,Bridgewater,,Computer Elective,3,,-,1,partial_or_elective,Receiving course name is purely 'Elective' (no specific course match)
Quinsigamond,CIS 105,Introduction to Information Technology,3,Bristol,CIT 121,Information Technology Fluency I,3,,-,2,direct_equivalent,Has a specific receiving course code and positive credits (default)
Quinsigamond,CIS 105,Introduction to Information Technology,3,Bunker Hill,CIT 110,Applications/Concepts,3,,-,2,direct_equivalent,Has a specific receiving course code and positive credits (default)
Quinsigamond,CIS 105,Introduction to Information Technology,3,Fitchburg,CSC 1400,Computer Information Systems,3,,-,2,direct_equivalent,Has a specific receiving course code and positive credits (default)
Quinsigamond,CIS 105,Introduction to Information Technology,3,Framingham,CSCI 120,Introduction to Information TechnologyStudents cannot receive credit for both this course and 63.151 Personal Computer (PC) Fundamentals and Applications.,3,,-,2,direct_equivalent,Has a specific receiving course code and positive credits (default)
Quinsigamond,CIS 105,Introduction to Information Technology,3,Holyoke,CSI 111,Computer Concepts with Applications,3,,-,2,direct_equivalent,Has a specific receiving course code and positive credits (default)
Quinsigamond,CIS 105,Introduction to Information Technology,3,MassBay,CS 113,Fundamentals of IT,3,,-,2,direct_equivalent,Has a specific receiving course code and positive credits (default)
Quinsigamond,CIS 105,Introduction to Information Technology,3,MCLA,,Computer Science Elective,3,,-,1,partial_or_elective,Receiving course name contains 'elective' AND receiving course code is empty
Quinsigamond,CIS 105,Introduction to Information Technology,3,Middlesex,,Information Technology Elective,3,,-,1,partial_or_elective,Receiving course name contains 'elective' AND receiving course code is empty
Quinsigamond,CIS 105,Introduction to Information Technology,3,Middlesex,CAP 101,Computer Applications,3,,-,2,direct_equivalent,Has a specific receiving course code and positive credits (default)
Quinsigamond,CIS 105,Introduction to Information Technology,3,Mount Wachusett,CIS 128,Introduction to Information Systems,3,,-,2,direct_equivalent,Has a specific receiving course code and positive credits (default)
Quinsigamond,CIS 105,Introduction to Information Technology,3,Northern Essex,CIS 110,Computer Applications,3,,-,2,direct_equivalent,Has a specific receiving course code and positive credits (default)
Quinsigamond,CIS 105,Introduction to Information Technology,3,Salem,,Not Transferable,,,-,0,not_transferable,Receiving course name indicates not transferable
Quinsigamond,CIS 105,Introduction to Information Technology,3,UMass Amherst,,major or elective credit,3,,-,1,partial_or_elective,Receiving course name contains 'elective' AND receiving course code is empty
Quinsigamond,CIS 105,Introduction to Information Technology,3,UMass Dartmouth,,Free Elective,3,,-,1,partial_or_elective,Receiving course name contains 'free elective' or 'general elective'
Quinsigamond,CIS 105,Introduction to Information Technology,3,Westfield,CAIS 0125,Introduction to Computer Information Systems,3,,-,2,direct_equivalent,Has a specific receiving course code and positive credits (default)
Quinsigamond,CIS 105,Introduction to Information Technology,3,Worcester,,Free Elective,3,,-,1,partial_or_elective,Receiving course name contains 'free elective' or 'general elective'
Quinsigamond,CIS 111,Introduction to Microcomputer Applications,3,Berkshire,CIS 102,Fundamental Computer Literacy,3,,-,2,direct_equivalent,Has a specific receiving course code and positive credits (default)
Quinsigamond,CIS 111,Introduction to Microcomputer Applications,3,Bridgewater,COMP 105,Computers and Their Applications: An Introduction,3,,-,2,direct_equivalent,Has a specific receiving course code and positive credits (default)
Quinsigamond,CIS 111,Introduction to Microcomputer Applications,3,Cape Cod,BST 110,Computer ApplicationsGeneral Education Elective; Formerly GIT 110.,3,,-,2,direct_equivalent,Has a specific receiving course code and positive credits (default)
Quinsigamond,CIS 111,Introduction to Microcomputer Applications,3,Cape Cod,GIT 110#(Replaced: 9/1/2022),Computer ApplicationsGeneral Education Elective.,3,,-,2,direct_equivalent,Has a specific receiving course code and positive credits (default)
Quinsigamond,CIS 111,Introduction to Microcomputer Applications,3,Cape Cod,GIT 110#(Replaced: 9/4/2018),Microcomputer Applications Software,3,,-,2,direct_equivalent,Has a specific receiving course code and positive credits (default)
Quinsigamond,CIS 111,Introduction to Microcomputer Applications,3,Fitchburg,BSAD 1700,Introduction to Computer Information Systems for Business,3,,-,2,direct_equivalent,Has a specific receiving course code and positive credits (default)
Quinsigamond,CIS 111,Introduction to Microcomputer Applications,3,Fitchburg,ENGT 1040,Software Applications in Engineering Technology,3,,-,2,direct_equivalent,Has a specific receiving course code and positive credits (default)
Quinsigamond,CIS 111,Introduction to Microcomputer Applications,3,Fitchburg,ITEC 1720,Computers in Industrial Technology,3,,-,2,direct_equivalent,Has a specific receiving course code and positive credits (default)
Quinsigamond,CIS 111,Introduction to Microcomputer Applications,3,Framingham,,Computer Science Elective,3,,-,1,partial_or_elective,Receiving course name contains 'elective' AND receiving course code is empty
Quinsigamond,CIS 111,Introduction to Microcomputer Applications,3,Framingham,BUIS 200,Introduction to Business SystemsStudents may not receive credit for both BUIS 200 Introduction to Business Systems and 12.208 Microcomputer Applications in Business.,3,,-,2,direct_equivalent,Has a specific receiving course code and positive credits (default)
Quinsigamond,CIS 111,Introduction to Microcomputer Applications,3,MassBay,CS 105,Microcomputer Applications,3,,-,2,direct_equivalent,Has a specific receiving course code and positive credits (default)
Quinsigamond,CIS 111,Introduction to Microcomputer Applications,3,MCLA,,Computer Science Elective,3,,-,1,partial_or_elective,Receiving course name contains 'elective' AND receiving course code is empty
Quinsigamond,CIS 111,Introduction to Microcomputer Applications,3,MCLA,BADM 110#(Replaced: 1/1/2021),Information Technology for Business,3,,-,2,direct_equivalent,Has a specific receiving course code and positive credits (default)
Quinsigamond,CIS 111,Introduction to Microcomputer Applications,3,MCLA,BADM 210,Information Technology for Business,3,,-,2,direct_equivalent,Has a specific receiving course code and positive credits (default)
Quinsigamond,CIS 111,Introduction to Microcomputer Applications,3,Middlesex,CAP 100,Computer Essentials,3,,-,2,direct_equivalent,Has a specific receiving course code and positive credits (default)
Quinsigamond,CIS 111,Introduction to Microcomputer Applications,3,Middlesex,CAP 101,Computer Applications,3,,-,2,direct_equivalent,Has a specific receiving course code and positive credits (default)
Quinsigamond,CIS 111,Introduction to Microcomputer Applications,3,Northern Essex,CIS 101,Computer for Beginners,3,,-,2,direct_equivalent,Has a specific receiving course code and positive credits (default)
Quinsigamond,CIS 111,Introduction to Microcomputer Applications,3,Roxbury,IST 120,Microcomputer Applications,3,,-,2,direct_equivalent,Has a specific receiving course code and positive credits (default)
Quinsigamond,CIS 111,Introduction to Microcomputer Applications,3,Salem,ITC 117,Computers in the Professions,3,,-,2,direct_equivalent,Has a specific receiving course code and positive credits (default)
Quinsigamond,CIS 111,Introduction to Microcomputer Applications,3,Salem,ITC 241,Spreadsheet Applications in the Professions,3,,-,2,direct_equivalent,Has a specific receiving course code and positive credits (default)
Quinsigamond,CIS 111,Introduction to Microcomputer Applications,3,Springfield Tech,CMP 106,Computer Basics: Concepts and Applications,3,,-,2,direct_equivalent,Has a specific receiving course code and positive credits (default)
Quinsigamond,CIS 111,Introduction to Microcomputer Applications,3,Springfield Tech,CMPA 160#(Replaced: ),Computer Basics: Concepts and Applications,3,,-,2,direct_equivalent,Has a specific receiving course code and positive credits (default)
Quinsigamond,CIS 111,Introduction to Microcomputer Applications,3,UMass Amherst,CMPSCI 105,Computer Literacy,3,,-,2,direct_equivalent,Has a specific receiving course code and positive credits (default)
Quinsigamond,CIS 111,Introduction to Microcomputer Applications,3,UMass Amherst,OIM 210,Introduction to Business Information Systems,3,,-,2,direct_equivalent,Has a specific receiving course code and positive credits (default)
Quinsigamond,CIS 111,Introduction to Microcomputer Applications,3,UMass Boston,MSIS 110,Introduction to Computer and Information Systems,3,,-,2,direct_equivalent,Has a specific receiving course code and positive credits (default)
Quinsigamond,CIS 111,Introduction to Microcomputer Applications,3,UMass Dartmouth,MIS 101,The Business Organization,3,,-,2,direct_equivalent,Has a specific receiving course code and positive credits (default)
Quinsigamond,CIS 111,Introduction to Microcomputer Applications,3,Westfield,MGMT 0107,Software Applications in Management,3,,-,2,direct_equivalent,Has a specific receiving course code and positive credits (default)
Quinsigamond,CIS 111,Introduction to Microcomputer Applications,3,Worcester,CS 120,Microcomputer Applications,3,,-,2,direct_equivalent,Has a specific receiving course code and positive credits (default)
Quinsigamond,CIS 112,Advanced Microcomputer Applications,3,Bridgewater,,Computer Elective,3,,-,1,partial_or_elective,Receiving course name is purely 'Elective' (no specific course match)
Quinsigamond,CIS 112,Advanced Microcomputer Applications,3,Fitchburg,CSC 1300,Introducton to Spreadsheets and Data,3,,-,2,direct_equivalent,Has a specific receiving course code and positive credits (default)
Quinsigamond,CIS 112,Advanced Microcomputer Applications,3,Framingham,,Computer Science Elective,3,,-,1,partial_or_elective,Receiving course name contains 'elective' AND receiving course code is empty
Quinsigamond,CIS 112,Advanced Microcomputer Applications,3,MCLA,,Computer Science Elective,3,,-,1,partial_or_elective,Receiving course name contains 'elective' AND receiving course code is empty
Quinsigamond,CIS 112,Advanced Microcomputer Applications,3,Middlesex,CAP 154,Word Processing Applications,3,,-,2,direct_equivalent,Has a specific receiving course code and positive credits (default)
Quinsigamond,CIS 112,Advanced Microcomputer Applications,3,Roxbury,IST 121,Advanced Microcomputer Applications,3,,-,2,direct_equivalent,Has a specific receiving course code and positive credits (default)
Quinsigamond,CIS 112,Advanced Microcomputer Applications,3,Salem,,Information Technology Elective,3,,-,1,partial_or_elective,Receiving course name contains 'elective' AND receiving course code is empty
Quinsigamond,CIS 112,Advanced Microcomputer Applications,3,UMass Amherst,,major or elective credit,3,,-,1,partial_or_elective,Receiving course name contains 'elective' AND receiving course code is empty
Quinsigamond,CIS 112,Advanced Microcomputer Applications,3,UMass Dartmouth,,Free Elective,3,,-,1,partial_or_elective,Receiving course name contains 'free elective' or 'general elective'
Quinsigamond,CIS 112,Advanced Microcomputer Applications,3,Westfield,,Computer and Information Science Elective,3,,-,1,partial_or_elective,Receiving course name contains 'elective' AND receiving course code is empty
Quinsigamond,CIS 112,Advanced Microcomputer Applications,3,Worcester,,Computer Science Elective,3,,-,1,partial_or_elective,Receiving course name contains 'elective' AND receiving course code is empty
Quinsigamond,CIS 121,Introduction to Programming in C++,3,Berkshire,CIS 124,C++ Programming I,3,,-,2,direct_equivalent,Has a specific receiving course code and positive credits (default)
Quinsigamond,CIS 121,Introduction to Programming in C++,3,Bristol,CIS 155,Introduction to C++ Programming,3,,-,2,direct_equivalent,Has a specific receiving course code and positive credits (default)
Quinsigamond,CIS 121,Introduction to Programming in C++,3,Bunker Hill,CIT 237#(Replaced: 9/1/2020),C++ ProgrammingFor additional information and/or a course syllabus contact CITDepartment@bhcc.mass.edu.,3,,-,2,direct_equivalent,Has a specific receiving course code and positive credits (default)
Quinsigamond,CIS 121,Introduction to Programming in C++,3,Bunker Hill,CSC 237,C++ ProgrammingFor additional information and/or a course syllabus contact CITDepartment@bhcc.mass.edu.,3,,-,2,direct_equivalent,Has a specific receiving course code and positive credits (default)
Quinsigamond,CIS 121,Introduction to Programming in C++,3,Cape Cod,CSC 120,Computer Programming I: C++,3,,-,2,direct_equivalent,Has a specific receiving course code and positive credits (default)
Quinsigamond,CIS 121,Introduction to Programming in C++,3,Fitchburg,CSC 2560,Systems Programming,3,,-,2,direct_equivalent,Has a specific receiving course code and positive credits (default)
Quinsigamond,CIS 121,Introduction to Programming in C++,3,Greenfield,CIS 252#(Replaced: 9/1/2020),C++ Programming,3,,-,2,direct_equivalent,Has a specific receiving course code and positive credits (default)
Quinsigamond,CIS 121,Introduction to Programming in C++,3,Greenfield,CSC 252,C++ Programming,3,,-,2,direct_equivalent,Has a specific receiving course code and positive credits (default)
Quinsigamond,CIS 121,Introduction to Programming in C++,3,Massasoit,CTIM 371,Programming in C++,3,,-,2,direct_equivalent,Has a specific receiving course code and positive credits (default)
Quinsigamond,CIS 121,Introduction to Programming in C++,3,MassBay,CS 211,C++ Programming,3,,-,2,direct_equivalent,Has a specific receiving course code and positive credits (default)
Quinsigamond,CIS 121,Introduction to Programming in C++,3,Middlesex,,Computer Science Elective,3,,-,1,partial_or_elective,Receiving course name contains 'elective' AND receiving course code is empty
Quinsigamond,CIS 121,Introduction to Programming in C++,3,Northern Essex,CIS 240,C++ Programming Language,3,,-,2,direct_equivalent,Has a specific receiving course code and positive credits (default)
Quinsigamond,CIS 121,Introduction to Programming in C++,3,Springfield Tech,CSC 101/101L,Computer Science 1 + Lab: Computer Science 1,3+1*,,-,1,partial_or_elective,Credits transferred has asterisk (conditional/variable transfer)
Quinsigamond,CIS 121,Introduction to Programming in C++,3,UMass Amherst,,Major or general elective,3,,-,1,partial_or_elective,Receiving course name contains 'free elective' or 'general elective'
Quinsigamond,CIS 121,Introduction to Programming in C++,3,UMass Amherst,,major or elective credit,3,,-,1,partial_or_elective,Receiving course name contains 'elective' AND receiving course code is empty
Quinsigamond,CIS 121,Introduction to Programming in C++,3,UMass Dartmouth,CIS 266,Object Oriented Prog C++,3,,-,2,direct_equivalent,Has a specific receiving course code and positive credits (default)
Quinsigamond,CIS 121,Introduction to Programming in C++,3,UMass Lowell,,Computer Science 1000 Level Elective,3,,-,1,partial_or_elective,Receiving course name contains 'elective' AND receiving course code is empty
Quinsigamond,CIS 121,Introduction to Programming in C++,3,Worcester,,Free Elective,3,,-,1,partial_or_elective,Receiving course name contains 'free elective' or 'general elective'
Quinsigamond,CIS 134,Web Page Development I,3,Berkshire,CIS 155,Web Development,3,,-,2,direct_equivalent,Has a specific receiving course code and positive credits (default)
Quinsigamond,CIS 134,Web Page Development I,3,Bristol,CIS 162,Applications for Web Development,3,,-,2,direct_equivalent,Has a specific receiving course code and positive credits (default)
Quinsigamond,CIS 134,Web Page Development I,3,Fitchburg,CSC 1150,Basics of Web Design,3,,-,2,direct_equivalent,Has a specific receiving course code and positive credits (default)
Quinsigamond,CIS 134,Web Page Development I,3,Greenfield,CIS 151,Web Site Design and DevelopmentSpecial Requirement: Students not currently engaged in daily computer use should consider taking CIS 140 Computer Applications and Concepts.,3,,-,2,direct_equivalent,Has a specific receiving course code and positive credits (default)
Quinsigamond,CIS 134,Web Page Development I,3,Greenfield,CIS 151#(Replaced: 9/7/2022),Web Site Design and Development ISpecial Requirement: Students not currently engaged in daily computer use should consider taking CIS 140 Microcomputer Software Tools I.,3,,-,2,direct_equivalent,Has a specific receiving course code and positive credits (default)
Quinsigamond,CIS 134,Web Page Development I,3,Greenfield,CIS 151#(Replaced: 9/1/2016),Web Site Development,3,,-,2,direct_equivalent,Has a specific receiving course code and positive credits (default)
Quinsigamond,CIS 134,Web Page Development I,3,Holyoke,CSI 252,Introduction to Web Site Development,3,,-,2,direct_equivalent,Has a specific receiving course code and positive credits (default)
Quinsigamond,CIS 134,Web Page Development I,3,MassBay,CS 241,Web Site Development,3,,-,2,direct_equivalent,Has a specific receiving course code and positive credits (default)
Quinsigamond,CIS 134,Web Page Development I,3,Middlesex,ITC 125,Introduction to Web Publishing,3,,-,2,direct_equivalent,Has a specific receiving course code and positive credits (default)
Quinsigamond,CIS 134,Web Page Development I,3,Roxbury,IST 150,Web Design Fluency,3,,-,2,direct_equivalent,Has a specific receiving course code and positive credits (default)
Quinsigamond,CIS 134,Web Page Development I,3,Springfield Tech,CIT 140/140L,Web Authoring 1 + Lab: Web Authoring 1,3+1*,,-,1,partial_or_elective,Credits transferred has asterisk (conditional/variable transfer)
Quinsigamond,CIS 134,Web Page Development I,3,UMass Amherst,,major or elective credit,3,,-,1,partial_or_elective,Receiving course name contains 'elective' AND receiving course code is empty
Quinsigamond,CIS 134,Web Page Development I,3,Worcester,CS 161,Basics of Web Design,3,,-,2,direct_equivalent,Has a specific receiving course code and positive credits (default)
Quinsigamond,CIS 141,Introduction to Data Communication and Networks,3,Bridgewater,,Computer Elective,3,,-,1,partial_or_elective,Receiving course name is purely 'Elective' (no specific course match)
Quinsigamond,CIS 141,Introduction to Data Communication and Networks,3,Fitchburg,,Computer Science Elective,3,,-,1,partial_or_elective,Receiving course name contains 'elective' AND receiving course code is empty
Quinsigamond,CIS 141,Introduction to Data Communication and Networks,3,Framingham,,Computer Science Elective,3,,-,1,partial_or_elective,Receiving course name contains 'elective' AND receiving course code is empty
Quinsigamond,CIS 141,Introduction to Data Communication and Networks,3,MCLA,,Computer Science Elective,3,,-,1,partial_or_elective,Receiving course name contains 'elective' AND receiving course code is empty
Quinsigamond,CIS 141,Introduction to Data Communication and Networks,3,Middlesex,,Network Security Elective,3,,-,1,partial_or_elective,Receiving course name contains 'elective' AND receiving course code is empty
Quinsigamond,CIS 141,Introduction to Data Communication and Networks,3,Salem,,Computer Science Elective,3,,-,1,partial_or_elective,Receiving course name contains 'elective' AND receiving course code is empty
Quinsigamond,CIS 141,Introduction to Data Communication and Networks,3,UMass Amherst,,major or elective credit,3,,-,1,partial_or_elective,Receiving course name contains 'elective' AND receiving course code is empty
Quinsigamond,CIS 141,Introduction to Data Communication and Networks,3,UMass Dartmouth,,Free Elective,3,,-,1,partial_or_elective,Receiving course name contains 'free elective' or 'general elective'
Quinsigamond,CIS 141,Introduction to Data Communication and Networks,3,Westfield,,Elective,3,,-,1,partial_or_elective,Receiving course name is purely 'Elective' (no specific course match)
Quinsigamond,CIS 141,Introduction to Data Communication and Networks,3,Worcester,CS 155,Computer Networking and Security,3,,-,2,direct_equivalent,Has a specific receiving course code and positive credits (default)
Quinsigamond,CIS 141,Introduction to Data Communication and Networks,3,Worcester,CS 155#(Replaced: 9/1/2019),"Computer Networking, Security and Databases",3,,-,2,direct_equivalent,Has a specific receiving course code and positive credits (default)
Quinsigamond,CIS 206,Management of Data AnalyticsThis course is cross-listed as MGT 206.3-FitchburgComputer Science Elective3,3,Fitchburg,,Computer Science Elective,3,,-,1,partial_or_elective,Receiving course name contains 'elective' AND receiving course code is empty
Quinsigamond,CIS 206,Management of Data AnalyticsThis course is cross-listed as MGT 206.3-MiddlesexBusiness Elective3,3,Middlesex,,Business Elective,3,,-,1,partial_or_elective,Receiving course name is purely 'Elective' (no specific course match)
Quinsigamond,CIS 206,Management of Data AnalyticsThis course is cross-listed as MGT 206.3-WorcesterBA 250Analytical Techniques in Business3,3,Worcester,BA 250,Analytical Techniques in Business,3,,-,2,direct_equivalent,Has a specific receiving course code and positive credits (default)
Quinsigamond,CIS 212,Electronic Health Records,3,Bridgewater,,Transfer Elective,3,,-,1,partial_or_elective,Receiving course name contains 'elective' AND receiving course code is empty
Quinsigamond,CIS 212,Electronic Health Records,3,Bunker Hill,CIT 277,Health Information Networking,3,,-,2,direct_equivalent,Has a specific receiving course code and positive credits (default)
Quinsigamond,CIS 212,Electronic Health Records,3,Fitchburg,,Computer Science Elective,3,,-,1,partial_or_elective,Receiving course name contains 'elective' AND receiving course code is empty
Quinsigamond,CIS 212,Electronic Health Records,3,Framingham,,Open Elective,3,,-,1,partial_or_elective,Receiving course name contains 'elective' AND receiving course code is empty
Quinsigamond,CIS 212,Electronic Health Records,3,MCLA,,Free Elective,3,,-,1,partial_or_elective,Receiving course name contains 'free elective' or 'general elective'
Quinsigamond,CIS 212,Electronic Health Records,3,Middlesex,,Free Elective,3,,-,1,partial_or_elective,Receiving course name contains 'free elective' or 'general elective'
Quinsigamond,CIS 212,Electronic Health Records,3,Salem,,Not Transferable,,,-,0,not_transferable,Receiving course name indicates not transferable
Quinsigamond,CIS 212,Electronic Health Records,3,UMass Amherst,,Not transferable,,,-,0,not_transferable,Receiving course name indicates not transferable
Quinsigamond,CIS 212,Electronic Health Records,3,Westfield,,Not Transferable,,,-,0,not_transferable,Receiving course name indicates not transferable
Quinsigamond,CIS 212,Electronic Health Records,3,Worcester,,Computer Science Elective,3,,-,1,partial_or_elective,Receiving course name contains 'elective' AND receiving course code is empty
Quinsigamond,CIS 223,.NET Programming I,3,Bridgewater,,Computer Elective,3,,-,1,partial_or_elective,Receiving course name is purely 'Elective' (no specific course match)
Quinsigamond,CIS 223,.NET Programming I,3,Fitchburg,CSC 1000,Introduction to Programming,3,,-,2,direct_equivalent,Has a specific receiving course code and positive credits (default)
Quinsigamond,CIS 223,.NET Programming I,3,Framingham,,Computer Science Elective,3,,-,1,partial_or_elective,Receiving course name contains 'elective' AND receiving course code is empty
Quinsigamond,CIS 223,.NET Programming I,3,MCLA,,Computer Science Elective,3,,-,1,partial_or_elective,Receiving course name contains 'elective' AND receiving course code is empty
Quinsigamond,CIS 223,.NET Programming I,3,Middlesex,,Computer Science Elective,3,,-,1,partial_or_elective,Receiving course name contains 'elective' AND receiving course code is empty
Quinsigamond,CIS 223,.NET Programming I,3,Salem,,Information Technology Elective,3,,-,1,partial_or_elective,Receiving course name contains 'elective' AND receiving course code is empty
Quinsigamond,CIS 223,.NET Programming I,3,UMass Amherst,,major or elective credit,3,,-,1,partial_or_elective,Receiving course name contains 'elective' AND receiving course code is empty
Quinsigamond,CIS 223,.NET Programming I,3,Westfield,,Elective,3,,-,1,partial_or_elective,Receiving course name is purely 'Elective' (no specific course match)
Quinsigamond,CIS 223,.NET Programming I,3,Worcester,,Free Elective,3,,-,1,partial_or_elective,Receiving course name contains 'free elective' or 'general elective'
Quinsigamond,CIS 225,Programming with C++ II,3,Berkshire,CIS 125,C++ Programming II,3,,-,2,direct_equivalent,Has a specific receiving course code and positive credits (default)
Quinsigamond,CIS 225,Programming with C++ II,3,Bridgewater,,Computer Elective,3,,-,1,partial_or_elective,Receiving course name is purely 'Elective' (no specific course match)
Quinsigamond,CIS 225,Programming with C++ II,3,Bunker Hill,CIT 284#(Replaced: 9/1/2020),Advanced C++/OOP,3,,-,2,direct_equivalent,Has a specific receiving course code and positive credits (default)
Quinsigamond,CIS 225,Programming with C++ II,3,Bunker Hill,CSC 284,Advanced C++/OOP,3,,-,2,direct_equivalent,Has a specific receiving course code and positive credits (default)
Quinsigamond,CIS 225,Programming with C++ II,3,Fitchburg,,Computer Science Elective,3,,-,1,partial_or_elective,Receiving course name contains 'elective' AND receiving course code is empty
Quinsigamond,CIS 225,Programming with C++ II,3,Framingham,,Computer Science Elective,3,,-,1,partial_or_elective,Receiving course name contains 'elective' AND receiving course code is empty
Quinsigamond,CIS 225,Programming with C++ II,3,Massasoit,CTIM 372,Advanced Programming in C++,3,,-,2,direct_equivalent,Has a specific receiving course code and positive credits (default)
Quinsigamond,CIS 225,Programming with C++ II,3,MCLA,CSCI 330,Programming in C++,3,,-,2,direct_equivalent,Has a specific receiving course code and positive credits (default)
Quinsigamond,CIS 225,Programming with C++ II,3,Middlesex,,Computer Science Elective,3,,-,1,partial_or_elective,Receiving course name contains 'elective' AND receiving course code is empty
Quinsigamond,CIS 225,Programming with C++ II,3,Salem,,Computer Science Elective,3,,-,1,partial_or_elective,Receiving course name contains 'elective' AND receiving course code is empty
Quinsigamond,CIS 225,Programming with C++ II,3,UMass Amherst,,Major or general elective,3,,-,1,partial_or_elective,Receiving course name contains 'free elective' or 'general elective'
Quinsigamond,CIS 225,Programming with C++ II,3,UMass Amherst,,major or elective credit,3,,-,1,partial_or_elective,Receiving course name contains 'elective' AND receiving course code is empty
Quinsigamond,CIS 225,Programming with C++ II,3,UMass Dartmouth,CIS 266,Object Oriented Prog C++,3,,-,2,direct_equivalent,Has a specific receiving course code and positive credits (default)
Quinsigamond,CIS 225,Programming with C++ II,3,UMass Lowell,INFO 2680,C++ Programming,3,,-,2,direct_equivalent,Has a specific receiving course code and positive credits (default)
Quinsigamond,CIS 225,Programming with C++ II,3,Westfield,,Elective,3,,-,1,partial_or_elective,Receiving course name is purely 'Elective' (no specific course match)
Quinsigamond,CIS 225,Programming with C++ II,3,Worcester,CS 282,UNIX Systems Programming,3,,-,2,direct_equivalent,Has a specific receiving course code and positive credits (default)
Quinsigamond,CIS 226,Introduction to Java,3,Berkshire,CIS 231,Computer Science I with Java,3,,-,2,direct_equivalent,Has a specific receiving course code and positive credits (default)
Quinsigamond,CIS 226,Introduction to Java,3,Bridgewater,,Computer Elective,3,,-,1,partial_or_elective,Receiving course name is purely 'Elective' (no specific course match)
Quinsigamond,CIS 226,Introduction to Java,3,Bristol,CIS 157,Object-Oriented JAVA Programming I,3,,-,2,direct_equivalent,Has a specific receiving course code and positive credits (default)
Quinsigamond,CIS 226,Introduction to Java,3,Bunker Hill,CIT 239#(Replaced: 9/1/2020),Java ProgrammingFor additional information and/or a course syllabus contact CITDepartment@bhcc.mass.edu.,3,,-,2,direct_equivalent,Has a specific receiving course code and positive credits (default)
Quinsigamond,CIS 226,Introduction to Java,3,Bunker Hill,CSC 239,Java ProgrammingFor additional information and/or a course syllabus contact CITDepartment@bhcc.mass.edu.,3,,-,2,direct_equivalent,Has a specific receiving course code and positive credits (default)
Quinsigamond,CIS 226,Introduction to Java,3,Cape Cod,CSC 110,Computer Programming I: Java,3,,-,2,direct_equivalent,Has a specific receiving course code and positive credits (default)
Quinsigamond,CIS 226,Introduction to Java,3,Fitchburg,,Computer Science Elective,3,,-,1,partial_or_elective,Receiving course name contains 'elective' AND receiving course code is empty
Quinsigamond,CIS 226,Introduction to Java,3,Framingham,,Computer Science Elective,3,,-,1,partial_or_elective,Receiving course name contains 'elective' AND receiving course code is empty
Quinsigamond,CIS 226,Introduction to Java,3,Greenfield,CIS 251#(Replaced: 9/1/2020),Java Programming,3,,-,2,direct_equivalent,Has a specific receiving course code and positive credits (default)
Quinsigamond,CIS 226,Introduction to Java,3,Greenfield,CSC 251,Java Programming,3,,-,2,direct_equivalent,Has a specific receiving course code and positive credits (default)
Quinsigamond,CIS 226,Introduction to Java,3,Holyoke,CSI 254,Java Programming I,3,,-,2,direct_equivalent,Has a specific receiving course code and positive credits (default)
Quinsigamond,CIS 226,Introduction to Java,3,Massasoit,COSC 157,Introduction to Java Programming,3,,-,2,direct_equivalent,Has a specific receiving course code and positive credits (default)
Quinsigamond,CIS 226,Introduction to Java,3,Massasoit,COSC 157#(Replaced: 9/1/2025),Introduction to Java Programming,3,,-,2,direct_equivalent,Has a specific receiving course code and positive credits (default)
Quinsigamond,CIS 226,Introduction to Java,3,Massasoit,CTIM 157#(Replaced: 9/1/2023),Introduction to Java Programming,3,,-,2,direct_equivalent,Has a specific receiving course code and positive credits (default)
Quinsigamond,CIS 226,Introduction to Java,3,MassBay,CS 120,Programming I,3,,-,2,direct_equivalent,Has a specific receiving course code and positive credits (default)
Quinsigamond,CIS 226,Introduction to Java,3,MCLA,CSCI 121,Programming in Java I,3,,-,2,direct_equivalent,Has a specific receiving course code and positive credits (default)
Quinsigamond,CIS 226,Introduction to Java,3,Middlesex,CSC 252,Programming II,3,,-,2,direct_equivalent,Has a specific receiving course code and positive credits (default)
Quinsigamond,CIS 226,Introduction to Java,3,North Shore,CPS 101,Computer Science 1 (Java 1),3,,-,2,direct_equivalent,Has a specific receiving course code and positive credits (default)
Quinsigamond,CIS 226,Introduction to Java,3,Roxbury,IST 170,Java I,3,,-,2,direct_equivalent,Has a specific receiving course code and positive credits (default)
Quinsigamond,CIS 226,Introduction to Java,3,Salem,,Information Technology Elective,3,,-,1,partial_or_elective,Receiving course name contains 'elective' AND receiving course code is empty
Quinsigamond,CIS 226,Introduction to Java,3,Springfield Tech,CIT 215/215L,Java Programming + Lab: Java Programming,3+1*,,-,1,partial_or_elective,Credits transferred has asterisk (conditional/variable transfer)
Quinsigamond,CIS 226,Introduction to Java,3,Springfield Tech,CSC 111/111L,Introduction to the Java Programming Language + Lab: Introduction to the Java Programming Language,3+1*,,-,1,partial_or_elective,Credits transferred has asterisk (conditional/variable transfer)
Quinsigamond,CIS 226,Introduction to Java,3,UMass Amherst,,Major or general elective,3,,-,1,partial_or_elective,Receiving course name contains 'free elective' or 'general elective'
Quinsigamond,CIS 226,Introduction to Java,3,UMass Amherst,,major or elective credit,3,,-,1,partial_or_elective,Receiving course name contains 'elective' AND receiving course code is empty
Quinsigamond,CIS 226,Introduction to Java,3,UMass Lowell,,Computer Science 1000 Level Elective,3,,-,1,partial_or_elective,Receiving course name contains 'elective' AND receiving course code is empty
Quinsigamond,CIS 226,Introduction to Java,3,Westfield,,Elective,3,,-,1,partial_or_elective,Receiving course name is purely 'Elective' (no specific course match)
Quinsigamond,CIS 226,Introduction to Java,3,Worcester,,Free Elective,3,,-,1,partial_or_elective,Receiving course name contains 'free elective' or 'general elective'
Quinsigamond,CIS 227,Java II,3,Berkshire,CIS 232,Computer Science II with Java,3,,-,2,direct_equivalent,Has a specific receiving course code and positive credits (default)
Quinsigamond,CIS 227,Java II,3,Bridgewater,,Computer Elective,3,,-,1,partial_or_elective,Receiving course name is purely 'Elective' (no specific course match)
Quinsigamond,CIS 227,Java II,3,Bristol,CIS 257,Object-Oriented JAVA Programming II,3,,-,2,direct_equivalent,Has a specific receiving course code and positive credits (default)
Quinsigamond,CIS 227,Java II,3,Bunker Hill,CIT 285#(Replaced: 9/1/2020),Advanced Java Programming,3,,-,2,direct_equivalent,Has a specific receiving course code and positive credits (default)
Quinsigamond,CIS 227,Java II,3,Bunker Hill,CSC 285,Advanced Java ProgrammingFor additional information and/or a course syllabus contact cs@bhcc.mass.edu.,3,,-,2,direct_equivalent,Has a specific receiving course code and positive credits (default)
Quinsigamond,CIS 227,Java II,3,Cape Cod,CSC 130,Computer Programming II: JAVA,3,,-,2,direct_equivalent,Has a specific receiving course code and positive credits (default)
Quinsigamond,CIS 227,Java II,3,Fitchburg,,Computer Science Elective,3,,-,1,partial_or_elective,Receiving course name contains 'elective' AND receiving course code is empty
Quinsigamond,CIS 227,Java II,3,Framingham,,Computer Science Elective,3,,-,1,partial_or_elective,Receiving course name contains 'elective' AND receiving course code is empty
Quinsigamond,CIS 227,Java II,3,Holyoke,CSI 256,Java Programming II,3,,-,2,direct_equivalent,Has a specific receiving course code and positive credits (default)
Quinsigamond,CIS 227,Java II,3,Massasoit,COSC 168,Advanced Java Programming,3,,-,2,direct_equivalent,Has a specific receiving course code and positive credits (default)
Quinsigamond,CIS 227,Java II,3,Massasoit,COSC 168#(Replaced: 9/1/2025),Advanced Java Programming,3,,-,2,direct_equivalent,Has a specific receiving course code and positive credits (default)
Quinsigamond,CIS 227,Java II,3,Massasoit,CTIM 168#(Replaced: 9/1/2023),Advanced Java Programming,3,,-,2,direct_equivalent,Has a specific receiving course code and positive credits (default)
Quinsigamond,CIS 227,Java II,3,MassBay,CS 200,Programming II,3,,-,2,direct_equivalent,Has a specific receiving course code and positive credits (default)
Quinsigamond,CIS 227,Java II,3,MCLA,CSCI 122,Programming in Java II,3,,-,2,direct_equivalent,Has a specific receiving course code and positive credits (default)
Quinsigamond,CIS 227,Java II,3,Middlesex,,Computer Science Elective,3,,-,1,partial_or_elective,Receiving course name contains 'elective' AND receiving course code is empty
Quinsigamond,CIS 227,Java II,3,North Shore,CPS 102,Computer Science 2 (Java 2),3,,-,2,direct_equivalent,Has a specific receiving course code and positive credits (default)
Quinsigamond,CIS 227,Java II,3,Roxbury,IST 270,Java II,3,,-,2,direct_equivalent,Has a specific receiving course code and positive credits (default)
Quinsigamond,CIS 227,Java II,3,Salem,,Information Technology Elective,3,,-,1,partial_or_elective,Receiving course name contains 'elective' AND receiving course code is empty
Quinsigamond,CIS 227,Java II,3,Springfield Tech,CSC 112/112L,Intermediate Topics in Java Programming + Lab: Intermediate Topics in Java Programming,3+1*,,-,1,partial_or_elective,Credits transferred has asterisk (conditional/variable transfer)
Quinsigamond,CIS 227,Java II,3,UMass Amherst,CICS 110,Foundations of Programming,3,,-,2,direct_equivalent,Has a specific receiving course code and positive credits (default)
Quinsigamond,CIS 227,Java II,3,UMass Lowell,COMP 2010,Computing III,3,,-,2,direct_equivalent,Has a specific receiving course code and positive credits (default)
Quinsigamond,CIS 227,Java II,3,UMass Lowell,COMP 2010,Computing III,4*,,-,1,partial_or_elective,Credits transferred has asterisk (conditional/variable transfer)
Quinsigamond,CIS 227,Java II,3,Westfield,CAIS 0120,Computer Science/Program Design I,3,,-,2,direct_equivalent,Has a specific receiving course code and positive credits (default)
Quinsigamond,CIS 227,Java II,3,Worcester,,Free Elective,3,,-,1,partial_or_elective,Receiving course name contains 'free elective' or 'general elective'
Quinsigamond,CIS 228,SQL Programming,3,Bridgewater,,Computer Elective,3,,-,1,partial_or_elective,Receiving course name is purely 'Elective' (no specific course match)
Quinsigamond,CIS 228,SQL Programming,3,Bristol,CIS 150,Oracle and SQL,3,,-,2,direct_equivalent,Has a specific receiving course code and positive credits (default)
Quinsigamond,CIS 228,SQL Programming,3,Bunker Hill,CIT 236#(Replaced: 9/1/2020),SQL ProgrammingFor additional information and/or a course syllabus contact CITDepartment@bhcc.mass.edu.,3,,-,2,direct_equivalent,Has a specific receiving course code and positive credits (default)
Quinsigamond,CIS 228,SQL Programming,3,Bunker Hill,CSC 236,SQL ProgrammingFor additional information and/or a course syllabus contact CITDepartment@bhcc.mass.edu.,3,,-,2,direct_equivalent,Has a specific receiving course code and positive credits (default)
Quinsigamond,CIS 228,SQL Programming,3,Fitchburg,CSC 3300,Assembly Language,3,,-,2,direct_equivalent,Has a specific receiving course code and positive credits (default)
Quinsigamond,CIS 228,SQL Programming,3,Framingham,,Computer Science Elective,3,,-,1,partial_or_elective,Receiving course name contains 'elective' AND receiving course code is empty
Quinsigamond,CIS 228,SQL Programming,3,MCLA,CSCI 243,Database Development,3,,-,2,direct_equivalent,Has a specific receiving course code and positive credits (default)
Quinsigamond,CIS 228,SQL Programming,3,Middlesex,,Computer Science Elective,3,,-,1,partial_or_elective,Receiving course name contains 'elective' AND receiving course code is empty
Quinsigamond,CIS 228,SQL Programming,3,Roxbury,CIS 283#(Replaced: 7/31/2019),Introduction to SQL,3,,-,2,direct_equivalent,Has a specific receiving course code and positive credits (default)
Quinsigamond,CIS 228,SQL Programming,3,Roxbury,IST 231,Introduction to SQL,3,,-,2,direct_equivalent,Has a specific receiving course code and positive credits (default)
Quinsigamond,CIS 228,SQL Programming,3,Salem,,Information Technology Elective,3,,-,1,partial_or_elective,Receiving course name contains 'elective' AND receiving course code is empty
Quinsigamond,CIS 228,SQL Programming,3,UMass Amherst,,major or elective credit,3,,-,1,partial_or_elective,Receiving course name contains 'elective' AND receiving course code is empty
Quinsigamond,CIS 228,SQL Programming,3,Westfield,,Elective,3,,-,1,partial_or_elective,Receiving course name is purely 'Elective' (no specific course match)
Quinsigamond,CIS 228,SQL Programming,3,Worcester,CS 265,Database Applications,3,,-,2,direct_equivalent,Has a specific receiving course code and positive credits (default)
Quinsigamond,CIS 228/244/247,SQL Programming + Database Management Concepts + Database Administration,3+3+3,Middlesex,,Computer Science Elective,9*,,-,1,partial_or_elective,Receiving course name contains 'elective' AND receiving course code is empty
Quinsigamond,CIS 228/244/247,SQL Programming + Database Management Concepts + Database Administration,3+3+3,UMass Dartmouth,CIS 452,Database Systems,3,,-,2,direct_equivalent,Has a specific receiving course code and positive credits (default)
Quinsigamond,CIS 228/244/247,SQL Programming + Database Management Concepts + Database Administration,3+3+3,Worcester,,Computer Science Elective,9*,,-,1,partial_or_elective,Receiving course name contains 'elective' AND receiving course code is empty
Quinsigamond,CIS 229,PL/SQL Programming,3,Bridgewater,,Computer Elective,3,,-,1,partial_or_elective,Receiving course name is purely 'Elective' (no specific course match)
Quinsigamond,CIS 229,PL/SQL Programming,3,Fitchburg,,Computer Science Elective,3,,-,1,partial_or_elective,Receiving course name contains 'elective' AND receiving course code is empty
Quinsigamond,CIS 229,PL/SQL Programming,3,Framingham,,Computer Science Elective,3,,-,1,partial_or_elective,Receiving course name contains 'elective' AND receiving course code is empty
Quinsigamond,CIS 229,PL/SQL Programming,3,MCLA,,Computer Science Elective,3,,-,1,partial_or_elective,Receiving course name contains 'elective' AND receiving course code is empty
Quinsigamond,CIS 229,PL/SQL Programming,3,Middlesex,,Computer Science Elective,3,,-,1,partial_or_elective,Receiving course name contains 'elective' AND receiving course code is empty
Quinsigamond,CIS 229,PL/SQL Programming,3,Salem,,Information Technology Elective,3,,-,1,partial_or_elective,Receiving course name contains 'elective' AND receiving course code is empty
Quinsigamond,CIS 229,PL/SQL Programming,3,Springfield Tech,CIT 201/201L#(Replaced: 1/1/2019),Database Systems + Lab: Database Systems,3+1*,,-,1,partial_or_elective,Credits transferred has asterisk (conditional/variable transfer)
Quinsigamond,CIS 229,PL/SQL Programming,3,Springfield Tech,CIT 201/201L,Database Systems and Security + Lab: Database Systems and SecurityCIT 201: Course previously known as: PROG-317.,3+1*,,-,1,partial_or_elective,Credits transferred has asterisk (conditional/variable transfer)
Quinsigamond,CIS 229,PL/SQL Programming,3,UMass Amherst,,major or elective credit,3,,-,1,partial_or_elective,Receiving course name contains 'elective' AND receiving course code is empty
Quinsigamond,CIS 229,PL/SQL Programming,3,UMass Dartmouth,,Free Elective,3,,-,1,partial_or_elective,Receiving course name contains 'free elective' or 'general elective'
Quinsigamond,CIS 229,PL/SQL Programming,3,Worcester,CS 265,Database Applications,3,,-,2,direct_equivalent,Has a specific receiving course code and positive credits (default)
Quinsigamond,CIS 230,Mobile Apps Development,3,Bridgewater,,Transfer Elective,3,,-,1,partial_or_elective,Receiving course name contains 'elective' AND receiving course code is empty
Quinsigamond,CIS 230,Mobile Apps Development,3,Bristol,CIT 136,Web Development for Mobile Devices,3,,-,2,direct_equivalent,Has a specific receiving course code and positive credits (default)
Quinsigamond,CIS 230,Mobile Apps Development,3,Bunker Hill,CIT 131#(Replaced: 9/1/2020),Introduction to Creating Mobile Apps,3,,-,2,direct_equivalent,Has a specific receiving course code and positive credits (default)
Quinsigamond,CIS 230,Mobile Apps Development,3,Bunker Hill,CSC 131,Introduction to Creating Mobile Apps,3,,-,2,direct_equivalent,Has a specific receiving course code and positive credits (default)
Quinsigamond,CIS 230,Mobile Apps Development,3,Fitchburg,,Computer Science Elective,3,,-,1,partial_or_elective,Receiving course name contains 'elective' AND receiving course code is empty
Quinsigamond,CIS 230,Mobile Apps Development,3,Framingham,,Open Elective,3,,-,1,partial_or_elective,Receiving course name contains 'elective' AND receiving course code is empty
Quinsigamond,CIS 230,Mobile Apps Development,3,MCLA,,Free Elective,3,,-,1,partial_or_elective,Receiving course name contains 'free elective' or 'general elective'
Quinsigamond,CIS 230,Mobile Apps Development,3,Middlesex,,Computer Science Elective,3,,-,1,partial_or_elective,Receiving course name contains 'elective' AND receiving course code is empty
Quinsigamond,CIS 230,Mobile Apps Development,3,Mount Wachusett,CIS 118,Introduction to Full Stack DevelopmentThis course is offered in the Spring.,3,,-,2,direct_equivalent,Has a specific receiving course code and positive credits (default)
Quinsigamond,CIS 230,Mobile Apps Development,3,Mount Wachusett,CIS 118#(Replaced: 6/1/2024),Mobile and Web Development,3,,-,2,direct_equivalent,Has a specific receiving course code and positive credits (default)
Quinsigamond,CIS 230,Mobile Apps Development,3,Salem,,Not Transferable,,,-,0,not_transferable,Receiving course name indicates not transferable
Quinsigamond,CIS 230,Mobile Apps Development,3,UMass Amherst,,Not transferable,,,-,0,not_transferable,Receiving course name indicates not transferable
Quinsigamond,CIS 230,Mobile Apps Development,3,Westfield,,Elective,3,,-,1,partial_or_elective,Receiving course name is purely 'Elective' (no specific course match)
Quinsigamond,CIS 230,Mobile Apps Development,3,Worcester,,Computer Science Elective,3,,-,1,partial_or_elective,Receiving course name contains 'elective' AND receiving course code is empty
Quinsigamond,CIS 232,.NET Programming II,3,Bridgewater,,Computer Elective,3,,-,1,partial_or_elective,Receiving course name is purely 'Elective' (no specific course match)
Quinsigamond,CIS 232,.NET Programming II,3,Fitchburg,,Computer Science Elective,3,,-,1,partial_or_elective,Receiving course name contains 'elective' AND receiving course code is empty
Quinsigamond,CIS 232,.NET Programming II,3,Framingham,,Computer Science Elective,3,,-,1,partial_or_elective,Receiving course name contains 'elective' AND receiving course code is empty
Quinsigamond,CIS 232,.NET Programming II,3,MCLA,,Computer Science Elective,3,,-,1,partial_or_elective,Receiving course name contains 'elective' AND receiving course code is empty
Quinsigamond,CIS 232,.NET Programming II,3,Middlesex,,Computer Science Elective,3,,-,1,partial_or_elective,Receiving course name contains 'elective' AND receiving course code is empty
Quinsigamond,CIS 232,.NET Programming II,3,Salem,,Information Technology Elective,3,,-,1,partial_or_elective,Receiving course name contains 'elective' AND receiving course code is empty
Quinsigamond,CIS 232,.NET Programming II,3,UMass Amherst,,major or elective credit,3,,-,1,partial_or_elective,Receiving course name contains 'elective' AND receiving course code is empty
Quinsigamond,CIS 232,.NET Programming II,3,Westfield,,Elective,3,,-,1,partial_or_elective,Receiving course name is purely 'Elective' (no specific course match)
Quinsigamond,CIS 232,.NET Programming II,3,Worcester,CS 286,Database Design and Applications,3,,-,2,direct_equivalent,Has a specific receiving course code and positive credits (default)
Quinsigamond,CIS 241,Systems Analysis and Design,3,Bridgewater,,Computer Elective,3,,-,1,partial_or_elective,Receiving course name is purely 'Elective' (no specific course match)
Quinsigamond,CIS 241,Systems Analysis and Design,3,Bunker Hill,CIT 211,System Analysis and DesignThe department strongly suggests that students complete or take concurrently College Writing I (ENG111). For additional information and/or a course syllabus contact CITDepartment@bhcc.mass.edu.,3,,-,2,direct_equivalent,Has a specific receiving course code and positive credits (default)
Quinsigamond,CIS 241,Systems Analysis and Design,3,Fitchburg,CSC 3710,Systems Analysis Methods,3,,-,2,direct_equivalent,Has a specific receiving course code and positive credits (default)
Quinsigamond,CIS 241,Systems Analysis and Design,3,Framingham,,Computer Science Elective,3,,-,1,partial_or_elective,Receiving course name contains 'elective' AND receiving course code is empty
Quinsigamond,CIS 241,Systems Analysis and Design,3,Holyoke,CSI 214,Systems Analysis and Design,3,,-,2,direct_equivalent,Has a specific receiving course code and positive credits (default)
Quinsigamond,CIS 241,Systems Analysis and Design,3,MassBay,CS 235,Information Systems Analysis and Design,3,,-,2,direct_equivalent,Has a specific receiving course code and positive credits (default)
Quinsigamond,CIS 241,Systems Analysis and Design,3,MCLA,,Computer Science Elective,3,,-,1,partial_or_elective,Receiving course name contains 'elective' AND receiving course code is empty
Quinsigamond,CIS 241,Systems Analysis and Design,3,Middlesex,,Computer Science Elective,3,,-,1,partial_or_elective,Receiving course name contains 'elective' AND receiving course code is empty
Quinsigamond,CIS 241,Systems Analysis and Design,3,Roxbury,IST 220,Systems Analysis and Design,3,,-,2,direct_equivalent,Has a specific receiving course code and positive credits (default)
Quinsigamond,CIS 241,Systems Analysis and Design,3,Salem,MIS 201,Introduction to Information Systems,3,,-,2,direct_equivalent,Has a specific receiving course code and positive credits (default)
Quinsigamond,CIS 241,Systems Analysis and Design,3,UMass Amherst,,major or elective credit,3,,-,1,partial_or_elective,Receiving course name contains 'elective' AND receiving course code is empty
Quinsigamond,CIS 241,Systems Analysis and Design,3,UMass Dartmouth,,Free Elective,3,,-,1,partial_or_elective,Receiving course name contains 'free elective' or 'general elective'
Quinsigamond,CIS 241,Systems Analysis and Design,3,Westfield,CAIS 0346,Systems Analysis and Design,3,,-,2,direct_equivalent,Has a specific receiving course code and positive credits (default)
Quinsigamond,CIS 241,Systems Analysis and Design,3,Worcester,,Computer Science Elective,3,,-,1,partial_or_elective,Receiving course name contains 'elective' AND receiving course code is empty
Quinsigamond,CIS 243,Database Management Application Development,3,Bridgewater,,Computer Elective,3,,-,1,partial_or_elective,Receiving course name is purely 'Elective' (no specific course match)
Quinsigamond,CIS 243,Database Management Application Development,3,Fitchburg,CSC 3011,Data Modeling and Database Design,3,,-,2,direct_equivalent,Has a specific receiving course code and positive credits (default)
Quinsigamond,CIS 243,Database Management Application Development,3,Framingham,,Computer Science Elective,3,,-,1,partial_or_elective,Receiving course name contains 'elective' AND receiving course code is empty
Quinsigamond,CIS 243,Database Management Application Development,3,MCLA,,Computer Science Elective,3,,-,1,partial_or_elective,Receiving course name contains 'elective' AND receiving course code is empty
Quinsigamond,CIS 243,Database Management Application Development,3,Middlesex,,Computer Applications Elective,3,,-,1,partial_or_elective,Receiving course name contains 'elective' AND receiving course code is empty
Quinsigamond,CIS 243,Database Management Application Development,3,Salem,,Not Transferable,,,-,0,not_transferable,Receiving course name indicates not transferable
Quinsigamond,CIS 243,Database Management Application Development,3,UMass Amherst,,major or elective credit,3,,-,1,partial_or_elective,Receiving course name contains 'elective' AND receiving course code is empty
Quinsigamond,CIS 243,Database Management Application Development,3,UMass Dartmouth,,Free Elective,3,,-,1,partial_or_elective,Receiving course name contains 'free elective' or 'general elective'
Quinsigamond,CIS 243,Database Management Application Development,3,Westfield,,Elective,3,,-,1,partial_or_elective,Receiving course name is purely 'Elective' (no specific course match)
Quinsigamond,CIS 243,Database Management Application Development,3,Worcester,,Computer Science Elective,3,,-,1,partial_or_elective,Receiving course name contains 'elective' AND receiving course code is empty
Quinsigamond,CIS 244,Database Management Concepts,3,Bridgewater,,Computer Elective,3,,-,1,partial_or_elective,Receiving course name is purely 'Elective' (no specific course match)
Quinsigamond,CIS 244,Database Management Concepts,3,Fitchburg,CSC 3011,Data Modeling and Database Design,3,,-,2,direct_equivalent,Has a specific receiving course code and positive credits (default)
Quinsigamond,CIS 244,Database Management Concepts,3,Framingham,,Computer Science Elective,3,,-,1,partial_or_elective,Receiving course name contains 'elective' AND receiving course code is empty
Quinsigamond,CIS 244,Database Management Concepts,3,MCLA,,Computer Science Elective,3,,-,1,partial_or_elective,Receiving course name contains 'elective' AND receiving course code is empty
Quinsigamond,CIS 244,Database Management Concepts,3,Middlesex,,Computer Applications Elective,3,,-,1,partial_or_elective,Receiving course name contains 'elective' AND receiving course code is empty
Quinsigamond,CIS 244,Database Management Concepts,3,Salem,,Not Transferable,,,-,0,not_transferable,Receiving course name indicates not transferable
Quinsigamond,CIS 244,Database Management Concepts,3,UMass Amherst,,Not transferable,,,-,0,not_transferable,Receiving course name indicates not transferable
Quinsigamond,CIS 244,Database Management Concepts,3,Westfield,,Elective,3,,-,1,partial_or_elective,Receiving course name is purely 'Elective' (no specific course match)
Quinsigamond,CIS 244,Database Management Concepts,3,Worcester,CS 265,Database Applications,3,,-,2,direct_equivalent,Has a specific receiving course code and positive credits (default)
Quinsigamond,CIS 246,.NET Programming III,3,Bridgewater,,Computer Elective,3,,-,1,partial_or_elective,Receiving course name is purely 'Elective' (no specific course match)
Quinsigamond,CIS 246,.NET Programming III,3,Fitchburg,,Computer Science Elective,3,,-,1,partial_or_elective,Receiving course name contains 'elective' AND receiving course code is empty
Quinsigamond,CIS 246,.NET Programming III,3,Framingham,,Computer Science Elective,3,,-,1,partial_or_elective,Receiving course name contains 'elective' AND receiving course code is empty
Quinsigamond,CIS 246,.NET Programming III,3,MCLA,,Computer Science Elective,3,,-,1,partial_or_elective,Receiving course name contains 'elective' AND receiving course code is empty
Quinsigamond,CIS 246,.NET Programming III,3,Middlesex,,Computer Science Elective,3,,-,1,partial_or_elective,Receiving course name contains 'elective' AND receiving course code is empty
Quinsigamond,CIS 246,.NET Programming III,3,Salem,,Computer Science Elective,3,,-,1,partial_or_elective,Receiving course name contains 'elective' AND receiving course code is empty
Quinsigamond,CIS 246,.NET Programming III,3,UMass Amherst,,major or elective credit,3,,-,1,partial_or_elective,Receiving course name contains 'elective' AND receiving course code is empty
Quinsigamond,CIS 246,.NET Programming III,3,UMass Dartmouth,,Free Elective,3,,-,1,partial_or_elective,Receiving course name contains 'free elective' or 'general elective'
Quinsigamond,CIS 246,.NET Programming III,3,Westfield,,Elective,3,,-,1,partial_or_elective,Receiving course name is purely 'Elective' (no specific course match)
Quinsigamond,CIS 246,.NET Programming III,3,Worcester,,Computer Science Elective,3,,-,1,partial_or_elective,Receiving course name contains 'elective' AND receiving course code is empty
Quinsigamond,CIS 247,Database Administration,3,Bridgewater,,Computer Elective,3,,-,1,partial_or_elective,Receiving course name is purely 'Elective' (no specific course match)
Quinsigamond,CIS 247,Database Administration,3,Bunker Hill,CIT 245,Database AdministrationFor additional information and/or a course syllabus contact CITDeptment@bhcc.mass.edu.,3,,-,2,direct_equivalent,Has a specific receiving course code and positive credits (default)
Quinsigamond,CIS 247,Database Administration,3,Fitchburg,,Computer Science Elective,3,,-,1,partial_or_elective,Receiving course name contains 'elective' AND receiving course code is empty
Quinsigamond,CIS 247,Database Administration,3,Framingham,,Computer Science Elective,3,,-,1,partial_or_elective,Receiving course name contains 'elective' AND receiving course code is empty
Quinsigamond,CIS 247,Database Administration,3,MCLA,,Computer Science Elective,3,,-,1,partial_or_elective,Receiving course name contains 'elective' AND receiving course code is empty
Quinsigamond,CIS 247,Database Administration,3,Middlesex,,Computer Applications Elective,3,,-,1,partial_or_elective,Receiving course name contains 'elective' AND receiving course code is empty
Quinsigamond,CIS 247,Database Administration,3,Salem,,Not Transferable,,,-,0,not_transferable,Receiving course name indicates not transferable
Quinsigamond,CIS 247,Database Administration,3,UMass Amherst,,Not transferable,,,-,0,not_transferable,Receiving course name indicates not transferable
Quinsigamond,CIS 247,Database Administration,3,Westfield,,Elective,3,,-,1,partial_or_elective,Receiving course name is purely 'Elective' (no specific course match)
Quinsigamond,CIS 247,Database Administration,3,Worcester,,Free Elective,3,,-,1,partial_or_elective,Receiving course name contains 'free elective' or 'general elective'
Quinsigamond,CIS 251,Quality Assurance Foundations,1,Fitchburg,,Computer Science Elective,1,,-,1,partial_or_elective,Receiving course name contains 'elective' AND receiving course code is empty
Quinsigamond,CIS 251,Quality Assurance Foundations,1,Middlesex,,Computer Science Elective,1,,-,1,partial_or_elective,Receiving course name contains 'elective' AND receiving course code is empty
Quinsigamond,CIS 251,Quality Assurance Foundations,1,Worcester,,Free Elective,1,,-,1,partial_or_elective,Receiving course name contains 'free elective' or 'general elective'
Quinsigamond,CIS 252,Information Architecture/User Interface Foundations,1,Fitchburg,,Computer Science Elective,1,,-,1,partial_or_elective,Receiving course name contains 'elective' AND receiving course code is empty
Quinsigamond,CIS 252,Information Architecture/User Interface Foundations,1,Middlesex,,Computer Science Elective,1,,-,1,partial_or_elective,Receiving course name contains 'elective' AND receiving course code is empty
Quinsigamond,CIS 252,Information Architecture/User Interface Foundations,1,Worcester,,Free Elective,1,,-,1,partial_or_elective,Receiving course name contains 'free elective' or 'general elective'
Quinsigamond,CIS 253,Security Techniques in Programming,1,Fitchburg,,Computer Science Elective,1,,-,1,partial_or_elective,Receiving course name contains 'elective' AND receiving course code is empty
Quinsigamond,CIS 253,Security Techniques in Programming,1,Middlesex,,Computer Science Elective,1,,-,1,partial_or_elective,Receiving course name contains 'elective' AND receiving course code is empty
Quinsigamond,CIS 253,Security Techniques in Programming,1,Worcester,,Free Elective,1,,-,1,partial_or_elective,Receiving course name contains 'free elective' or 'general elective'
Quinsigamond,CIS 299#(Replaced: 9/1/2024),Computer Information Systems Cooperative Education,3,Bridgewater,,Computer Elective,3-6*,,-,1,partial_or_elective,Receiving course name is purely 'Elective' (no specific course match)
Quinsigamond,CIS 299#(Replaced: 5/16/2016),Computer Information Systems Cooperative Education,3-6,Bridgewater,,Computer Elective,3-6*,,-,1,partial_or_elective,Receiving course name is purely 'Elective' (no specific course match)
Quinsigamond,CIS 299#(Replaced: 9/1/2024),Computer Information Systems Cooperative Education,3,Bunker Hill,CIT 299C,Computer Technology Internship,3,,-,2,direct_equivalent,Has a specific receiving course code and positive credits (default)
Quinsigamond,CIS 299#(Replaced: 5/16/2016),Computer Information Systems Cooperative Education,3-6,Bunker Hill,CIT 299C,Computer Technology Internship,3*,,-,1,partial_or_elective,Credits transferred has asterisk (conditional/variable transfer)
Quinsigamond,CIS 299#(Replaced: 9/1/2024),Computer Information Systems Cooperative Education,3,Bunker Hill,CIT 299N,Networking Internship,3,,-,2,direct_equivalent,Has a specific receiving course code and positive credits (default)
Quinsigamond,CIS 299#(Replaced: 5/16/2016),Computer Information Systems Cooperative Education,3-6,Bunker Hill,CIT 299N,Networking Internship,3*,,-,1,partial_or_elective,Credits transferred has asterisk (conditional/variable transfer)
Quinsigamond,CIS 299#(Replaced: 9/1/2024),Computer Information Systems Cooperative Education,3,Bunker Hill,CMT 299,Web Development Internship,3,,-,2,direct_equivalent,Has a specific receiving course code and positive credits (default)
Quinsigamond,CIS 299#(Replaced: 5/16/2016),Computer Information Systems Cooperative Education,3-6,Bunker Hill,CMT 299,Web Development Internship,3*,,-,1,partial_or_elective,Credits transferred has asterisk (conditional/variable transfer)
Quinsigamond,CIS 299#(Replaced: 9/1/2024),Computer Information Systems Cooperative Education,3,Cape Cod,BIT 221#(Replaced: 9/1/2022)(Disc'd: 3/18/2024),Web Site Development Practicum,3,,-,2,direct_equivalent,Has a specific receiving course code and positive credits (default)
Quinsigamond,CIS 299#(Replaced: 5/16/2016),Computer Information Systems Cooperative Education,3-6,Cape Cod,BIT 221#(Replaced: 9/1/2022)(Disc'd: 3/18/2024),Web Site Development Practicum,3*,,-,1,partial_or_elective,Credits transferred has asterisk (conditional/variable transfer)
Quinsigamond,CIS 299#(Replaced: 9/1/2024),Computer Information Systems Cooperative Education,3,Cape Cod,BIT 261#(Replaced: 9/1/2022),Information Technology Cooperative Work ExperienceMay be repeated once for credit.,3,,-,2,direct_equivalent,Has a specific receiving course code and positive credits (default)
Quinsigamond,CIS 299#(Replaced: 5/16/2016),Computer Information Systems Cooperative Education,3-6,Cape Cod,BIT 261#(Replaced: 9/1/2022),Information Technology Cooperative Work ExperienceMay be repeated once for credit.,3*,,-,1,partial_or_elective,Credits transferred has asterisk (conditional/variable transfer)
Quinsigamond,CIS 299#(Replaced: 9/1/2024),Computer Information Systems Cooperative Education,3,Cape Cod,CIT 221#(Disc'd: 3/18/2024),Web Site Development PracticumFormerly BIT 221.,3,,-,2,direct_equivalent,Has a specific receiving course code and positive credits (default)
Quinsigamond,CIS 299#(Replaced: 5/16/2016),Computer Information Systems Cooperative Education,3-6,Cape Cod,CIT 221#(Disc'd: 3/18/2024),Web Site Development PracticumFormerly BIT 221.,3*,,-,1,partial_or_elective,Credits transferred has asterisk (conditional/variable transfer)
Quinsigamond,CIS 299#(Replaced: 9/1/2024),Computer Information Systems Cooperative Education,3,Cape Cod,CIT 261,Information Technology Cooperative Work ExperienceMay be repeated once for credit.,3,,-,2,direct_equivalent,Has a specific receiving course code and positive credits (default)
Quinsigamond,CIS 299#(Replaced: 5/16/2016),Computer Information Systems Cooperative Education,3-6,Cape Cod,CIT 261,Information Technology Cooperative Work ExperienceMay be repeated once for credit.,3*,,-,1,partial_or_elective,Credits transferred has asterisk (conditional/variable transfer)
Quinsigamond,CIS 299#(Replaced: 9/1/2024),Computer Information Systems Cooperative Education,3,Fitchburg,,Computer Science Elective,3,,-,1,partial_or_elective,Receiving course name contains 'elective' AND receiving course code is empty
Quinsigamond,CIS 299#(Replaced: 5/16/2016),Computer Information Systems Cooperative Education,3-6,Fitchburg,,Computer Science Elective,3*,,-,1,partial_or_elective,Receiving course name contains 'elective' AND receiving course code is empty
Quinsigamond,CIS 299#(Replaced: 9/1/2024),Computer Information Systems Cooperative Education,3,Framingham,,Not Transferable,0,,-,0,not_transferable,Credits transferred is explicitly zero
Quinsigamond,CIS 299#(Replaced: 5/16/2016),Computer Information Systems Cooperative Education,3-6,Framingham,,Not Transferable,0,,-,0,not_transferable,Credits transferred is explicitly zero
Quinsigamond,CIS 299#(Replaced: 9/1/2024),Computer Information Systems Cooperative Education,3,Holyoke,CSI 276,Computer Information Systems Internship,1,,-,2,direct_equivalent,Has a specific receiving course code and positive credits (default)
Quinsigamond,CIS 299#(Replaced: 5/16/2016),Computer Information Systems Cooperative Education,3-6,Holyoke,CSI 276,Computer Information Systems Internship,1*,,-,1,partial_or_elective,Credits transferred has asterisk (conditional/variable transfer)
Quinsigamond,CIS 299#(Replaced: 9/1/2024),Computer Information Systems Cooperative Education,3,Holyoke,CSI 277,Computer Information Systems Internship,2,,-,2,direct_equivalent,Has a specific receiving course code and positive credits (default)
Quinsigamond,CIS 299#(Replaced: 5/16/2016),Computer Information Systems Cooperative Education,3-6,Holyoke,CSI 277,Computer Information Systems Internship,2*,,-,1,partial_or_elective,Credits transferred has asterisk (conditional/variable transfer)
Quinsigamond,CIS 299#(Replaced: 9/1/2024),Computer Information Systems Cooperative Education,3,Holyoke,CSI 278,Computer Information Systems Internship,3,,-,2,direct_equivalent,Has a specific receiving course code and positive credits (default)
Quinsigamond,CIS 299#(Replaced: 5/16/2016),Computer Information Systems Cooperative Education,3-6,Holyoke,CSI 278,Computer Information Systems Internship,3*,,-,1,partial_or_elective,Credits transferred has asterisk (conditional/variable transfer)
Quinsigamond,CIS 299#(Replaced: 9/1/2024),Computer Information Systems Cooperative Education,3,Holyoke,CSI 280#(Disc'd: 1/1/2018),Computer Information Systems Co-operative Education I,3,,-,2,direct_equivalent,Has a specific receiving course code and positive credits (default)
Quinsigamond,CIS 299#(Replaced: 5/16/2016),Computer Information Systems Cooperative Education,3-6,Holyoke,CSI 280#(Disc'd: 1/1/2018),Computer Information Systems Co-operative Education I,3*,,-,1,partial_or_elective,Credits transferred has asterisk (conditional/variable transfer)
Quinsigamond,CIS 299#(Replaced: 9/1/2024),Computer Information Systems Cooperative Education,3,MassBay,CS 280,Computer Science Internship,1,,-,2,direct_equivalent,Has a specific receiving course code and positive credits (default)
Quinsigamond,CIS 299#(Replaced: 5/16/2016),Computer Information Systems Cooperative Education,3-6,MassBay,CS 280,Computer Science Internship,1*,,-,1,partial_or_elective,Credits transferred has asterisk (conditional/variable transfer)
Quinsigamond,CIS 299#(Replaced: 9/1/2024),Computer Information Systems Cooperative Education,3,MCLA,,Computer Science Elective,3-6*,,-,1,partial_or_elective,Receiving course name contains 'elective' AND receiving course code is empty
Quinsigamond,CIS 299#(Replaced: 5/16/2016),Computer Information Systems Cooperative Education,3-6,MCLA,,Computer Science Elective,3-6*,,-,1,partial_or_elective,Receiving course name contains 'elective' AND receiving course code is empty
Quinsigamond,CIS 299#(Replaced: 9/1/2024),Computer Information Systems Cooperative Education,3,Middlesex,,Network Security Elective,3,,-,1,partial_or_elective,Receiving course name contains 'elective' AND receiving course code is empty
Quinsigamond,CIS 299#(Replaced: 5/16/2016),Computer Information Systems Cooperative Education,3-6,Middlesex,,Network Security Elective,3*,,-,1,partial_or_elective,Receiving course name contains 'elective' AND receiving course code is empty
Quinsigamond,CIS 299#(Replaced: 9/1/2024),Computer Information Systems Cooperative Education,3,Middlesex,ITC 290,Information Technology Internship,3,,-,2,direct_equivalent,Has a specific receiving course code and positive credits (default)
Quinsigamond,CIS 299#(Replaced: 5/16/2016),Computer Information Systems Cooperative Education,3-6,Middlesex,ITC 290,Information Technology Internship,3*,,-,1,partial_or_elective,Credits transferred has asterisk (conditional/variable transfer)
Quinsigamond,CIS 299#(Replaced: 9/1/2024),Computer Information Systems Cooperative Education,3,Northern Essex,COP 104,Cooperative Education Computer & Digital Internship,3,,-,2,direct_equivalent,Has a specific receiving course code and positive credits (default)
Quinsigamond,CIS 299#(Replaced: 5/16/2016),Computer Information Systems Cooperative Education,3-6,Northern Essex,COP 104,Cooperative Education Computer & Digital Internship,3*,,-,1,partial_or_elective,Credits transferred has asterisk (conditional/variable transfer)
Quinsigamond,CIS 299#(Replaced: 9/1/2024),Computer Information Systems Cooperative Education,3,Roxbury,IST 298,IST Internship,3,,-,2,direct_equivalent,Has a specific receiving course code and positive credits (default)
Quinsigamond,CIS 299#(Replaced: 5/16/2016),Computer Information Systems Cooperative Education,3-6,Roxbury,IST 298,IST Internship,3*,,-,1,partial_or_elective,Credits transferred has asterisk (conditional/variable transfer)
Quinsigamond,CIS 299#(Replaced: 9/1/2024),Computer Information Systems Cooperative Education,3,Salem,,Not Transferable,0,,-,0,not_transferable,Credits transferred is explicitly zero
Quinsigamond,CIS 299#(Replaced: 5/16/2016),Computer Information Systems Cooperative Education,3-6,Salem,,Not Transferable,0,,-,0,not_transferable,Credits transferred is explicitly zero
Quinsigamond,CIS 299#(Replaced: 9/1/2024),Computer Information Systems Cooperative Education,3,Springfield Tech,CIT 280,Computer Information Tech Internship 1,3-9*,,-,1,partial_or_elective,Credits transferred has asterisk (conditional/variable transfer)
Quinsigamond,CIS 299#(Replaced: 5/16/2016),Computer Information Systems Cooperative Education,3-6,Springfield Tech,CIT 280,Computer Information Tech Internship 1,3-9*,,-,1,partial_or_elective,Credits transferred has asterisk (conditional/variable transfer)
Quinsigamond,CIS 299#(Replaced: 9/1/2024),Computer Information Systems Cooperative Education,3,Springfield Tech,CIT 281,Computer Information Tech Co-Op 1,3-9*,,-,1,partial_or_elective,Credits transferred has asterisk (conditional/variable transfer)
Quinsigamond,CIS 299#(Replaced: 5/16/2016),Computer Information Systems Cooperative Education,3-6,Springfield Tech,CIT 281,Computer Information Tech Co-Op 1,3-9*,,-,1,partial_or_elective,Credits transferred has asterisk (conditional/variable transfer)
Quinsigamond,CIS 299#(Replaced: 9/1/2024),Computer Information Systems Cooperative Education,3,Springfield Tech,CSE 280,Internship and Cooperative Education in CIS I,3-9*,,-,1,partial_or_elective,Credits transferred has asterisk (conditional/variable transfer)
Quinsigamond,CIS 299#(Replaced: 5/16/2016),Computer Information Systems Cooperative Education,3-6,Springfield Tech,CSE 280,Internship and Cooperative Education in CIS I,3-9*,,-,1,partial_or_elective,Credits transferred has asterisk (conditional/variable transfer)
Quinsigamond,CIS 299#(Replaced: 9/1/2024),Computer Information Systems Cooperative Education,3,Springfield Tech,CSE 281,Internship and Cooperative Education in CIS I,3-9*,,-,1,partial_or_elective,Credits transferred has asterisk (conditional/variable transfer)
Quinsigamond,CIS 299#(Replaced: 5/16/2016),Computer Information Systems Cooperative Education,3-6,Springfield Tech,CSE 281,Internship and Cooperative Education in CIS I,3-9*,,-,1,partial_or_elective,Credits transferred has asterisk (conditional/variable transfer)
Quinsigamond,CIS 299#(Replaced: 9/1/2024),Computer Information Systems Cooperative Education,3,Springfield Tech,CSET 197#(Disc'd: ),Computer Maintenance Co-Op,3-9*,,-,1,partial_or_elective,Credits transferred has asterisk (conditional/variable transfer)
Quinsigamond,CIS 299#(Replaced: 5/16/2016),Computer Information Systems Cooperative Education,3-6,Springfield Tech,CSET 197#(Disc'd: ),Computer Maintenance Co-Op,3-9*,,-,1,partial_or_elective,Credits transferred has asterisk (conditional/variable transfer)
Quinsigamond,CIS 299#(Replaced: 9/1/2024),Computer Information Systems Cooperative Education,3,Springfield Tech,CSET 290#(Disc'd: ),Computer Systems Engineering Tech Co-Op,3-9*,,-,1,partial_or_elective,Credits transferred has asterisk (conditional/variable transfer)
Quinsigamond,CIS 299#(Replaced: 5/16/2016),Computer Information Systems Cooperative Education,3-6,Springfield Tech,CSET 290#(Disc'd: ),Computer Systems Engineering Tech Co-Op,3-9*,,-,1,partial_or_elective,Credits transferred has asterisk (conditional/variable transfer)
Quinsigamond,CIS 299#(Replaced: 9/1/2024),Computer Information Systems Cooperative Education,3,Springfield Tech,CSET 297#(Disc'd: ),Computer Maintenance Co-Op,3-9*,,-,1,partial_or_elective,Credits transferred has asterisk (conditional/variable transfer)
Quinsigamond,CIS 299#(Replaced: 5/16/2016),Computer Information Systems Cooperative Education,3-6,Springfield Tech,CSET 297#(Disc'd: ),Computer Maintenance Co-Op,3-9*,,-,1,partial_or_elective,Credits transferred has asterisk (conditional/variable transfer)
Quinsigamond,CIS 299#(Replaced: 9/1/2024),Computer Information Systems Cooperative Education,3,Springfield Tech,CSET 397#(Disc'd: ),Computer Maintenance Co-Op,3-9*,,-,1,partial_or_elective,Credits transferred has asterisk (conditional/variable transfer)
Quinsigamond,CIS 299#(Replaced: 5/16/2016),Computer Information Systems Cooperative Education,3-6,Springfield Tech,CSET 397#(Disc'd: ),Computer Maintenance Co-Op,3-9*,,-,1,partial_or_elective,Credits transferred has asterisk (conditional/variable transfer)
Quinsigamond,CIS 299#(Replaced: 9/1/2024),Computer Information Systems Cooperative Education,3,UMass Amherst,,Not transferable,,,-,0,not_transferable,Receiving course name indicates not transferable
Quinsigamond,CIS 299#(Replaced: 5/16/2016),Computer Information Systems Cooperative Education,3-6,UMass Amherst,,Not transferable,,,-,0,not_transferable,Receiving course name indicates not transferable
Quinsigamond,CIS 299#(Replaced: 9/1/2024),Computer Information Systems Cooperative Education,3,UMass Dartmouth,,Free Elective,3-6*,,-,1,partial_or_elective,Receiving course name contains 'free elective' or 'general elective'
Quinsigamond,CIS 299#(Replaced: 5/16/2016),Computer Information Systems Cooperative Education,3-6,UMass Dartmouth,,Free Elective,3-6*,,-,1,partial_or_elective,Receiving course name contains 'free elective' or 'general elective'
Quinsigamond,CIS 299#(Replaced: 9/1/2024),Computer Information Systems Cooperative Education,3,Westfield,,Elective,3-6*,,-,1,partial_or_elective,Receiving course name is purely 'Elective' (no specific course match)
Quinsigamond,CIS 299#(Replaced: 5/16/2016),Computer Information Systems Cooperative Education,3-6,Westfield,,Elective,3-6*,,-,1,partial_or_elective,Receiving course name is purely 'Elective' (no specific course match)
Quinsigamond,CIS 299#(Replaced: 9/1/2024),Computer Information Systems Cooperative Education,3,Worcester,,Free Elective,3,,-,1,partial_or_elective,Receiving course name contains 'free elective' or 'general elective'
Quinsigamond,CIS 299#(Replaced: 5/16/2016),Computer Information Systems Cooperative Education,3-6,Worcester,,Free Elective,3*,,-,1,partial_or_elective,Receiving course name contains 'free elective' or 'general elective'
Quinsigamond,CIS 299,Cooperative Work Experience,3,Bridgewater,,Computer Elective,3-6*,,-,1,partial_or_elective,Receiving course name is purely 'Elective' (no specific course match)
Quinsigamond,CIS 299,Cooperative Work Experience,3,Bunker Hill,CIT 299C,Computer Technology Internship,3,,-,2,direct_equivalent,Has a specific receiving course code and positive credits (default)
Quinsigamond,CIS 299,Cooperative Work Experience,3,Bunker Hill,CIT 299N,Networking Internship,3,,-,2,direct_equivalent,Has a specific receiving course code and positive credits (default)
Quinsigamond,CIS 299,Cooperative Work Experience,3,Bunker Hill,CMT 299,Web Development Internship,3,,-,2,direct_equivalent,Has a specific receiving course code and positive credits (default)
Quinsigamond,CIS 299,Cooperative Work Experience,3,Cape Cod,BIT 221#(Replaced: 9/1/2022)(Disc'd: 3/18/2024),Web Site Development Practicum,3,,-,2,direct_equivalent,Has a specific receiving course code and positive credits (default)
Quinsigamond,CIS 299,Cooperative Work Experience,3,Cape Cod,BIT 261#(Replaced: 9/1/2022),Information Technology Cooperative Work ExperienceMay be repeated once for credit.,3,,-,2,direct_equivalent,Has a specific receiving course code and positive credits (default)
Quinsigamond,CIS 299,Cooperative Work Experience,3,Cape Cod,CIT 221#(Disc'd: 3/18/2024),Web Site Development PracticumFormerly BIT 221.,3,,-,2,direct_equivalent,Has a specific receiving course code and positive credits (default)
Quinsigamond,CIS 299,Cooperative Work Experience,3,Cape Cod,CIT 261,Information Technology Cooperative Work ExperienceMay be repeated once for credit.,3,,-,2,direct_equivalent,Has a specific receiving course code and positive credits (default)
Quinsigamond,CIS 299,Cooperative Work Experience,3,Fitchburg,,Computer Science Elective,3,,-,1,partial_or_elective,Receiving course name contains 'elective' AND receiving course code is empty
Quinsigamond,CIS 299,Cooperative Work Experience,3,Framingham,,Not Transferable,0,,-,0,not_transferable,Credits transferred is explicitly zero
Quinsigamond,CIS 299,Cooperative Work Experience,3,Holyoke,CSI 276,Computer Information Systems Internship,1,,-,2,direct_equivalent,Has a specific receiving course code and positive credits (default)
Quinsigamond,CIS 299,Cooperative Work Experience,3,Holyoke,CSI 277,Computer Information Systems Internship,2,,-,2,direct_equivalent,Has a specific receiving course code and positive credits (default)
Quinsigamond,CIS 299,Cooperative Work Experience,3,Holyoke,CSI 278,Computer Information Systems Internship,3,,-,2,direct_equivalent,Has a specific receiving course code and positive credits (default)
Quinsigamond,CIS 299,Cooperative Work Experience,3,Holyoke,CSI 280#(Disc'd: 1/1/2018),Computer Information Systems Co-operative Education I,3,,-,2,direct_equivalent,Has a specific receiving course code and positive credits (default)
Quinsigamond,CIS 299,Cooperative Work Experience,3,MassBay,CS 280,Computer Science Internship,1,,-,2,direct_equivalent,Has a specific receiving course code and positive credits (default)
Quinsigamond,CIS 299,Cooperative Work Experience,3,MCLA,,Computer Science Elective,3-6*,,-,1,partial_or_elective,Receiving course name contains 'elective' AND receiving course code is empty
Quinsigamond,CIS 299,Cooperative Work Experience,3,Middlesex,,Network Security Elective,3,,-,1,partial_or_elective,Receiving course name contains 'elective' AND receiving course code is empty
Quinsigamond,CIS 299,Cooperative Work Experience,3,Middlesex,ITC 290,Information Technology Internship,3,,-,2,direct_equivalent,Has a specific receiving course code and positive credits (default)
Quinsigamond,CIS 299,Cooperative Work Experience,3,Northern Essex,COP 104,Cooperative Education Computer & Digital Internship,3,,-,2,direct_equivalent,Has a specific receiving course code and positive credits (default)
Quinsigamond,CIS 299,Cooperative Work Experience,3,Roxbury,IST 298,IST Internship,3,,-,2,direct_equivalent,Has a specific receiving course code and positive credits (default)
Quinsigamond,CIS 299,Cooperative Work Experience,3,Salem,,Not Transferable,0,,-,0,not_transferable,Credits transferred is explicitly zero
Quinsigamond,CIS 299,Cooperative Work Experience,3,Springfield Tech,CIT 280,Computer Information Tech Internship 1,3-9*,,-,1,partial_or_elective,Credits transferred has asterisk (conditional/variable transfer)
Quinsigamond,CIS 299,Cooperative Work Experience,3,Springfield Tech,CIT 281,Computer Information Tech Co-Op 1,3-9*,,-,1,partial_or_elective,Credits transferred has asterisk (conditional/variable transfer)
Quinsigamond,CIS 299,Cooperative Work Experience,3,Springfield Tech,CSE 280,Internship and Cooperative Education in CIS I,3-9*,,-,1,partial_or_elective,Credits transferred has asterisk (conditional/variable transfer)
Quinsigamond,CIS 299,Cooperative Work Experience,3,Springfield Tech,CSE 281,Internship and Cooperative Education in CIS I,3-9*,,-,1,partial_or_elective,Credits transferred has asterisk (conditional/variable transfer)
Quinsigamond,CIS 299,Cooperative Work Experience,3,Springfield Tech,CSET 197#(Disc'd: ),Computer Maintenance Co-Op,3-9*,,-,1,partial_or_elective,Credits transferred has asterisk (conditional/variable transfer)
Quinsigamond,CIS 299,Cooperative Work Experience,3,Springfield Tech,CSET 290#(Disc'd: ),Computer Systems Engineering Tech Co-Op,3-9*,,-,1,partial_or_elective,Credits transferred has asterisk (conditional/variable transfer)
Quinsigamond,CIS 299,Cooperative Work Experience,3,Springfield Tech,CSET 297#(Disc'd: ),Computer Maintenance Co-Op,3-9*,,-,1,partial_or_elective,Credits transferred has asterisk (conditional/variable transfer)
Quinsigamond,CIS 299,Cooperative Work Experience,3,Springfield Tech,CSET 397#(Disc'd: ),Computer Maintenance Co-Op,3-9*,,-,1,partial_or_elective,Credits transferred has asterisk (conditional/variable transfer)
Quinsigamond,CIS 299,Cooperative Work Experience,3,UMass Amherst,,Not transferable,,,-,0,not_transferable,Receiving course name indicates not transferable
Quinsigamond,CIS 299,Cooperative Work Experience,3,UMass Dartmouth,,Free Elective,3-6*,,-,1,partial_or_elective,Receiving course name contains 'free elective' or 'general elective'
Quinsigamond,CIS 299,Cooperative Work Experience,3,Westfield,,Elective,3-6*,,-,1,partial_or_elective,Receiving course name is purely 'Elective' (no specific course match)
Quinsigamond,CIS 299,Cooperative Work Experience,3,Worcester,,Free Elective,3,,-,1,partial_or_elective,Receiving course name contains 'free elective' or 'general elective'
Roxbury,CIS 159#(Replaced: 7/31/2019),Web Graphics,3,Fitchburg,,Communication Media Elective,3,,-,1,partial_or_elective,Receiving course name contains 'elective' AND receiving course code is empty
Roxbury,CIS 159#(Replaced: 7/31/2019),Web Graphics,3,Middlesex,,Information Technology Elective,3,,-,1,partial_or_elective,Receiving course name contains 'elective' AND receiving course code is empty
Roxbury,CIS 159#(Replaced: 7/31/2019),Web Graphics,3,Worcester,,Free Elective,3,,-,1,partial_or_elective,Receiving course name contains 'free elective' or 'general elective'
Roxbury,CIS 205#(Replaced: 7/31/2019),Advanced Database Managment,3,Fitchburg,,Computer Science Elective,3,,-,1,partial_or_elective,Receiving course name contains 'elective' AND receiving course code is empty
Roxbury,CIS 205#(Replaced: 7/31/2019),Advanced Database Managment,3,Middlesex,,Computer Applications Elective,3,,-,1,partial_or_elective,Receiving course name contains 'elective' AND receiving course code is empty
Roxbury,CIS 205#(Replaced: 7/31/2019),Advanced Database Managment,3,Northern Essex,CIS 210,Advanced Database Management,3,,-,2,direct_equivalent,Has a specific receiving course code and positive credits (default)
Roxbury,CIS 205#(Replaced: 7/31/2019),Advanced Database Managment,3,Worcester,,Computer Science Elective,3,,-,1,partial_or_elective,Receiving course name contains 'elective' AND receiving course code is empty
Roxbury,CIS 283#(Replaced: 7/31/2019),Introduction to SQL,3,Bristol,CIS 150,Oracle and SQL,3,,-,2,direct_equivalent,Has a specific receiving course code and positive credits (default)
Roxbury,CIS 283#(Replaced: 7/31/2019),Introduction to SQL,3,Bunker Hill,CIT 236#(Replaced: 9/1/2020),SQL ProgrammingFor additional information and/or a course syllabus contact CITDepartment@bhcc.mass.edu.,3,,-,2,direct_equivalent,Has a specific receiving course code and positive credits (default)
Roxbury,CIS 283#(Replaced: 7/31/2019),Introduction to SQL,3,Bunker Hill,CSC 236,SQL ProgrammingFor additional information and/or a course syllabus contact CITDepartment@bhcc.mass.edu.,3,,-,2,direct_equivalent,Has a specific receiving course code and positive credits (default)
Roxbury,CIS 283#(Replaced: 7/31/2019),Introduction to SQL,3,Fitchburg,,Computer Science Elective,3,,-,1,partial_or_elective,Receiving course name contains 'elective' AND receiving course code is empty
Roxbury,CIS 283#(Replaced: 7/31/2019),Introduction to SQL,3,Middlesex,,Computer Science Elective,3,,-,1,partial_or_elective,Receiving course name contains 'elective' AND receiving course code is empty
Roxbury,CIS 283#(Replaced: 7/31/2019),Introduction to SQL,3,Quinsigamond,CIS 228,SQL Programming,3,,-,2,direct_equivalent,Has a specific receiving course code and positive credits (default)
Roxbury,CIS 283#(Replaced: 7/31/2019),Introduction to SQL,3,Worcester,,Computer Science Elective,3,,-,1,partial_or_elective,Receiving course name contains 'elective' AND receiving course code is empty
Roxbury,IST 231,Introduction to SQL,3,Bristol,CIS 150,Oracle and SQL,3,,-,2,direct_equivalent,Has a specific receiving course code and positive credits (default)
Roxbury,IST 231,Introduction to SQL,3,Bunker Hill,CIT 236#(Replaced: 9/1/2020),SQL ProgrammingFor additional information and/or a course syllabus contact CITDepartment@bhcc.mass.edu.,3,,-,2,direct_equivalent,Has a specific receiving course code and positive credits (default)
Roxbury,IST 231,Introduction to SQL,3,Bunker Hill,CSC 236,SQL ProgrammingFor additional information and/or a course syllabus contact CITDepartment@bhcc.mass.edu.,3,,-,2,direct_equivalent,Has a specific receiving course code and positive credits (default)
Roxbury,IST 231,Introduction to SQL,3,Fitchburg,,Computer Science Elective,3,,-,1,partial_or_elective,Receiving course name contains 'elective' AND receiving course code is empty
Roxbury,IST 231,Introduction to SQL,3,Middlesex,,Computer Science Elective,3,,-,1,partial_or_elective,Receiving course name contains 'elective' AND receiving course code is empty
Roxbury,IST 231,Introduction to SQL,3,Quinsigamond,CIS 228,SQL Programming,3,,-,2,direct_equivalent,Has a specific receiving course code and positive credits (default)
Roxbury,IST 231,Introduction to SQL,3,Worcester,,Computer Science Elective,3,,-,1,partial_or_elective,Receiving course name contains 'elective' AND receiving course code is empty
Roxbury,IST 235,Advanced Database Managment,3,Fitchburg,,Computer Science Elective,3,,-,1,partial_or_elective,Receiving course name contains 'elective' AND receiving course code is empty
Roxbury,IST 235,Advanced Database Managment,3,Middlesex,,Computer Applications Elective,3,,-,1,partial_or_elective,Receiving course name contains 'elective' AND receiving course code is empty
Roxbury,IST 235,Advanced Database Managment,3,Northern Essex,CIS 210,Advanced Database Management,3,,-,2,direct_equivalent,Has a specific receiving course code and positive credits (default)
Roxbury,IST 235,Advanced Database Managment,3,Worcester,,Computer Science Elective,3,,-,1,partial_or_elective,Receiving course name contains 'elective' AND receiving course code is empty
Roxbury,IST 250,Web Graphics,3,Fitchburg,,Communication Media Elective,3,,-,1,partial_or_elective,Receiving course name contains 'elective' AND receiving course code is empty
Roxbury,IST 250,Web Graphics,3,Middlesex,,Information Technology Elective,3,,-,1,partial_or_elective,Receiving course name contains 'elective' AND receiving course code is empty
Roxbury,IST 250,Web Graphics,3,Worcester,,Free Elective,3,,-,1,partial_or_elective,Receiving course name contains 'free elective' or 'general elective'
